ano,mes,data,regiao,uf,cidade,canal_venda,categoria,produto,quantidade,preco_unitario,faturamento,custo,lucro,prazo_entrega,avaliacao_cliente
2015,1,2015-01-01,Norte,AM,Manaus,Marketplace,Beleza,Produto C,29,735.48,21328.8,16038.8,9582.31,10.4,4.53
2015,1,2015-01-01,Norte,PA,Belém,Aplicativo,Esporte,Produto C,22,2185.87,48089.17,32194.92,19360.24,7.8,4.94
2015,1,2015-01-01,Norte,PA,Santarém,Marketplace,Moda,Produto B,19,1069.53,20321.05,12874.67,6702.32,10.8,3.89
2015,1,2015-01-01,Norte,RO,Porto Velho,Marketplace,Livros,Produto B,2,784.33,1568.67,1094.64,630.54,7.8,4.95
2015,1,2015-01-01,Norte,TO,Palmas,Site próprio,Casa,Produto D,19,1618.8,30757.14,18142.05,13160.73,3.9,3.74
2015,1,2015-01-01,Nordeste,BA,Salvador,Aplicativo,Casa,Produto B,14,1873.44,26228.22,19880.22,9151.66,3.8,4.89
2015,1,2015-01-01,Nordeste,BA,Feira de Santana,Aplicativo,Livros,Produto A,25,699.3,17482.44,14038.69,3219.4,6.0,4.25
2015,1,2015-01-01,Nordeste,PE,Recife,Site próprio,Moda,Produto C,3,1814.82,5444.45,4436.66,1013.64,6.7,3.14
2015,1,2015-01-01,Nordeste,PE,Jaboatão dos Guararapes,Aplicativo,Moda,Produto C,22,872.78,19201.06,11184.56,5583.02,2.8,3.67
2015,1,2015-01-01,Nordeste,CE,Fortaleza,Site próprio,Casa,Produto D,13,2416.65,31416.48,22779.16,10591.63,13.3,4.15
2015,1,2015-01-01,Nordeste,CE,Juazeiro do Norte,Marketplace,Eletrônicos,Produto C,28,1618.01,45304.31,28684.15,12276.19,11.1,3.85
2015,1,2015-01-01,Nordeste,MA,São Luís,Site próprio,Livros,Produto C,4,1746.69,6986.76,5206.42,3120.67,13.7,3.94
2015,1,2015-01-01,Nordeste,PB,João Pessoa,Aplicativo,Beleza,Produto D,15,709.85,10647.79,7904.73,3889.36,5.0,3.76
2015,1,2015-01-01,Centro-Oeste,DF,Brasília,Site próprio,Beleza,Produto B,27,394.51,10651.75,8102.99,1936.4,6.4,2.84
2015,1,2015-01-01,Centro-Oeste,GO,Goiânia,Aplicativo,Moda,Produto A,20,1747.8,34955.93,28250.92,6521.02,2.9,3.44
2015,1,2015-01-01,Centro-Oeste,GO,Aparecida de Goiânia,Aplicativo,Casa,Produto A,7,2095.79,14670.53,11754.55,5339.76,4.1,3.76
2015,1,2015-01-01,Centro-Oeste,MT,Cuiabá,Marketplace,Moda,Produto B,17,810.32,13775.37,8477.24,3152.65,7.2,3.66
2015,1,2015-01-01,Centro-Oeste,MS,Campo Grande,Marketplace,Casa,Produto B,18,580.69,10452.51,5981.76,3260.2,13.4,2.94
2015,1,2015-01-01,Sudeste,SP,São Paulo,Aplicativo,Beleza,Produto C,11,225.05,2475.59,1555.3,851.17,9.8,4.11
2015,1,2015-01-01,Sudeste,SP,Campinas,Site próprio,Esporte,Produto A,7,1532.16,10725.1,6300.38,4125.96,11.2,2.92
2015,1,2015-01-01,Sudeste,SP,Ribeirão Preto,Marketplace,Moda,Produto D,27,2393.22,64616.98,48081.89,29014.59,11.0,2.77
2015,1,2015-01-01,Sudeste,RJ,Rio de Janeiro,Marketplace,Moda,Produto D,13,1445.33,18789.35,10589.61,4411.13,7.9,3.77
2015,1,2015-01-01,Sudeste,RJ,Niterói,Marketplace,Casa,Produto C,2,1790.01,3580.02,2862.01,944.2,7.3,2.85
2015,1,2015-01-01,Sudeste,RJ,Nova Iguaçu,Marketplace,Moda,Produto B,7,743.42,5203.93,3194.31,1574.28,6.3,3.58
2015,1,2015-01-01,Sudeste,RJ,Petrópolis,Site próprio,Esporte,Produto C,3,1385.6,4156.81,2312.26,804.79,5.9,2.68
2015,1,2015-01-01,Sudeste,MG,Belo Horizonte,Site próprio,Livros,Produto D,19,1151.69,21882.05,15380.46,9192.6,4.6,3.65
2015,1,2015-01-01,Sudeste,MG,Uberlândia,Site próprio,Esporte,Produto B,27,1876.33,50660.78,33207.03,11746.85,3.0,3.34
2015,1,2015-01-01,Sudeste,MG,Juiz de Fora,Site próprio,Esporte,Produto A,8,541.51,4332.05,3430.26,1375.98,2.0,2.72
2015,1,2015-01-01,Sudeste,ES,Vitória,Marketplace,Moda,Produto D,10,2433.71,24337.14,16459.66,8388.4,10.1,3.61
2015,1,2015-01-01,Sudeste,ES,Vila Velha,Site próprio,Esporte,Produto B,16,1523.54,24376.68,14372.33,8265.34,5.1,3.87
2015,1,2015-01-01,Sudeste,ES,Serra,Marketplace,Eletrônicos,Produto D,25,1207.78,30194.42,23199.47,7226.49,11.3,4.79
2015,1,2015-01-01,Sul,PR,Curitiba,Marketplace,Casa,Produto A,7,2383.0,16681.02,11640.38,6719.94,3.6,2.69
2015,1,2015-01-01,Sul,PR,Londrina,Aplicativo,Moda,Produto D,11,1868.42,20552.58,12123.72,7609.22,5.9,2.94
2015,1,2015-01-01,Sul,SC,Florianópolis,Aplicativo,Livros,Produto C,1,2168.7,2168.7,1743.86,596.94,8.2,3.1
2015,1,2015-01-01,Sul,SC,Joinville,Aplicativo,Livros,Produto B,2,2336.76,4673.53,3764.17,1968.44,9.4,2.53
2015,1,2015-01-01,Sul,RS,Porto Alegre,Site próprio,Livros,Produto D,9,609.97,5489.76,4166.62,2100.07,12.1,4.69
2015,1,2015-01-01,Sul,RS,Caxias do Sul,Site próprio,Livros,Produto A,28,325.57,9115.99,7028.86,2804.28,6.4,3.06
2015,2,2015-02-01,Norte,AM,Manaus,Marketplace,Esporte,Produto B,10,1755.68,17556.81,13322.45,4953.54,5.6,4.4
2015,2,2015-02-01,Norte,PA,Belém,Aplicativo,Esporte,Produto A,24,1368.55,32845.3,23332.08,11037.04,14.4,4.01
2015,2,2015-02-01,Norte,PA,Santarém,Marketplace,Moda,Produto B,25,1739.07,43476.67,26626.71,10028.86,9.5,3.34
2015,2,2015-02-01,Norte,RO,Porto Velho,Site próprio,Livros,Produto D,3,1906.16,5718.47,4291.69,1466.86,11.6,2.98
2015,2,2015-02-01,Norte,TO,Palmas,Aplicativo,Eletrônicos,Produto D,5,461.14,2305.68,1448.59,611.66,15.0,4.81
2015,2,2015-02-01,Nordeste,BA,Salvador,Marketplace,Casa,Produto C,6,309.12,1854.73,1353.56,408.94,2.8,3.91
2015,2,2015-02-01,Nordeste,BA,Feira de Santana,Aplicativo,Eletrônicos,Produto C,8,1378.03,11024.26,6082.27,3983.65,14.8,3.32
2015,2,2015-02-01,Nordeste,PE,Recife,Marketplace,Livros,Produto C,12,2352.41,28228.87,18415.97,10794.33,7.9,4.11
2015,2,2015-02-01,Nordeste,PE,Jaboatão dos Guararapes,Site próprio,Beleza,Produto A,25,803.26,20081.57,12200.83,5656.31,4.0,3.95
2015,2,2015-02-01,Nordeste,CE,Fortaleza,Site próprio,Livros,Produto D,10,2204.15,22041.53,17333.74,6405.05,5.8,4.55
2015,2,2015-02-01,Nordeste,CE,Juazeiro do Norte,Marketplace,Beleza,Produto D,14,723.15,10124.13,6860.25,4542.49,8.3,3.4
2015,2,2015-02-01,Nordeste,MA,São Luís,Aplicativo,Livros,Produto D,13,1255.83,16325.81,11462.59,5944.25,12.4,2.81
2015,2,2015-02-01,Nordeste,PB,João Pessoa,Marketplace,Eletrônicos,Produto C,9,2077.58,18698.2,11094.65,7581.94,7.4,2.81
2015,2,2015-02-01,Centro-Oeste,DF,Brasília,Marketplace,Moda,Produto A,19,1608.28,30557.34,22627.27,10618.15,7.1,4.74
2015,2,2015-02-01,Centro-Oeste,GO,Goiânia,Aplicativo,Eletrônicos,Produto A,3,2435.31,7305.92,4878.03,2629.51,2.3,4.0
2015,2,2015-02-01,Centro-Oeste,GO,Aparecida de Goiânia,Marketplace,Moda,Produto B,28,1646.97,46115.13,33271.14,20480.63,9.5,3.14
2015,2,2015-02-01,Centro-Oeste,MT,Cuiabá,Marketplace,Eletrônicos,Produto A,29,78.93,2288.99,1321.85,584.03,3.7,3.57
2015,2,2015-02-01,Centro-Oeste,MS,Campo Grande,Site próprio,Eletrônicos,Produto C,27,581.1,15689.57,9496.11,4668.3,5.4,3.06
2015,2,2015-02-01,Sudeste,SP,São Paulo,Aplicativo,Casa,Produto D,19,1268.08,24093.54,18766.49,5006.24,3.0,3.35
2015,2,2015-02-01,Sudeste,SP,Campinas,Marketplace,Beleza,Produto D,19,1514.3,28771.7,17261.02,7416.0,14.2,3.84
2015,2,2015-02-01,Sudeste,SP,Ribeirão Preto,Marketplace,Livros,Produto B,25,219.46,5486.5,3484.26,2256.96,5.7,4.85
2015,2,2015-02-01,Sudeste,RJ,Rio de Janeiro,Site próprio,Esporte,Produto B,27,93.68,2529.24,1834.01,634.95,11.5,3.19
2015,2,2015-02-01,Sudeste,RJ,Niterói,Aplicativo,Esporte,Produto B,29,1831.8,53122.22,37959.08,20214.57,11.6,2.71
2015,2,2015-02-01,Sudeste,RJ,Nova Iguaçu,Site próprio,Beleza,Produto D,25,411.79,10294.77,8043.34,3489.27,12.8,4.54
2015,2,2015-02-01,Sudeste,RJ,Petrópolis,Site próprio,Casa,Produto D,6,1007.31,6043.85,3582.18,1481.58,10.3,3.01
2015,2,2015-02-01,Sudeste,MG,Belo Horizonte,Site próprio,Esporte,Produto D,29,1864.06,54057.6,38596.28,23439.28,5.3,3.83
2015,2,2015-02-01,Sudeste,MG,Uberlândia,Site próprio,Eletrônicos,Produto C,21,324.84,6821.64,3964.68,1645.28,12.0,3.42
2015,2,2015-02-01,Sudeste,MG,Juiz de Fora,Aplicativo,Beleza,Produto B,13,1877.87,24412.3,14325.59,7795.39,11.2,4.52
2015,2,2015-02-01,Sudeste,ES,Vitória,Site próprio,Casa,Produto C,27,350.26,9457.05,6538.32,2544.36,4.9,2.52
2015,2,2015-02-01,Sudeste,ES,Vila Velha,Site próprio,Casa,Produto C,11,1349.77,14847.49,9195.36,3127.29,8.2,2.97
2015,2,2015-02-01,Sudeste,ES,Serra,Marketplace,Beleza,Produto A,24,215.08,5161.86,3796.6,1825.03,5.2,4.46
2015,2,2015-02-01,Sul,PR,Curitiba,Site próprio,Beleza,Produto B,11,2041.35,22454.9,13135.85,8660.73,4.5,3.06
2015,2,2015-02-01,Sul,PR,Londrina,Site próprio,Esporte,Produto C,15,1120.2,16803.04,9733.14,4809.04,12.2,4.26
2015,2,2015-02-01,Sul,SC,Florianópolis,Site próprio,Beleza,Produto A,21,824.49,17314.25,9637.64,3999.57,13.7,2.7
2015,2,2015-02-01,Sul,SC,Joinville,Marketplace,Beleza,Produto C,21,1427.75,29982.67,22519.3,10436.03,5.9,3.33
2015,2,2015-02-01,Sul,RS,Porto Alegre,Site próprio,Eletrônicos,Produto C,3,1193.25,3579.74,2724.05,914.5,4.9,3.14
2015,2,2015-02-01,Sul,RS,Caxias do Sul,Aplicativo,Esporte,Produto B,29,2060.97,59768.09,44756.04,11006.67,3.8,3.08
2015,3,2015-03-01,Norte,AM,Manaus,Marketplace,Beleza,Produto A,3,1214.14,3642.41,2400.91,698.76,12.8,3.9
2015,3,2015-03-01,Norte,PA,Belém,Aplicativo,Beleza,Produto B,4,1665.52,6662.08,4318.26,1955.41,13.2,4.9
2015,3,2015-03-01,Norte,PA,Santarém,Site próprio,Beleza,Produto A,27,2340.82,63202.01,48867.66,25499.32,14.3,4.62
2015,3,2015-03-01,Norte,RO,Porto Velho,Site próprio,Casa,Produto C,9,1816.99,16352.95,11328.79,5890.23,11.9,2.71
2015,3,2015-03-01,Norte,TO,Palmas,Site próprio,Casa,Produto A,6,1708.3,10249.81,6561.26,4513.75,3.4,2.87
2015,3,2015-03-01,Nordeste,BA,Salvador,Aplicativo,Beleza,Produto C,18,553.85,9969.35,7352.82,2376.71,3.8,3.67
2015,3,2015-03-01,Nordeste,BA,Feira de Santana,Site próprio,Eletrônicos,Produto B,29,2161.04,62670.29,36623.75,22193.65,4.1,4.86
2015,3,2015-03-01,Nordeste,PE,Recife,Site próprio,Livros,Produto D,15,2133.98,32009.72,20029.29,7347.13,2.5,3.76
2015,3,2015-03-01,Nordeste,PE,Jaboatão dos Guararapes,Marketplace,Livros,Produto B,16,2221.6,35545.54,28827.78,10770.66,11.2,4.16
2015,3,2015-03-01,Nordeste,CE,Fortaleza,Aplicativo,Moda,Produto D,24,1835.67,44056.09,26898.9,11482.29,14.7,3.71
2015,3,2015-03-01,Nordeste,CE,Juazeiro do Norte,Site próprio,Beleza,Produto A,23,1426.31,32805.09,23036.07,12763.71,2.1,3.56
2015,3,2015-03-01,Nordeste,MA,São Luís,Marketplace,Beleza,Produto D,27,1937.55,52313.98,29087.88,16754.79,11.9,3.8
2015,3,2015-03-01,Nordeste,PB,João Pessoa,Site próprio,Livros,Produto B,25,424.84,10620.96,8571.64,3421.24,14.4,2.52
2015,3,2015-03-01,Centro-Oeste,DF,Brasília,Aplicativo,Moda,Produto D,17,1538.77,26159.03,17775.92,7790.9,10.3,4.92
2015,3,2015-03-01,Centro-Oeste,GO,Goiânia,Site próprio,Casa,Produto C,21,1363.04,28623.91,21047.38,5425.01,5.5,3.83
2015,3,2015-03-01,Centro-Oeste,GO,Aparecida de Goiânia,Site próprio,Livros,Produto A,22,1929.87,42457.22,30266.36,16721.55,7.2,2.63
2015,3,2015-03-01,Centro-Oeste,MT,Cuiabá,Aplicativo,Esporte,Produto A,3,1283.92,3851.75,3034.04,863.18,10.1,2.86
2015,3,2015-03-01,Centro-Oeste,MS,Campo Grande,Marketplace,Eletrônicos,Produto B,4,2110.15,8440.61,5553.27,1554.03,8.4,3.25
2015,3,2015-03-01,Sudeste,SP,São Paulo,Marketplace,Beleza,Produto A,10,918.49,9184.94,6530.73,3043.09,3.1,4.43
2015,3,2015-03-01,Sudeste,SP,Campinas,Aplicativo,Eletrônicos,Produto A,28,2083.02,58324.54,41797.17,11699.95,7.5,2.79
2015,3,2015-03-01,Sudeste,SP,Ribeirão Preto,Site próprio,Beleza,Produto D,2,1178.76,2357.52,1693.52,603.82,4.9,4.52
2015,3,2015-03-01,Sudeste,RJ,Rio de Janeiro,Marketplace,Beleza,Produto C,15,1978.13,29671.93,24004.92,9981.97,8.3,3.32
2015,3,2015-03-01,Sudeste,RJ,Niterói,Site próprio,Beleza,Produto A,29,786.76,22816.1,16521.87,5583.43,3.4,2.63
2015,3,2015-03-01,Sudeste,RJ,Nova Iguaçu,Marketplace,Esporte,Produto B,19,1130.69,21483.03,13025.63,4780.87,11.7,4.36
2015,3,2015-03-01,Sudeste,RJ,Petrópolis,Marketplace,Livros,Produto B,29,2032.56,58944.36,41132.73,12556.06,6.0,2.69
2015,3,2015-03-01,Sudeste,MG,Belo Horizonte,Site próprio,Beleza,Produto B,20,1327.53,26550.55,17033.52,9149.34,13.9,3.33
2015,3,2015-03-01,Sudeste,MG,Uberlândia,Marketplace,Esporte,Produto B,6,1348.76,8092.56,6012.47,2409.99,9.6,3.06
2015,3,2015-03-01,Sudeste,MG,Juiz de Fora,Aplicativo,Livros,Produto D,4,2476.46,9905.85,6989.7,2587.18,10.9,4.72
2015,3,2015-03-01,Sudeste,ES,Vitória,Site próprio,Esporte,Produto C,12,829.57,9954.8,6936.71,1941.13,13.0,4.4
2015,3,2015-03-01,Sudeste,ES,Vila Velha,Marketplace,Moda,Produto A,23,2041.43,46952.88,26842.27,19554.59,11.0,3.52
2015,3,2015-03-01,Sudeste,ES,Serra,Aplicativo,Esporte,Produto B,5,962.76,4813.82,2778.87,1044.3,11.2,4.69
2015,3,2015-03-01,Sul,PR,Curitiba,Site próprio,Esporte,Produto C,23,2446.74,56275.1,43715.55,12954.13,4.8,2.97
2015,3,2015-03-01,Sul,PR,Londrina,Aplicativo,Livros,Produto A,7,2053.36,14373.55,8703.5,3484.35,12.8,2.88
2015,3,2015-03-01,Sul,SC,Florianópolis,Marketplace,Esporte,Produto A,2,1196.69,2393.39,1518.23,652.83,7.8,2.91
2015,3,2015-03-01,Sul,SC,Joinville,Site próprio,Esporte,Produto C,19,1062.71,20191.47,12030.27,6083.51,9.5,3.89
2015,3,2015-03-01,Sul,RS,Porto Alegre,Aplicativo,Casa,Produto A,11,491.56,5407.11,4125.1,2177.66,4.8,4.6
2015,3,2015-03-01,Sul,RS,Caxias do Sul,Site próprio,Eletrônicos,Produto A,10,1802.67,18026.68,13412.83,4325.82,6.5,3.84
2015,4,2015-04-01,Norte,AM,Manaus,Site próprio,Casa,Produto D,6,2158.3,12949.81,9574.54,4822.64,5.7,3.02
2015,4,2015-04-01,Norte,PA,Belém,Aplicativo,Eletrônicos,Produto D,21,1568.4,32936.49,24644.6,11455.91,4.4,4.54
2015,4,2015-04-01,Norte,PA,Santarém,Aplicativo,Livros,Produto C,1,1689.12,1689.12,1331.09,466.17,2.5,3.21
2015,4,2015-04-01,Norte,RO,Porto Velho,Marketplace,Esporte,Produto C,12,1575.8,18909.66,14523.88,6806.46,9.5,3.13
2015,4,2015-04-01,Norte,TO,Palmas,Marketplace,Livros,Produto A,17,348.34,5921.83,4351.9,1269.04,3.3,3.66
2015,4,2015-04-01,Nordeste,BA,Salvador,Site próprio,Moda,Produto C,8,2000.06,16000.46,8892.88,3099.41,9.2,4.35
2015,4,2015-04-01,Nordeste,BA,Feira de Santana,Site próprio,Moda,Produto B,5,337.81,1689.06,1296.76,663.52,4.1,3.24
2015,4,2015-04-01,Nordeste,PE,Recife,Aplicativo,Eletrônicos,Produto B,21,1317.77,27673.1,19833.67,5300.7,14.4,3.52
2015,4,2015-04-01,Nordeste,PE,Jaboatão dos Guararapes,Aplicativo,Eletrônicos,Produto A,5,1662.87,8314.34,5248.44,2396.55,5.7,4.76
2015,4,2015-04-01,Nordeste,CE,Fortaleza,Site próprio,Eletrônicos,Produto B,19,1994.96,37904.33,21334.47,8569.22,12.5,4.73
2015,4,2015-04-01,Nordeste,CE,Juazeiro do Norte,Marketplace,Casa,Produto C,29,2473.31,71725.93,45831.6,26491.34,6.3,2.54
2015,4,2015-04-01,Nordeste,MA,São Luís,Marketplace,Livros,Produto C,11,399.0,4389.0,2977.8,1938.75,4.1,4.38
2015,4,2015-04-01,Nordeste,PB,João Pessoa,Aplicativo,Casa,Produto B,21,2302.66,48355.84,37461.44,20114.12,7.4,3.47
2015,4,2015-04-01,Centro-Oeste,DF,Brasília,Site próprio,Esporte,Produto D,25,668.99,16724.79,9513.36,6316.32,6.8,4.64
2015,4,2015-04-01,Centro-Oeste,GO,Goiânia,Marketplace,Moda,Produto D,18,180.52,3249.37,2324.67,1072.5,9.2,3.65
2015,4,2015-04-01,Centro-Oeste,GO,Aparecida de Goiânia,Marketplace,Livros,Produto A,12,656.31,7875.73,6141.02,3192.59,12.2,3.65
2015,4,2015-04-01,Centro-Oeste,MT,Cuiabá,Site próprio,Esporte,Produto C,1,782.33,782.33,515.48,275.42,9.7,4.3
2015,4,2015-04-01,Centro-Oeste,MS,Campo Grande,Site próprio,Moda,Produto D,21,1306.78,27442.42,21872.17,5862.83,7.4,3.64
2015,4,2015-04-01,Sudeste,SP,São Paulo,Site próprio,Livros,Produto D,20,1792.11,35842.17,25829.47,10024.22,6.9,4.3
2015,4,2015-04-01,Sudeste,SP,Campinas,Marketplace,Moda,Produto B,21,2289.98,48089.6,36679.96,12366.16,2.8,4.69
2015,4,2015-04-01,Sudeste,SP,Ribeirão Preto,Marketplace,Beleza,Produto C,20,556.49,11129.7,8742.43,4548.56,10.7,3.17
2015,4,2015-04-01,Sudeste,RJ,Rio de Janeiro,Marketplace,Livros,Produto B,7,659.17,4614.16,2741.25,1829.18,2.5,4.32
2015,4,2015-04-01,Sudeste,RJ,Niterói,Site próprio,Livros,Produto B,1,2356.08,2356.08,1320.01,837.1,7.8,3.4
2015,4,2015-04-01,Sudeste,RJ,Nova Iguaçu,Site próprio,Casa,Produto C,4,991.84,3967.38,3000.35,769.17,13.5,3.81
2015,4,2015-04-01,Sudeste,RJ,Petrópolis,Marketplace,Beleza,Produto A,25,1039.06,25976.58,16143.46,11141.51,5.2,4.49
2015,4,2015-04-01,Sudeste,MG,Belo Horizonte,Marketplace,Moda,Produto C,22,1766.35,38859.7,31583.31,8973.4,11.5,4.66
2015,4,2015-04-01,Sudeste,MG,Uberlândia,Marketplace,Casa,Produto A,26,163.78,4258.29,3303.62,966.86,12.2,4.96
2015,4,2015-04-01,Sudeste,MG,Juiz de Fora,Marketplace,Casa,Produto A,23,1326.97,30520.39,16874.66,6953.85,11.9,4.32
2015,4,2015-04-01,Sudeste,ES,Vitória,Aplicativo,Casa,Produto A,4,215.87,863.49,527.02,277.81,11.2,4.29
2015,4,2015-04-01,Sudeste,ES,Vila Velha,Aplicativo,Esporte,Produto D,27,2180.89,58884.05,42127.03,26278.62,4.7,2.9
2015,4,2015-04-01,Sudeste,ES,Serra,Site próprio,Eletrônicos,Produto C,16,626.32,10021.07,7645.07,4452.29,9.5,3.92
2015,4,2015-04-01,Sul,PR,Curitiba,Aplicativo,Beleza,Produto D,22,1642.56,36136.23,20490.77,13523.22,9.0,3.72
2015,4,2015-04-01,Sul,PR,Londrina,Site próprio,Moda,Produto C,4,1440.01,5760.04,4178.6,1770.4,12.5,4.59
2015,4,2015-04-01,Sul,SC,Florianópolis,Site próprio,Beleza,Produto A,27,1427.95,38554.67,31224.85,12602.24,3.1,4.05
2015,4,2015-04-01,Sul,SC,Joinville,Site próprio,Beleza,Produto D,18,2203.6,39664.72,27885.14,17556.38,10.4,3.25
2015,4,2015-04-01,Sul,RS,Porto Alegre,Site próprio,Casa,Produto A,7,547.47,3832.27,2301.9,1361.16,11.7,3.47
2015,4,2015-04-01,Sul,RS,Caxias do Sul,Site próprio,Casa,Produto D,1,789.31,789.31,559.14,224.39,14.5,3.29
2015,5,2015-05-01,Norte,AM,Manaus,Site próprio,Moda,Produto C,6,2265.65,13593.88,9707.48,4248.86,13.9,3.32
2015,5,2015-05-01,Norte,PA,Belém,Marketplace,Esporte,Produto C,5,2498.4,12492.01,9442.65,2699.65,9.5,2.76
2015,5,2015-05-01,Norte,PA,Santarém,Aplicativo,Beleza,Produto B,24,1048.19,25156.64,18932.8,6574.68,8.6,4.37
2015,5,2015-05-01,Norte,RO,Porto Velho,Marketplace,Moda,Produto B,19,738.95,14040.13,8610.8,4294.23,2.9,4.15
2015,5,2015-05-01,Norte,TO,Palmas,Marketplace,Casa,Produto D,10,1513.96,15139.62,11680.91,2940.1,7.3,4.94
2015,5,2015-05-01,Nordeste,BA,Salvador,Site próprio,Eletrônicos,Produto C,14,687.68,9627.47,5764.34,2981.49,7.9,2.81
2015,5,2015-05-01,Nordeste,BA,Feira de Santana,Marketplace,Casa,Produto B,18,1086.22,19551.96,13590.91,7165.66,13.3,2.71
2015,5,2015-05-01,Nordeste,PE,Recife,Site próprio,Moda,Produto C,27,385.75,10415.24,8430.06,2638.8,10.5,4.53
2015,5,2015-05-01,Nordeste,PE,Jaboatão dos Guararapes,Site próprio,Beleza,Produto B,29,893.06,25898.84,20344.05,8902.88,4.4,4.61
2015,5,2015-05-01,Nordeste,CE,Fortaleza,Site próprio,Esporte,Produto D,27,1491.44,40268.95,23928.57,16072.29,7.5,4.31
2015,5,2015-05-01,Nordeste,CE,Juazeiro do Norte,Aplicativo,Beleza,Produto A,23,779.19,17921.29,10682.03,7939.91,5.6,2.71
2015,5,2015-05-01,Nordeste,MA,São Luís,Marketplace,Esporte,Produto B,8,1551.39,12411.12,8271.36,2708.11,5.8,2.6
2015,5,2015-05-01,Nordeste,PB,João Pessoa,Aplicativo,Esporte,Produto B,1,610.71,610.71,406.26,241.36,6.9,3.2
2015,5,2015-05-01,Centro-Oeste,DF,Brasília,Aplicativo,Beleza,Produto A,8,974.18,7793.41,5676.55,2485.32,14.5,3.15
2015,5,2015-05-01,Centro-Oeste,GO,Goiânia,Aplicativo,Casa,Produto A,5,1764.22,8821.11,6316.51,2033.08,14.7,2.72
2015,5,2015-05-01,Centro-Oeste,GO,Aparecida de Goiânia,Marketplace,Esporte,Produto C,26,55.09,1432.22,944.69,626.73,5.1,4.73
2015,5,2015-05-01,Centro-Oeste,MT,Cuiabá,Marketplace,Esporte,Produto B,4,796.09,3184.37,2599.28,635.75,11.1,3.58
2015,5,2015-05-01,Centro-Oeste,MS,Campo Grande,Site próprio,Livros,Produto C,11,1253.64,13790.0,9664.57,3499.95,4.7,3.19
2015,5,2015-05-01,Sudeste,SP,São Paulo,Marketplace,Beleza,Produto B,27,2317.28,62566.51,36166.09,12785.62,11.8,4.25
2015,5,2015-05-01,Sudeste,SP,Campinas,Site próprio,Esporte,Produto A,10,1434.19,14341.95,9649.7,5404.75,11.8,4.86
2015,5,2015-05-01,Sudeste,SP,Ribeirão Preto,Aplicativo,Eletrônicos,Produto D,29,1591.59,46156.0,37399.3,9580.2,6.6,4.2
2015,5,2015-05-01,Sudeste,RJ,Rio de Janeiro,Site próprio,Beleza,Produto B,8,460.76,3686.06,2573.15,677.97,5.3,3.49
2015,5,2015-05-01,Sudeste,RJ,Niterói,Site próprio,Moda,Produto D,9,2201.3,19811.66,15034.82,6340.21,3.4,4.3
2015,5,2015-05-01,Sudeste,RJ,Nova Iguaçu,Marketplace,Eletrônicos,Produto A,13,851.59,11070.67,7432.28,2654.15,3.2,2.7
2015,5,2015-05-01,Sudeste,RJ,Petrópolis,Aplicativo,Eletrônicos,Produto B,9,538.87,4849.87,3651.55,1933.47,8.4,3.31
2015,5,2015-05-01,Sudeste,MG,Belo Horizonte,Marketplace,Esporte,Produto D,29,2181.68,63268.77,42159.23,21682.64,14.0,3.97
2015,5,2015-05-01,Sudeste,MG,Uberlândia,Site próprio,Eletrônicos,Produto C,11,746.3,8209.33,5263.83,1878.56,8.0,3.59
2015,5,2015-05-01,Sudeste,MG,Juiz de Fora,Aplicativo,Livros,Produto A,17,307.06,5220.09,4061.1,2233.36,4.3,4.85
2015,5,2015-05-01,Sudeste,ES,Vitória,Site próprio,Casa,Produto D,19,1374.02,26106.33,19897.0,7020.63,14.0,4.11
2015,5,2015-05-01,Sudeste,ES,Vila Velha,Aplicativo,Livros,Produto B,21,324.66,6817.87,4966.34,1723.78,9.1,3.54
2015,5,2015-05-01,Sudeste,ES,Serra,Site próprio,Moda,Produto D,1,2490.75,2490.75,2012.86,540.28,5.4,3.86
2015,5,2015-05-01,Sul,PR,Curitiba,Site próprio,Beleza,Produto D,18,218.26,3928.76,2441.27,855.74,4.5,3.7
2015,5,2015-05-01,Sul,PR,Londrina,Aplicativo,Moda,Produto A,20,202.1,4042.07,3278.44,766.2,11.4,4.67
2015,5,2015-05-01,Sul,SC,Florianópolis,Aplicativo,Beleza,Produto C,11,65.78,723.58,434.85,310.6,13.0,4.79
2015,5,2015-05-01,Sul,SC,Joinville,Marketplace,Beleza,Produto A,2,2197.57,4395.14,3081.33,1939.56,6.4,3.42
2015,5,2015-05-01,Sul,RS,Porto Alegre,Marketplace,Esporte,Produto C,22,1057.11,23256.44,18659.65,8093.08,11.1,4.52
2015,5,2015-05-01,Sul,RS,Caxias do Sul,Site próprio,Esporte,Produto D,8,1809.39,14475.11,9288.77,6101.51,11.6,2.68
2015,6,2015-06-01,Norte,AM,Manaus,Site próprio,Esporte,Produto B,3,1718.33,5154.99,3542.21,1661.22,12.9,2.77
2015,6,2015-06-01,Norte,PA,Belém,Site próprio,Beleza,Produto D,7,2193.87,15357.08,9944.04,5774.05,2.5,4.14
2015,6,2015-06-01,Norte,PA,Santarém,Aplicativo,Beleza,Produto B,19,2074.61,39417.62,31229.91,10502.01,4.5,3.83
2015,6,2015-06-01,Norte,RO,Porto Velho,Marketplace,Beleza,Produto D,9,948.84,8539.53,5865.35,3762.89,14.2,4.34
2015,6,2015-06-01,Norte,TO,Palmas,Marketplace,Moda,Produto D,25,2006.5,50162.47,30410.27,14244.57,11.2,2.7
2015,6,2015-06-01,Nordeste,BA,Salvador,Site próprio,Esporte,Produto D,2,1330.19,2660.38,2135.22,589.15,4.5,3.81
2015,6,2015-06-01,Nordeste,BA,Feira de Santana,Marketplace,Moda,Produto C,2,1242.94,2485.88,1780.62,579.7,9.3,3.4
2015,6,2015-06-01,Nordeste,PE,Recife,Aplicativo,Eletrônicos,Produto B,3,640.24,1920.72,1200.92,538.58,4.2,4.85
2015,6,2015-06-01,Nordeste,PE,Jaboatão dos Guararapes,Marketplace,Livros,Produto A,12,182.83,2193.97,1762.4,806.9,12.7,4.37
2015,6,2015-06-01,Nordeste,CE,Fortaleza,Site próprio,Eletrônicos,Produto D,26,1751.99,45551.64,29275.22,20187.77,3.1,2.87
2015,6,2015-06-01,Nordeste,CE,Juazeiro do Norte,Site próprio,Eletrônicos,Produto C,8,1474.41,11795.31,7364.33,3971.49,14.6,3.87
2015,6,2015-06-01,Nordeste,MA,São Luís,Site próprio,Moda,Produto D,6,1661.28,9967.67,7366.7,1894.95,7.9,2.72
2015,6,2015-06-01,Nordeste,PB,João Pessoa,Aplicativo,Esporte,Produto C,28,1975.74,55320.73,30537.51,24814.55,6.6,2.79
2015,6,2015-06-01,Centro-Oeste,DF,Brasília,Aplicativo,Moda,Produto C,12,1135.3,13623.55,9952.18,4675.68,11.8,2.68
2015,6,2015-06-01,Centro-Oeste,GO,Goiânia,Aplicativo,Beleza,Produto B,28,1617.62,45293.37,36187.7,10315.23,5.5,3.33
2015,6,2015-06-01,Centro-Oeste,GO,Aparecida de Goiânia,Marketplace,Livros,Produto C,4,498.27,1993.08,1204.17,517.22,7.6,4.38
2015,6,2015-06-01,Centro-Oeste,MT,Cuiabá,Aplicativo,Moda,Produto B,15,658.1,9871.48,6922.34,2429.45,6.2,4.34
2015,6,2015-06-01,Centro-Oeste,MS,Campo Grande,Site próprio,Beleza,Produto C,24,750.32,18007.65,13476.6,5293.49,7.5,3.99
2015,6,2015-06-01,Sudeste,SP,São Paulo,Aplicativo,Eletrônicos,Produto A,10,268.13,2681.31,1701.96,678.83,2.3,2.51
2015,6,2015-06-01,Sudeste,SP,Campinas,Aplicativo,Esporte,Produto A,19,1398.45,26570.61,19264.34,11423.44,7.8,3.82
2015,6,2015-06-01,Sudeste,SP,Ribeirão Preto,Aplicativo,Moda,Produto A,14,642.57,8996.02,4958.91,3633.75,8.6,2.9
2015,6,2015-06-01,Sudeste,RJ,Rio de Janeiro,Site próprio,Beleza,Produto B,23,594.73,13678.89,8992.3,5759.5,5.3,4.94
2015,6,2015-06-01,Sudeste,RJ,Niterói,Marketplace,Esporte,Produto B,10,74.59,745.94,591.54,198.89,13.1,3.96
2015,6,2015-06-01,Sudeste,RJ,Nova Iguaçu,Site próprio,Moda,Produto A,28,2025.14,56703.95,42482.35,17206.73,10.2,4.93
2015,6,2015-06-01,Sudeste,RJ,Petrópolis,Site próprio,Livros,Produto D,10,1239.78,12397.83,9278.63,2266.13,12.3,4.61
2015,6,2015-06-01,Sudeste,MG,Belo Horizonte,Marketplace,Casa,Produto B,6,1096.92,6581.49,4192.05,1265.93,3.5,3.88
2015,6,2015-06-01,Sudeste,MG,Uberlândia,Marketplace,Casa,Produto B,20,1263.42,25268.48,20197.36,4773.26,5.5,3.93
2015,6,2015-06-01,Sudeste,MG,Juiz de Fora,Aplicativo,Livros,Produto D,4,2152.9,8611.61,5647.38,2057.15,3.1,3.55
2015,6,2015-06-01,Sudeste,ES,Vitória,Site próprio,Esporte,Produto C,17,381.19,6480.23,4516.8,1533.75,3.6,4.08
2015,6,2015-06-01,Sudeste,ES,Vila Velha,Site próprio,Beleza,Produto D,12,1006.42,12077.1,6875.71,4789.01,6.3,4.7
2015,6,2015-06-01,Sudeste,ES,Serra,Site próprio,Eletrônicos,Produto B,6,1124.17,6745.04,4283.27,1960.91,13.1,4.35
2015,6,2015-06-01,Sul,PR,Curitiba,Site próprio,Esporte,Produto D,3,1103.64,3310.92,1874.15,1100.47,10.0,4.64
2015,6,2015-06-01,Sul,PR,Londrina,Aplicativo,Livros,Produto A,5,1383.29,6916.44,5500.85,1567.19,13.0,3.92
2015,6,2015-06-01,Sul,SC,Florianópolis,Aplicativo,Moda,Produto D,25,452.65,11316.15,7144.03,4459.1,10.2,4.04
2015,6,2015-06-01,Sul,SC,Joinville,Site próprio,Casa,Produto C,13,342.41,4451.3,3611.75,1555.47,7.9,4.12
2015,6,2015-06-01,Sul,RS,Porto Alegre,Site próprio,Eletrônicos,Produto D,25,1214.47,30361.71,20350.73,5930.13,8.9,3.9
2015,6,2015-06-01,Sul,RS,Caxias do Sul,Aplicativo,Eletrônicos,Produto B,4,1668.4,6673.6,5103.33,2300.29,14.6,4.51
2015,7,2015-07-01,Norte,AM,Manaus,Aplicativo,Eletrônicos,Produto C,10,2352.49,23524.89,18780.2,5436.07,4.1,3.32
2015,7,2015-07-01,Norte,PA,Belém,Aplicativo,Moda,Produto B,17,1368.2,23259.32,14102.63,6705.57,12.2,4.66
2015,7,2015-07-01,Norte,PA,Santarém,Marketplace,Livros,Produto D,15,229.96,3449.35,2720.87,638.03,14.1,3.6
2015,7,2015-07-01,Norte,RO,Porto Velho,Site próprio,Casa,Produto D,15,595.42,8931.26,6510.37,2549.31,4.7,4.67
2015,7,2015-07-01,Norte,TO,Palmas,Marketplace,Casa,Produto A,18,830.08,14941.37,11737.37,4861.75,11.3,4.6
2015,7,2015-07-01,Nordeste,BA,Salvador,Site próprio,Casa,Produto A,25,1250.79,31269.72,25151.43,8735.11,14.7,3.82
2015,7,2015-07-01,Nordeste,BA,Feira de Santana,Marketplace,Eletrônicos,Produto D,14,1341.65,18783.08,11519.38,3469.61,6.4,2.56
2015,7,2015-07-01,Nordeste,PE,Recife,Marketplace,Esporte,Produto C,6,643.12,3858.74,3115.62,841.72,14.4,3.05
2015,7,2015-07-01,Nordeste,PE,Jaboatão dos Guararapes,Site próprio,Eletrônicos,Produto D,4,893.08,3572.31,2866.7,720.2,5.8,3.68
2015,7,2015-07-01,Nordeste,CE,Fortaleza,Marketplace,Esporte,Produto B,20,1229.95,24598.94,14427.35,6029.92,9.0,3.5
2015,7,2015-07-01,Nordeste,CE,Juazeiro do Norte,Marketplace,Moda,Produto B,25,2253.48,56336.91,34505.47,10327.98,14.8,2.67
2015,7,2015-07-01,Nordeste,MA,São Luís,Marketplace,Esporte,Produto B,12,1451.95,17423.34,10817.34,3909.37,14.6,3.65
2015,7,2015-07-01,Nordeste,PB,João Pessoa,Aplicativo,Casa,Produto B,24,973.4,23361.52,14720.16,6821.36,6.8,3.68
2015,7,2015-07-01,Centro-Oeste,DF,Brasília,Marketplace,Livros,Produto D,20,284.1,5682.0,4569.77,1174.37,4.9,2.85
2015,7,2015-07-01,Centro-Oeste,GO,Goiânia,Aplicativo,Livros,Produto C,18,420.96,7577.21,5571.97,3352.62,10.5,4.31
2015,7,2015-07-01,Centro-Oeste,GO,Aparecida de Goiânia,Site próprio,Moda,Produto B,8,2480.46,19843.66,16219.64,7899.89,4.2,4.22
2015,7,2015-07-01,Centro-Oeste,MT,Cuiabá,Site próprio,Livros,Produto B,8,1918.11,15344.91,12038.17,6075.23,12.6,4.9
2015,7,2015-07-01,Centro-Oeste,MS,Campo Grande,Aplicativo,Moda,Produto B,4,484.4,1937.59,1557.09,621.13,7.5,4.9
2015,7,2015-07-01,Sudeste,SP,São Paulo,Aplicativo,Esporte,Produto D,28,1889.69,52911.42,37788.89,17413.69,14.4,3.85
2015,7,2015-07-01,Sudeste,SP,Campinas,Aplicativo,Esporte,Produto A,25,814.37,20359.17,11573.5,5296.65,3.8,3.46
2015,7,2015-07-01,Sudeste,SP,Ribeirão Preto,Site próprio,Casa,Produto B,16,2379.18,38066.86,21020.49,9537.62,7.9,4.66
2015,7,2015-07-01,Sudeste,RJ,Rio de Janeiro,Aplicativo,Livros,Produto C,28,925.44,25912.45,19274.55,5010.67,5.7,2.89
2015,7,2015-07-01,Sudeste,RJ,Niterói,Aplicativo,Casa,Produto A,20,1228.43,24568.51,18612.87,8539.98,10.9,4.73
2015,7,2015-07-01,Sudeste,RJ,Nova Iguaçu,Marketplace,Livros,Produto D,26,1298.39,33758.21,18836.82,12878.14,6.6,3.16
2015,7,2015-07-01,Sudeste,RJ,Petrópolis,Aplicativo,Casa,Produto B,8,1858.27,14866.18,10179.37,2702.97,4.0,3.19
2015,7,2015-07-01,Sudeste,MG,Belo Horizonte,Marketplace,Esporte,Produto C,18,2070.76,37273.72,23485.71,13603.44,2.7,4.47
2015,7,2015-07-01,Sudeste,MG,Uberlândia,Marketplace,Eletrônicos,Produto B,7,1235.8,8650.63,6500.88,3106.46,14.6,3.5
2015,7,2015-07-01,Sudeste,MG,Juiz de Fora,Aplicativo,Livros,Produto D,18,247.87,4461.75,3545.5,1488.91,13.6,4.69
2015,7,2015-07-01,Sudeste,ES,Vitória,Aplicativo,Moda,Produto A,5,489.64,2448.18,1606.26,633.8,4.7,4.86
2015,7,2015-07-01,Sudeste,ES,Vila Velha,Site próprio,Livros,Produto C,8,781.01,6248.07,4784.44,2287.92,6.9,2.54
2015,7,2015-07-01,Sudeste,ES,Serra,Aplicativo,Esporte,Produto D,5,358.99,1794.93,1134.35,601.87,12.5,2.54
2015,7,2015-07-01,Sul,PR,Curitiba,Aplicativo,Beleza,Produto C,10,552.36,5523.59,4185.84,1166.15,3.4,3.5
2015,7,2015-07-01,Sul,PR,Londrina,Marketplace,Eletrônicos,Produto B,20,2002.32,40046.44,24306.76,12934.11,11.0,3.66
2015,7,2015-07-01,Sul,SC,Florianópolis,Marketplace,Esporte,Produto B,25,2017.84,50446.05,29533.38,18881.9,13.8,4.64
2015,7,2015-07-01,Sul,SC,Joinville,Aplicativo,Moda,Produto B,23,1261.07,29004.63,18470.8,6281.97,8.2,2.7
2015,7,2015-07-01,Sul,RS,Porto Alegre,Site próprio,Casa,Produto B,13,774.49,10068.39,7838.9,2350.71,4.2,3.05
2015,7,2015-07-01,Sul,RS,Caxias do Sul,Site próprio,Livros,Produto B,5,851.5,4257.51,2878.95,1321.88,3.6,3.09
2015,8,2015-08-01,Norte,AM,Manaus,Site próprio,Casa,Produto D,10,1059.27,10592.68,6677.98,4587.45,3.7,4.83
2015,8,2015-08-01,Norte,PA,Belém,Marketplace,Beleza,Produto A,10,2372.5,23724.99,17101.02,9713.96,6.6,4.46
2015,8,2015-08-01,Norte,PA,Santarém,Aplicativo,Casa,Produto D,29,324.25,9403.29,5191.66,1820.33,4.6,4.95
2015,8,2015-08-01,Norte,RO,Porto Velho,Site próprio,Eletrônicos,Produto C,18,1505.47,27098.4,15566.21,5772.82,8.8,3.2
2015,8,2015-08-01,Norte,TO,Palmas,Marketplace,Moda,Produto C,9,488.7,4398.27,3267.55,1564.39,11.5,3.05
2015,8,2015-08-01,Nordeste,BA,Salvador,Marketplace,Beleza,Produto B,6,758.81,4552.88,3133.6,862.02,13.4,4.08
2015,8,2015-08-01,Nordeste,BA,Feira de Santana,Marketplace,Eletrônicos,Produto A,28,1911.67,53526.86,29880.59,13128.91,2.7,3.65
2015,8,2015-08-01,Nordeste,PE,Recife,Marketplace,Beleza,Produto C,4,788.75,3155.0,1963.4,1030.32,6.5,4.06
2015,8,2015-08-01,Nordeste,PE,Jaboatão dos Guararapes,Marketplace,Eletrônicos,Produto C,9,706.83,6361.51,4427.1,2356.42,6.8,2.95
2015,8,2015-08-01,Nordeste,CE,Fortaleza,Site próprio,Beleza,Produto A,16,2025.04,32400.7,26321.06,6406.53,14.3,4.59
2015,8,2015-08-01,Nordeste,CE,Juazeiro do Norte,Site próprio,Eletrônicos,Produto B,27,872.91,23568.5,19235.72,7621.9,12.7,3.95
2015,8,2015-08-01,Nordeste,MA,São Luís,Marketplace,Eletrônicos,Produto B,16,2466.01,39456.12,23721.8,11240.16,9.5,3.37
2015,8,2015-08-01,Nordeste,PB,João Pessoa,Site próprio,Eletrônicos,Produto B,29,495.8,14378.18,10152.75,4490.38,12.2,4.74
2015,8,2015-08-01,Centro-Oeste,DF,Brasília,Marketplace,Esporte,Produto B,8,126.3,1010.42,756.6,292.69,6.4,2.68
2015,8,2015-08-01,Centro-Oeste,GO,Goiânia,Marketplace,Beleza,Produto D,23,957.05,22012.18,15099.77,9739.12,6.6,4.93
2015,8,2015-08-01,Centro-Oeste,GO,Aparecida de Goiânia,Site próprio,Moda,Produto C,11,678.23,7460.48,4370.95,1640.48,13.5,3.65
2015,8,2015-08-01,Centro-Oeste,MT,Cuiabá,Marketplace,Moda,Produto B,12,1517.51,18210.11,14020.31,7888.27,2.3,2.54
2015,8,2015-08-01,Centro-Oeste,MS,Campo Grande,Site próprio,Moda,Produto A,5,956.19,4780.96,2960.79,1735.01,4.5,4.64
2015,8,2015-08-01,Sudeste,SP,São Paulo,Marketplace,Esporte,Produto B,25,265.84,6646.0,5335.81,1238.54,13.9,3.07
2015,8,2015-08-01,Sudeste,SP,Campinas,Aplicativo,Eletrônicos,Produto D,28,262.29,7344.2,5398.35,1902.59,6.2,3.43
2015,8,2015-08-01,Sudeste,SP,Ribeirão Preto,Marketplace,Livros,Produto C,3,2230.99,6692.98,4848.49,1451.2,3.8,4.23
2015,8,2015-08-01,Sudeste,RJ,Rio de Janeiro,Site próprio,Casa,Produto C,17,2043.7,34742.93,22687.37,6551.93,7.3,4.4
2015,8,2015-08-01,Sudeste,RJ,Niterói,Aplicativo,Beleza,Produto D,19,1666.17,31657.16,19793.68,11984.46,10.4,2.58
2015,8,2015-08-01,Sudeste,RJ,Nova Iguaçu,Marketplace,Livros,Produto A,3,553.03,1659.09,1105.9,519.77,5.3,2.74
2015,8,2015-08-01,Sudeste,RJ,Petrópolis,Marketplace,Livros,Produto A,1,1600.84,1600.84,1236.86,336.84,5.0,3.27
2015,8,2015-08-01,Sudeste,MG,Belo Horizonte,Marketplace,Esporte,Produto A,29,2343.06,67948.7,54317.86,30350.58,3.0,2.71
2015,8,2015-08-01,Sudeste,MG,Uberlândia,Site próprio,Moda,Produto D,20,1047.79,20955.86,13965.14,8024.78,14.4,3.08
2015,8,2015-08-01,Sudeste,MG,Juiz de Fora,Site próprio,Eletrônicos,Produto A,22,324.05,7129.1,5544.97,1832.69,8.7,3.51
2015,8,2015-08-01,Sudeste,ES,Vitória,Aplicativo,Beleza,Produto B,14,1874.94,26249.2,19732.23,9301.6,4.8,4.87
2015,8,2015-08-01,Sudeste,ES,Vila Velha,Aplicativo,Moda,Produto C,1,944.51,944.51,652.9,343.13,13.1,4.9
2015,8,2015-08-01,Sudeste,ES,Serra,Marketplace,Livros,Produto B,10,2274.0,22740.02,13900.93,6609.26,3.2,4.7
2015,8,2015-08-01,Sul,PR,Curitiba,Marketplace,Casa,Produto A,2,286.39,572.78,330.43,189.26,4.4,3.05
2015,8,2015-08-01,Sul,PR,Londrina,Site próprio,Livros,Produto D,3,1460.43,4381.3,2941.05,1025.35,2.3,4.21
2015,8,2015-08-01,Sul,SC,Florianópolis,Marketplace,Eletrônicos,Produto D,10,2272.64,22726.43,13906.36,7513.39,10.6,4.72
2015,8,2015-08-01,Sul,SC,Joinville,Site próprio,Moda,Produto C,2,1468.48,2936.95,2176.24,909.08,12.3,2.66
2015,8,2015-08-01,Sul,RS,Porto Alegre,Aplicativo,Livros,Produto A,24,314.38,7545.08,5772.59,1726.68,13.4,4.73
2015,8,2015-08-01,Sul,RS,Caxias do Sul,Site próprio,Esporte,Produto A,25,1576.06,39401.5,30717.55,13774.24,13.5,3.1
2015,9,2015-09-01,Norte,AM,Manaus,Marketplace,Esporte,Produto C,25,1658.85,41471.36,29394.7,15016.03,4.1,4.96
2015,9,2015-09-01,Norte,PA,Belém,Marketplace,Esporte,Produto B,10,181.36,1813.56,1381.89,379.01,4.7,3.14
2015,9,2015-09-01,Norte,PA,Santarém,Site próprio,Livros,Produto C,16,473.38,7574.14,5658.95,2724.9,11.6,4.64
2015,9,2015-09-01,Norte,RO,Porto Velho,Aplicativo,Livros,Produto A,16,703.44,11254.96,7364.05,3526.97,12.1,4.4
2015,9,2015-09-01,Norte,TO,Palmas,Site próprio,Eletrônicos,Produto C,9,1110.18,9991.6,7228.6,3712.0,12.9,4.08
2015,9,2015-09-01,Nordeste,BA,Salvador,Aplicativo,Casa,Produto A,17,1761.12,29938.97,19546.0,9114.83,7.0,2.64
2015,9,2015-09-01,Nordeste,BA,Feira de Santana,Aplicativo,Livros,Produto D,24,1624.25,38981.88,30347.78,8301.99,6.8,2.7
2015,9,2015-09-01,Nordeste,PE,Recife,Site próprio,Casa,Produto B,6,904.29,5425.77,3818.54,2362.32,12.5,2.73
2015,9,2015-09-01,Nordeste,PE,Jaboatão dos Guararapes,Aplicativo,Eletrônicos,Produto B,23,1630.62,37504.24,28335.29,10853.18,6.4,3.48
2015,9,2015-09-01,Nordeste,CE,Fortaleza,Aplicativo,Casa,Produto B,20,1245.3,24906.01,17874.98,6002.65,12.4,3.61
2015,9,2015-09-01,Nordeste,CE,Juazeiro do Norte,Marketplace,Livros,Produto C,4,1946.6,7786.4,5245.82,3273.31,10.6,3.15
2015,9,2015-09-01,Nordeste,MA,São Luís,Site próprio,Eletrônicos,Produto B,22,1178.75,25932.58,19835.35,11653.4,13.9,2.81
2015,9,2015-09-01,Nordeste,PB,João Pessoa,Aplicativo,Eletrônicos,Produto A,2,2486.84,4973.67,3184.12,1998.13,3.7,2.88
2015,9,2015-09-01,Centro-Oeste,DF,Brasília,Site próprio,Moda,Produto B,27,168.41,4546.95,3612.14,1443.49,5.9,4.21
2015,9,2015-09-01,Centro-Oeste,GO,Goiânia,Site próprio,Beleza,Produto A,27,1342.53,36248.18,20304.77,10159.49,9.8,4.84
2015,9,2015-09-01,Centro-Oeste,GO,Aparecida de Goiânia,Aplicativo,Eletrônicos,Produto C,21,427.79,8983.59,5211.51,2503.77,4.0,4.28
2015,9,2015-09-01,Centro-Oeste,MT,Cuiabá,Marketplace,Casa,Produto D,3,1052.32,3156.97,2187.15,901.79,12.8,2.62
2015,9,2015-09-01,Centro-Oeste,MS,Campo Grande,Marketplace,Casa,Produto D,25,2023.25,50581.17,40778.42,18984.36,12.5,4.33
2015,9,2015-09-01,Sudeste,SP,São Paulo,Site próprio,Beleza,Produto B,5,2365.32,11826.59,6521.32,2912.31,12.0,2.95
2015,9,2015-09-01,Sudeste,SP,Campinas,Aplicativo,Eletrônicos,Produto D,14,2315.79,32421.13,20775.25,7045.35,11.7,4.17
2015,9,2015-09-01,Sudeste,SP,Ribeirão Preto,Site próprio,Esporte,Produto C,5,2458.28,12291.39,8125.89,5202.86,13.6,4.53
2015,9,2015-09-01,Sudeste,RJ,Rio de Janeiro,Marketplace,Esporte,Produto D,7,1609.55,11266.88,6434.77,4844.91,3.4,3.41
2015,9,2015-09-01,Sudeste,RJ,Niterói,Aplicativo,Casa,Produto B,18,1353.16,24356.94,19338.43,6608.25,10.7,2.59
2015,9,2015-09-01,Sudeste,RJ,Nova Iguaçu,Site próprio,Eletrônicos,Produto B,12,597.88,7174.58,5802.77,2833.42,14.3,2.89
2015,9,2015-09-01,Sudeste,RJ,Petrópolis,Marketplace,Eletrônicos,Produto A,2,455.02,910.03,572.37,195.71,6.4,2.59
2015,9,2015-09-01,Sudeste,MG,Belo Horizonte,Aplicativo,Livros,Produto C,14,406.53,5691.38,3499.76,2266.8,11.5,3.9
2015,9,2015-09-01,Sudeste,MG,Uberlândia,Aplicativo,Moda,Produto A,26,776.53,20189.79,11295.15,4224.9,11.5,3.97
2015,9,2015-09-01,Sudeste,MG,Juiz de Fora,Aplicativo,Livros,Produto B,13,892.15,11597.98,9471.87,4997.69,14.6,4.77
2015,9,2015-09-01,Sudeste,ES,Vitória,Marketplace,Eletrônicos,Produto B,16,839.74,13435.82,8504.65,5171.46,7.2,3.37
2015,9,2015-09-01,Sudeste,ES,Vila Velha,Aplicativo,Casa,Produto C,14,1654.41,23161.71,18804.61,9944.94,9.4,3.14
2015,9,2015-09-01,Sudeste,ES,Serra,Site próprio,Beleza,Produto A,3,1869.85,5609.54,4004.82,2424.43,2.8,2.8
2015,9,2015-09-01,Sul,PR,Curitiba,Marketplace,Esporte,Produto A,15,67.05,1005.8,682.75,255.5,6.6,3.4
2015,9,2015-09-01,Sul,PR,Londrina,Marketplace,Casa,Produto C,1,971.74,971.74,652.51,411.53,9.7,2.74
2015,9,2015-09-01,Sul,SC,Florianópolis,Aplicativo,Casa,Produto C,12,1066.3,12795.54,9173.95,4844.92,11.8,4.43
2015,9,2015-09-01,Sul,SC,Joinville,Site próprio,Eletrônicos,Produto A,22,1934.56,42560.37,30678.45,18308.91,9.3,3.97
2015,9,2015-09-01,Sul,RS,Porto Alegre,Aplicativo,Livros,Produto C,16,128.46,2055.37,1194.53,444.56,6.4,4.02
2015,9,2015-09-01,Sul,RS,Caxias do Sul,Marketplace,Esporte,Produto D,18,1423.72,25626.9,16300.87,7736.35,15.0,4.78
2015,10,2015-10-01,Norte,AM,Manaus,Marketplace,Moda,Produto A,11,1993.81,21931.95,12798.1,4481.44,4.3,2.67
2015,10,2015-10-01,Norte,PA,Belém,Aplicativo,Casa,Produto D,5,1623.93,8119.65,5075.29,2703.37,14.7,3.2
2015,10,2015-10-01,Norte,PA,Santarém,Marketplace,Casa,Produto C,9,1675.94,15083.43,9663.48,6194.35,3.0,3.18
2015,10,2015-10-01,Norte,RO,Porto Velho,Marketplace,Esporte,Produto D,16,219.35,3509.56,2834.18,633.39,6.8,2.56
2015,10,2015-10-01,Norte,TO,Palmas,Site próprio,Casa,Produto D,10,487.72,4877.21,3810.93,1421.42,14.6,3.38
2015,10,2015-10-01,Nordeste,BA,Salvador,Aplicativo,Moda,Produto C,23,1537.99,35373.71,22606.79,10928.52,5.0,4.67
2015,10,2015-10-01,Nordeste,BA,Feira de Santana,Aplicativo,Livros,Produto A,18,884.2,15915.61,10375.18,5803.99,9.4,2.91
2015,10,2015-10-01,Nordeste,PE,Recife,Marketplace,Esporte,Produto D,8,444.65,3557.22,2593.83,847.95,6.9,3.2
2015,10,2015-10-01,Nordeste,PE,Jaboatão dos Guararapes,Marketplace,Casa,Produto C,17,2126.29,36146.99,20915.16,15764.92,5.7,3.98
2015,10,2015-10-01,Nordeste,CE,Fortaleza,Marketplace,Eletrônicos,Produto B,18,2121.82,38192.7,24721.49,6966.18,10.4,3.63
2015,10,2015-10-01,Nordeste,CE,Juazeiro do Norte,Aplicativo,Casa,Produto A,17,1283.35,21816.88,13564.2,4519.99,6.5,4.04
2015,10,2015-10-01,Nordeste,MA,São Luís,Site próprio,Casa,Produto C,11,631.51,6946.63,4385.23,2010.04,8.1,3.52
2015,10,2015-10-01,Nordeste,PB,João Pessoa,Marketplace,Beleza,Produto A,26,1304.13,33907.41,21868.81,12782.01,9.3,4.95
2015,10,2015-10-01,Centro-Oeste,DF,Brasília,Site próprio,Beleza,Produto D,22,2285.35,50277.8,33934.63,14531.78,13.6,2.55
2015,10,2015-10-01,Centro-Oeste,GO,Goiânia,Aplicativo,Livros,Produto D,17,1580.15,26862.59,16780.19,7559.09,6.8,3.01
2015,10,2015-10-01,Centro-Oeste,GO,Aparecida de Goiânia,Aplicativo,Eletrônicos,Produto D,8,2041.34,16330.75,12392.26,3599.14,5.7,3.58
2015,10,2015-10-01,Centro-Oeste,MT,Cuiabá,Site próprio,Esporte,Produto B,19,124.98,2374.62,1417.76,1011.04,4.4,3.06
2015,10,2015-10-01,Centro-Oeste,MS,Campo Grande,Aplicativo,Beleza,Produto B,29,1612.35,46758.26,29678.21,19515.58,8.6,4.95
2015,10,2015-10-01,Sudeste,SP,São Paulo,Aplicativo,Beleza,Produto C,21,737.45,15486.51,11526.1,3177.54,10.8,4.6
2015,10,2015-10-01,Sudeste,SP,Campinas,Aplicativo,Casa,Produto D,4,2484.17,9936.69,6918.11,3163.73,6.4,2.99
2015,10,2015-10-01,Sudeste,SP,Ribeirão Preto,Site próprio,Livros,Produto C,22,350.33,7707.17,5286.97,2876.32,3.3,3.9
2015,10,2015-10-01,Sudeste,RJ,Rio de Janeiro,Marketplace,Livros,Produto A,26,1853.58,48192.99,30567.23,12959.4,10.3,2.59
2015,10,2015-10-01,Sudeste,RJ,Niterói,Aplicativo,Esporte,Produto D,6,1262.48,7574.88,4597.07,2515.45,2.7,3.08
2015,10,2015-10-01,Sudeste,RJ,Nova Iguaçu,Site próprio,Livros,Produto B,29,2495.38,72365.98,48445.9,26594.37,8.1,3.78
2015,10,2015-10-01,Sudeste,RJ,Petrópolis,Marketplace,Casa,Produto B,1,2023.98,2023.98,1582.63,749.97,12.0,4.04
2015,10,2015-10-01,Sudeste,MG,Belo Horizonte,Marketplace,Livros,Produto A,20,962.12,19242.43,11102.55,5198.73,3.5,4.37
2015,10,2015-10-01,Sudeste,MG,Uberlândia,Aplicativo,Beleza,Produto D,19,1460.54,27750.34,21387.15,6839.03,7.1,2.92
2015,10,2015-10-01,Sudeste,MG,Juiz de Fora,Aplicativo,Moda,Produto C,25,285.32,7132.91,5764.25,2348.1,4.8,3.42
2015,10,2015-10-01,Sudeste,ES,Vitória,Marketplace,Casa,Produto D,24,1685.53,40452.74,31513.2,15042.01,7.6,3.65
2015,10,2015-10-01,Sudeste,ES,Vila Velha,Marketplace,Casa,Produto B,10,1235.51,12355.08,8665.37,4512.33,3.4,2.96
2015,10,2015-10-01,Sudeste,ES,Serra,Marketplace,Eletrônicos,Produto A,25,598.52,14962.89,8298.7,2722.36,2.4,4.44
2015,10,2015-10-01,Sul,PR,Curitiba,Aplicativo,Beleza,Produto C,25,322.06,8051.38,6394.44,2380.93,12.6,2.87
2015,10,2015-10-01,Sul,PR,Londrina,Aplicativo,Eletrônicos,Produto C,28,2408.3,67432.33,48870.71,12430.94,7.0,3.89
2015,10,2015-10-01,Sul,SC,Florianópolis,Aplicativo,Esporte,Produto B,23,2094.72,48178.62,28521.01,16804.08,14.8,4.4
2015,10,2015-10-01,Sul,SC,Joinville,Marketplace,Esporte,Produto B,21,2210.87,46428.29,31146.36,13831.87,14.4,2.55
2015,10,2015-10-01,Sul,RS,Porto Alegre,Aplicativo,Casa,Produto C,2,129.12,258.23,142.95,95.1,6.4,3.83
2015,10,2015-10-01,Sul,RS,Caxias do Sul,Marketplace,Casa,Produto C,27,2301.75,62147.29,45890.98,13934.72,4.6,4.52
2015,11,2015-11-01,Norte,AM,Manaus,Aplicativo,Moda,Produto D,8,2227.51,17820.1,9891.11,7540.88,5.9,3.18
2015,11,2015-11-01,Norte,PA,Belém,Site próprio,Livros,Produto B,24,1730.36,41528.6,31960.78,16663.7,7.5,2.93
2015,11,2015-11-01,Norte,PA,Santarém,Marketplace,Eletrônicos,Produto D,4,1874.07,7496.3,5642.09,1757.57,2.2,3.47
2015,11,2015-11-01,Norte,RO,Porto Velho,Aplicativo,Livros,Produto C,16,541.96,8671.32,5158.81,2856.9,12.2,3.99
2015,11,2015-11-01,Norte,TO,Palmas,Aplicativo,Beleza,Produto A,8,618.77,4950.17,4047.01,1458.29,13.1,3.18
2015,11,2015-11-01,Nordeste,BA,Salvador,Marketplace,Livros,Produto A,22,596.2,13116.34,8356.55,4624.76,10.6,2.61
2015,11,2015-11-01,Nordeste,BA,Feira de Santana,Marketplace,Livros,Produto D,11,741.08,8151.91,4860.24,2468.38,11.3,2.9
2015,11,2015-11-01,Nordeste,PE,Recife,Aplicativo,Livros,Produto B,5,2257.16,11285.8,9230.76,3243.87,14.2,3.14
2015,11,2015-11-01,Nordeste,PE,Jaboatão dos Guararapes,Marketplace,Casa,Produto C,14,2443.71,34211.93,20718.28,14634.12,11.7,2.53
2015,11,2015-11-01,Nordeste,CE,Fortaleza,Aplicativo,Beleza,Produto D,17,1985.9,33760.31,24174.31,12976.27,2.0,2.66
2015,11,2015-11-01,Nordeste,CE,Juazeiro do Norte,Marketplace,Moda,Produto C,9,2253.88,20284.92,14523.35,7491.72,13.1,2.51
2015,11,2015-11-01,Nordeste,MA,São Luís,Aplicativo,Moda,Produto C,12,2009.0,24107.96,17646.53,8170.5,3.4,3.68
2015,11,2015-11-01,Nordeste,PB,João Pessoa,Aplicativo,Casa,Produto C,1,1574.27,1574.27,1090.67,579.51,10.3,4.52
2015,11,2015-11-01,Centro-Oeste,DF,Brasília,Aplicativo,Casa,Produto D,7,1638.83,11471.78,8243.77,3179.12,3.2,4.3
2015,11,2015-11-01,Centro-Oeste,GO,Goiânia,Aplicativo,Livros,Produto D,7,396.14,2772.98,2192.49,1106.62,13.7,4.15
2015,11,2015-11-01,Centro-Oeste,GO,Aparecida de Goiânia,Site próprio,Eletrônicos,Produto D,18,1945.41,35017.39,22102.45,13764.92,6.4,2.81
2015,11,2015-11-01,Centro-Oeste,MT,Cuiabá,Marketplace,Beleza,Produto D,4,1371.4,5485.59,4315.32,2053.75,12.2,4.63
2015,11,2015-11-01,Centro-Oeste,MS,Campo Grande,Aplicativo,Casa,Produto D,23,1719.66,39552.16,24138.57,10831.67,7.7,4.53
2015,11,2015-11-01,Sudeste,SP,São Paulo,Aplicativo,Livros,Produto A,22,1678.43,36925.45,29461.96,14142.06,12.4,2.92
2015,11,2015-11-01,Sudeste,SP,Campinas,Site próprio,Moda,Produto D,21,159.02,3339.52,2062.86,1489.2,5.1,4.51
2015,11,2015-11-01,Sudeste,SP,Ribeirão Preto,Site próprio,Livros,Produto A,15,335.58,5033.75,4044.67,1742.6,12.1,4.54
2015,11,2015-11-01,Sudeste,RJ,Rio de Janeiro,Marketplace,Casa,Produto C,5,434.61,2173.03,1565.83,879.19,8.6,4.39
2015,11,2015-11-01,Sudeste,RJ,Niterói,Aplicativo,Beleza,Produto A,7,61.46,430.25,282.14,87.76,10.2,3.12
2015,11,2015-11-01,Sudeste,RJ,Nova Iguaçu,Marketplace,Livros,Produto A,12,2179.2,26150.37,18106.09,8639.23,3.0,2.6
2015,11,2015-11-01,Sudeste,RJ,Petrópolis,Marketplace,Moda,Produto A,14,390.74,5470.42,3990.51,1996.86,10.2,2.56
2015,11,2015-11-01,Sudeste,MG,Belo Horizonte,Site próprio,Beleza,Produto C,25,1882.35,47058.84,27059.36,10182.33,12.0,4.29
2015,11,2015-11-01,Sudeste,MG,Uberlândia,Marketplace,Moda,Produto D,24,326.9,7845.66,5940.72,1622.57,15.0,4.5
2015,11,2015-11-01,Sudeste,MG,Juiz de Fora,Marketplace,Livros,Produto B,4,688.86,2755.43,1718.26,1058.16,9.4,4.57
2015,11,2015-11-01,Sudeste,ES,Vitória,Aplicativo,Livros,Produto B,5,728.68,3643.39,2932.99,1449.57,3.2,4.91
2015,11,2015-11-01,Sudeste,ES,Vila Velha,Marketplace,Beleza,Produto C,21,517.16,10860.3,6808.23,3155.61,10.0,3.33
2015,11,2015-11-01,Sudeste,ES,Serra,Aplicativo,Livros,Produto B,11,1648.95,18138.42,10294.04,4027.13,3.7,3.48
2015,11,2015-11-01,Sul,PR,Curitiba,Marketplace,Eletrônicos,Produto A,5,87.89,439.45,246.93,172.25,3.2,4.1
2015,11,2015-11-01,Sul,PR,Londrina,Marketplace,Livros,Produto C,26,1506.11,39158.74,31060.66,9764.8,14.7,3.16
2015,11,2015-11-01,Sul,SC,Florianópolis,Site próprio,Beleza,Produto D,8,511.15,4089.24,2755.64,1467.3,3.5,3.27
2015,11,2015-11-01,Sul,SC,Joinville,Marketplace,Beleza,Produto C,22,406.23,8937.06,7314.84,3126.05,5.9,4.39
2015,11,2015-11-01,Sul,RS,Porto Alegre,Marketplace,Beleza,Produto A,1,390.39,390.39,314.8,72.73,3.7,3.79
2015,11,2015-11-01,Sul,RS,Caxias do Sul,Site próprio,Livros,Produto D,20,1140.05,22800.92,16436.41,7627.42,11.2,4.26
2015,12,2015-12-01,Norte,AM,Manaus,Aplicativo,Esporte,Produto A,16,1611.56,25785.0,15741.53,6302.05,3.9,4.7
2015,12,2015-12-01,Norte,PA,Belém,Site próprio,Casa,Produto C,26,2272.97,59097.35,44130.03,12220.52,3.1,4.77
2015,12,2015-12-01,Norte,PA,Santarém,Marketplace,Esporte,Produto D,7,2169.54,15186.76,12122.24,6163.09,11.3,3.27
2015,12,2015-12-01,Norte,RO,Porto Velho,Aplicativo,Casa,Produto A,16,1080.1,17281.52,9527.31,7644.03,2.7,2.66
2015,12,2015-12-01,Norte,TO,Palmas,Aplicativo,Moda,Produto C,18,1215.11,21872.01,15254.8,4246.86,12.6,4.58
2015,12,2015-12-01,Nordeste,BA,Salvador,Aplicativo,Beleza,Produto B,9,1216.18,10945.58,7846.09,3079.19,13.7,3.89
2015,12,2015-12-01,Nordeste,BA,Feira de Santana,Aplicativo,Beleza,Produto A,10,1130.57,11305.69,8507.03,2969.7,10.6,2.76
2015,12,2015-12-01,Nordeste,PE,Recife,Site próprio,Esporte,Produto A,27,2310.39,62380.53,50204.66,15748.55,5.0,4.31
2015,12,2015-12-01,Nordeste,PE,Jaboatão dos Guararapes,Aplicativo,Moda,Produto B,14,403.89,5654.43,4216.65,2271.64,2.9,3.72
2015,12,2015-12-01,Nordeste,CE,Fortaleza,Site próprio,Beleza,Produto C,7,2142.24,14995.7,10144.06,4802.31,12.3,2.94
2015,12,2015-12-01,Nordeste,CE,Juazeiro do Norte,Aplicativo,Casa,Produto B,22,1420.35,31247.61,25241.88,7069.53,10.3,4.5
2015,12,2015-12-01,Nordeste,MA,São Luís,Aplicativo,Casa,Produto C,18,2483.36,44700.43,28435.91,9394.35,9.7,3.35
2015,12,2015-12-01,Nordeste,PB,João Pessoa,Aplicativo,Moda,Produto B,29,2204.88,63941.58,49063.57,21140.36,2.7,3.44
2015,12,2015-12-01,Centro-Oeste,DF,Brasília,Site próprio,Esporte,Produto D,25,944.9,23622.61,16315.95,8356.2,11.5,4.52
2015,12,2015-12-01,Centro-Oeste,GO,Goiânia,Marketplace,Beleza,Produto D,20,2222.07,44441.5,31736.26,19193.95,13.9,2.62
2015,12,2015-12-01,Centro-Oeste,GO,Aparecida de Goiânia,Marketplace,Esporte,Produto C,15,545.58,8183.77,6218.6,3344.39,2.4,2.65
2015,12,2015-12-01,Centro-Oeste,MT,Cuiabá,Site próprio,Eletrônicos,Produto D,11,135.26,1487.87,982.51,531.11,6.6,2.89
2015,12,2015-12-01,Centro-Oeste,MS,Campo Grande,Aplicativo,Beleza,Produto A,29,162.08,4700.3,2919.04,1330.84,9.5,4.84
2015,12,2015-12-01,Sudeste,SP,São Paulo,Site próprio,Casa,Produto A,13,1541.36,20037.67,14519.61,5395.52,6.1,2.71
2015,12,2015-12-01,Sudeste,SP,Campinas,Marketplace,Moda,Produto C,14,74.26,1039.7,710.9,280.07,12.3,3.4
2015,12,2015-12-01,Sudeste,SP,Ribeirão Preto,Marketplace,Moda,Produto C,17,1810.77,30783.06,24440.14,5756.09,9.9,2.57
2015,12,2015-12-01,Sudeste,RJ,Rio de Janeiro,Site próprio,Livros,Produto D,23,2083.51,47920.68,35774.08,18515.55,10.1,3.19
2015,12,2015-12-01,Sudeste,RJ,Niterói,Site próprio,Beleza,Produto C,13,523.94,6811.18,4974.14,2105.98,13.2,4.75
2015,12,2015-12-01,Sudeste,RJ,Nova Iguaçu,Aplicativo,Esporte,Produto C,22,1383.19,30430.18,19158.29,8027.43,15.0,3.5
2015,12,2015-12-01,Sudeste,RJ,Petrópolis,Site próprio,Moda,Produto B,23,1081.83,24882.14,17515.36,6446.87,14.7,3.77
2015,12,2015-12-01,Sudeste,MG,Belo Horizonte,Site próprio,Moda,Produto D,27,1832.9,49488.28,38804.35,13003.51,8.1,3.66
2015,12,2015-12-01,Sudeste,MG,Uberlândia,Aplicativo,Beleza,Produto B,12,924.83,11097.94,8735.44,3352.9,4.1,3.99
2015,12,2015-12-01,Sudeste,MG,Juiz de Fora,Marketplace,Livros,Produto B,7,792.37,5546.56,3377.92,2095.23,6.8,2.78
2015,12,2015-12-01,Sudeste,ES,Vitória,Marketplace,Moda,Produto C,14,2128.23,29795.16,19438.63,10820.07,10.3,3.16
2015,12,2015-12-01,Sudeste,ES,Vila Velha,Marketplace,Moda,Produto D,9,1658.59,14927.29,11762.47,6542.57,11.7,4.37
2015,12,2015-12-01,Sudeste,ES,Serra,Site próprio,Casa,Produto B,18,1058.5,19052.93,13029.7,6128.3,11.1,4.86
2015,12,2015-12-01,Sul,PR,Curitiba,Site próprio,Livros,Produto C,23,1518.5,34925.5,22104.23,13027.48,5.2,3.75
2015,12,2015-12-01,Sul,PR,Londrina,Aplicativo,Beleza,Produto B,17,101.67,1728.41,1364.58,356.98,13.5,4.1
2015,12,2015-12-01,Sul,SC,Florianópolis,Aplicativo,Moda,Produto B,1,1003.78,1003.78,648.65,212.96,3.7,3.87
2015,12,2015-12-01,Sul,SC,Joinville,Marketplace,Casa,Produto A,16,2418.71,38699.36,26547.97,7208.26,4.0,3.79
2015,12,2015-12-01,Sul,RS,Porto Alegre,Marketplace,Eletrônicos,Produto C,5,367.2,1836.01,1184.17,500.25,8.2,2.72
2015,12,2015-12-01,Sul,RS,Caxias do Sul,Site próprio,Moda,Produto C,11,242.05,2662.52,1964.76,997.34,2.9,2.85
2016,1,2016-01-01,Norte,AM,Manaus,Marketplace,Esporte,Produto A,6,990.95,5945.71,4772.84,2302.45,12.2,2.71
2016,1,2016-01-01,Norte,PA,Belém,Site próprio,Esporte,Produto B,20,541.52,10830.39,7937.17,4110.5,11.4,3.44
2016,1,2016-01-01,Norte,PA,Santarém,Marketplace,Beleza,Produto C,1,1943.51,1943.51,1144.28,656.16,12.8,2.76
2016,1,2016-01-01,Norte,RO,Porto Velho,Marketplace,Esporte,Produto D,28,2474.34,69281.39,56447.54,18332.63,2.7,3.76
2016,1,2016-01-01,Norte,TO,Palmas,Site próprio,Moda,Produto A,12,2140.59,25687.07,17157.98,9237.87,12.3,3.64
2016,1,2016-01-01,Nordeste,BA,Salvador,Site próprio,Eletrônicos,Produto B,24,183.47,4403.24,3196.95,888.47,13.4,3.76
2016,1,2016-01-01,Nordeste,BA,Feira de Santana,Site próprio,Beleza,Produto C,26,1012.02,26312.61,19867.7,5417.86,10.2,4.08
2016,1,2016-01-01,Nordeste,PE,Recife,Aplicativo,Esporte,Produto A,21,1279.23,26863.77,16737.24,5340.52,14.1,4.28
2016,1,2016-01-01,Nordeste,PE,Jaboatão dos Guararapes,Site próprio,Eletrônicos,Produto B,15,1364.38,20465.7,11375.44,7499.25,12.2,3.42
2016,1,2016-01-01,Nordeste,CE,Fortaleza,Aplicativo,Livros,Produto D,23,1611.89,37073.51,26441.64,16087.94,8.7,2.59
2016,1,2016-01-01,Nordeste,CE,Juazeiro do Norte,Marketplace,Moda,Produto D,11,1120.38,12324.2,8411.72,2250.99,13.2,4.91
2016,1,2016-01-01,Nordeste,MA,São Luís,Aplicativo,Eletrônicos,Produto D,27,2414.98,65204.37,46261.94,13516.14,3.3,3.88
2016,1,2016-01-01,Nordeste,PB,João Pessoa,Aplicativo,Eletrônicos,Produto C,4,999.43,3997.72,2829.9,723.03,8.3,3.24
2016,1,2016-01-01,Centro-Oeste,DF,Brasília,Marketplace,Moda,Produto C,26,798.33,20756.68,16017.26,6026.39,5.5,4.91
2016,1,2016-01-01,Centro-Oeste,GO,Goiânia,Marketplace,Casa,Produto C,8,120.96,967.68,671.26,330.51,14.7,4.03
2016,1,2016-01-01,Centro-Oeste,GO,Aparecida de Goiânia,Site próprio,Livros,Produto C,2,1834.94,3669.88,2438.56,955.48,9.1,3.92
2016,1,2016-01-01,Centro-Oeste,MT,Cuiabá,Marketplace,Livros,Produto D,19,1496.57,28434.74,16652.59,11748.48,10.5,3.16
2016,1,2016-01-01,Centro-Oeste,MS,Campo Grande,Site próprio,Beleza,Produto D,1,156.87,156.87,96.73,31.07,6.1,3.88
2016,1,2016-01-01,Sudeste,SP,São Paulo,Marketplace,Moda,Produto A,25,2145.27,53631.64,35214.02,12169.03,14.5,4.27
2016,1,2016-01-01,Sudeste,SP,Campinas,Marketplace,Moda,Produto A,18,2127.59,38296.63,24177.85,14473.39,12.1,4.34
2016,1,2016-01-01,Sudeste,SP,Ribeirão Preto,Site próprio,Moda,Produto A,20,1987.4,39748.0,31682.15,14247.93,10.0,2.91
2016,1,2016-01-01,Sudeste,RJ,Rio de Janeiro,Aplicativo,Eletrônicos,Produto A,14,2314.07,32396.92,23098.15,13877.69,8.7,4.99
2016,1,2016-01-01,Sudeste,RJ,Niterói,Site próprio,Beleza,Produto B,19,355.44,6753.38,4119.17,1514.61,6.3,3.88
2016,1,2016-01-01,Sudeste,RJ,Nova Iguaçu,Site próprio,Eletrônicos,Produto D,17,1607.51,27327.67,18528.3,8353.81,4.8,3.11
2016,1,2016-01-01,Sudeste,RJ,Petrópolis,Site próprio,Beleza,Produto B,21,1300.46,27309.75,20161.16,9306.02,8.3,3.32
2016,1,2016-01-01,Sudeste,MG,Belo Horizonte,Aplicativo,Eletrônicos,Produto B,29,763.79,22149.95,17188.63,4480.44,10.4,3.73
2016,1,2016-01-01,Sudeste,MG,Uberlândia,Aplicativo,Esporte,Produto B,6,1657.23,9943.37,6515.69,4424.54,4.3,2.76
2016,1,2016-01-01,Sudeste,MG,Juiz de Fora,Site próprio,Livros,Produto A,14,1804.74,25266.4,14213.73,7240.24,8.2,4.13
2016,1,2016-01-01,Sudeste,ES,Vitória,Marketplace,Livros,Produto B,13,2119.91,27558.89,21905.66,10494.83,5.6,2.84
2016,1,2016-01-01,Sudeste,ES,Vila Velha,Marketplace,Livros,Produto D,17,387.57,6588.76,3865.01,1226.82,14.8,2.66
2016,1,2016-01-01,Sudeste,ES,Serra,Marketplace,Livros,Produto B,1,1728.85,1728.85,1115.55,592.35,7.0,4.89
2016,1,2016-01-01,Sul,PR,Curitiba,Aplicativo,Beleza,Produto A,22,323.26,7111.78,5498.09,3103.92,10.8,2.65
2016,1,2016-01-01,Sul,PR,Londrina,Marketplace,Eletrônicos,Produto A,12,557.89,6694.69,4159.71,1447.51,11.5,4.12
2016,1,2016-01-01,Sul,SC,Florianópolis,Aplicativo,Beleza,Produto A,3,2196.36,6589.08,4669.26,2347.43,14.7,3.68
2016,1,2016-01-01,Sul,SC,Joinville,Marketplace,Casa,Produto C,9,844.09,7596.8,5161.88,3103.44,3.5,2.74
2016,1,2016-01-01,Sul,RS,Porto Alegre,Marketplace,Eletrônicos,Produto B,13,1789.07,23257.94,17464.07,6907.43,12.1,4.44
2016,1,2016-01-01,Sul,RS,Caxias do Sul,Aplicativo,Moda,Produto C,5,934.65,4673.24,2602.49,865.71,9.1,2.79
2016,2,2016-02-01,Norte,AM,Manaus,Site próprio,Moda,Produto D,22,502.29,11050.44,8135.41,2687.02,14.5,3.82
2016,2,2016-02-01,Norte,PA,Belém,Site próprio,Esporte,Produto C,4,2341.95,9367.8,6370.47,1798.06,10.9,2.62
2016,2,2016-02-01,Norte,PA,Santarém,Site próprio,Beleza,Produto D,10,215.99,2159.91,1232.14,954.28,14.3,4.23
2016,2,2016-02-01,Norte,RO,Porto Velho,Marketplace,Beleza,Produto C,23,415.33,9552.65,7639.72,1922.51,13.6,3.59
2016,2,2016-02-01,Norte,TO,Palmas,Aplicativo,Esporte,Produto D,5,2119.23,10596.16,6475.41,2264.85,7.7,3.36
2016,2,2016-02-01,Nordeste,BA,Salvador,Marketplace,Casa,Produto C,16,556.18,8898.85,4903.51,3288.91,13.3,4.78
2016,2,2016-02-01,Nordeste,BA,Feira de Santana,Marketplace,Esporte,Produto A,26,80.43,2091.09,1445.26,719.82,7.0,4.09
2016,2,2016-02-01,Nordeste,PE,Recife,Marketplace,Esporte,Produto A,5,1925.12,9625.6,6331.2,2962.46,11.7,3.05
2016,2,2016-02-01,Nordeste,PE,Jaboatão dos Guararapes,Marketplace,Esporte,Produto C,18,226.33,4073.91,3319.98,1461.83,12.8,2.65
2016,2,2016-02-01,Nordeste,CE,Fortaleza,Aplicativo,Esporte,Produto D,22,1575.06,34651.24,25092.94,10434.56,6.5,4.58
2016,2,2016-02-01,Nordeste,CE,Juazeiro do Norte,Marketplace,Beleza,Produto D,4,1674.12,6696.5,4447.89,1841.82,13.1,3.31
2016,2,2016-02-01,Nordeste,MA,São Luís,Aplicativo,Casa,Produto C,15,1525.97,22889.57,16690.15,8171.37,8.4,4.35
2016,2,2016-02-01,Nordeste,PB,João Pessoa,Marketplace,Livros,Produto C,24,2399.65,57591.64,41028.11,17715.53,7.7,4.82
2016,2,2016-02-01,Centro-Oeste,DF,Brasília,Aplicativo,Eletrônicos,Produto D,24,1195.0,28680.01,20044.96,12310.24,9.5,3.24
2016,2,2016-02-01,Centro-Oeste,GO,Goiânia,Site próprio,Esporte,Produto B,16,831.88,13310.09,10783.9,3671.74,6.0,4.28
2016,2,2016-02-01,Centro-Oeste,GO,Aparecida de Goiânia,Marketplace,Moda,Produto A,9,1951.41,17562.68,9678.62,4264.34,4.4,4.13
2016,2,2016-02-01,Centro-Oeste,MT,Cuiabá,Aplicativo,Eletrônicos,Produto C,15,2225.81,33387.1,21220.4,6382.6,12.4,3.06
2016,2,2016-02-01,Centro-Oeste,MS,Campo Grande,Marketplace,Beleza,Produto C,6,2418.95,14513.72,11021.2,5155.21,12.7,4.87
2016,2,2016-02-01,Sudeste,SP,São Paulo,Marketplace,Livros,Produto D,18,351.01,6318.11,4226.28,1477.98,4.0,2.67
2016,2,2016-02-01,Sudeste,SP,Campinas,Aplicativo,Beleza,Produto D,3,1888.89,5666.66,3608.86,1395.62,2.7,4.51
2016,2,2016-02-01,Sudeste,SP,Ribeirão Preto,Site próprio,Eletrônicos,Produto C,9,793.82,7144.34,5212.75,2542.93,10.4,4.31
2016,2,2016-02-01,Sudeste,RJ,Rio de Janeiro,Site próprio,Eletrônicos,Produto C,27,665.92,17979.77,14359.63,4449.47,4.8,2.67
2016,2,2016-02-01,Sudeste,RJ,Niterói,Aplicativo,Esporte,Produto C,1,1784.95,1784.95,1332.7,388.37,6.9,3.43
2016,2,2016-02-01,Sudeste,RJ,Nova Iguaçu,Marketplace,Esporte,Produto C,17,1470.4,24996.79,16681.63,5353.27,4.7,2.72
2016,2,2016-02-01,Sudeste,RJ,Petrópolis,Site próprio,Eletrônicos,Produto A,11,1408.3,15491.31,12060.26,6561.34,10.4,4.15
2016,2,2016-02-01,Sudeste,MG,Belo Horizonte,Site próprio,Moda,Produto D,17,786.97,13378.55,8480.08,3148.53,7.7,4.34
2016,2,2016-02-01,Sudeste,MG,Uberlândia,Site próprio,Moda,Produto C,11,1030.47,11335.22,6526.84,4603.8,3.6,2.81
2016,2,2016-02-01,Sudeste,MG,Juiz de Fora,Marketplace,Moda,Produto B,24,847.75,20346.07,16313.1,5389.3,9.8,3.11
2016,2,2016-02-01,Sudeste,ES,Vitória,Site próprio,Livros,Produto C,13,1980.56,25747.26,16560.02,7532.82,5.9,4.49
2016,2,2016-02-01,Sudeste,ES,Vila Velha,Aplicativo,Eletrônicos,Produto C,17,2369.35,40278.94,31656.12,9373.77,7.0,3.15
2016,2,2016-02-01,Sudeste,ES,Serra,Marketplace,Esporte,Produto C,2,1658.86,3317.73,2067.12,915.55,13.1,2.81
2016,2,2016-02-01,Sul,PR,Curitiba,Marketplace,Beleza,Produto B,3,2054.91,6164.73,4494.77,2705.27,12.3,2.81
2016,2,2016-02-01,Sul,PR,Londrina,Marketplace,Livros,Produto C,29,184.57,5352.5,3433.28,1369.19,7.7,3.11
2016,2,2016-02-01,Sul,SC,Florianópolis,Aplicativo,Eletrônicos,Produto D,13,1714.85,22293.06,13781.15,5597.58,2.4,4.36
2016,2,2016-02-01,Sul,SC,Joinville,Marketplace,Moda,Produto C,16,332.81,5324.99,3819.75,2021.25,9.9,2.72
2016,2,2016-02-01,Sul,RS,Porto Alegre,Marketplace,Esporte,Produto D,2,1468.64,2937.29,1708.78,999.18,13.0,3.16
2016,2,2016-02-01,Sul,RS,Caxias do Sul,Aplicativo,Esporte,Produto D,5,74.33,371.67,238.21,92.75,4.6,2.58
2016,3,2016-03-01,Norte,AM,Manaus,Aplicativo,Beleza,Produto D,29,2211.58,64135.85,39236.83,28208.54,14.2,3.81
2016,3,2016-03-01,Norte,PA,Belém,Site próprio,Moda,Produto C,12,217.69,2612.23,1944.33,1119.66,12.4,3.34
2016,3,2016-03-01,Norte,PA,Santarém,Aplicativo,Casa,Produto B,4,1552.47,6209.87,3860.39,2621.55,5.8,2.96
2016,3,2016-03-01,Norte,RO,Porto Velho,Aplicativo,Livros,Produto D,5,981.25,4906.26,3737.65,1412.08,11.5,4.67
2016,3,2016-03-01,Norte,TO,Palmas,Marketplace,Livros,Produto A,13,69.63,905.23,543.62,313.81,8.5,3.81
2016,3,2016-03-01,Nordeste,BA,Salvador,Marketplace,Casa,Produto C,15,1161.94,17429.03,10823.24,4296.02,5.7,4.5
2016,3,2016-03-01,Nordeste,BA,Feira de Santana,Aplicativo,Livros,Produto B,14,968.36,13557.02,7740.28,5713.92,13.2,4.68
2016,3,2016-03-01,Nordeste,PE,Recife,Site próprio,Moda,Produto D,2,1010.44,2020.89,1336.75,573.96,3.8,3.45
2016,3,2016-03-01,Nordeste,PE,Jaboatão dos Guararapes,Aplicativo,Moda,Produto A,17,1575.25,26779.17,21876.45,6276.68,11.0,3.81
2016,3,2016-03-01,Nordeste,CE,Fortaleza,Marketplace,Moda,Produto B,29,1399.84,40595.47,32065.28,8735.88,10.2,2.66
2016,3,2016-03-01,Nordeste,CE,Juazeiro do Norte,Marketplace,Esporte,Produto A,22,2432.58,53516.85,40853.14,16190.47,11.3,4.29
2016,3,2016-03-01,Nordeste,MA,São Luís,Marketplace,Esporte,Produto D,11,480.64,5287.09,4047.93,1258.11,6.9,3.73
2016,3,2016-03-01,Nordeste,PB,João Pessoa,Aplicativo,Eletrônicos,Produto A,26,934.7,24302.25,17346.31,6167.31,11.0,4.89
2016,3,2016-03-01,Centro-Oeste,DF,Brasília,Aplicativo,Esporte,Produto D,4,292.95,1171.82,906.56,504.6,2.2,2.54
2016,3,2016-03-01,Centro-Oeste,GO,Goiânia,Aplicativo,Livros,Produto C,10,877.8,8777.96,5918.83,3734.8,11.2,4.33
2016,3,2016-03-01,Centro-Oeste,GO,Aparecida de Goiânia,Marketplace,Moda,Produto B,18,1841.65,33149.69,18746.04,8454.66,13.5,3.8
2016,3,2016-03-01,Centro-Oeste,MT,Cuiabá,Site próprio,Esporte,Produto A,2,1517.92,3035.84,2388.86,1303.09,12.5,3.71
2016,3,2016-03-01,Centro-Oeste,MS,Campo Grande,Aplicativo,Eletrônicos,Produto D,27,1561.32,42155.7,23198.24,18743.92,7.3,4.1
2016,3,2016-03-01,Sudeste,SP,São Paulo,Marketplace,Esporte,Produto D,17,1762.51,29962.68,24491.31,6365.19,9.8,2.89
2016,3,2016-03-01,Sudeste,SP,Campinas,Marketplace,Eletrônicos,Produto B,23,1779.53,40929.11,33070.17,11018.47,7.7,4.1
2016,3,2016-03-01,Sudeste,SP,Ribeirão Preto,Site próprio,Moda,Produto D,28,797.73,22336.48,17335.77,4653.07,8.6,3.07
2016,3,2016-03-01,Sudeste,RJ,Rio de Janeiro,Aplicativo,Livros,Produto B,8,1166.84,9334.71,6759.49,3239.74,11.8,3.78
2016,3,2016-03-01,Sudeste,RJ,Niterói,Aplicativo,Beleza,Produto C,16,1409.97,22559.55,13257.7,4329.1,3.4,3.44
2016,3,2016-03-01,Sudeste,RJ,Nova Iguaçu,Aplicativo,Beleza,Produto A,2,1773.65,3547.3,2032.23,1589.07,13.9,3.86
2016,3,2016-03-01,Sudeste,RJ,Petrópolis,Site próprio,Beleza,Produto D,10,57.89,578.89,426.7,231.49,8.2,3.26
2016,3,2016-03-01,Sudeste,MG,Belo Horizonte,Aplicativo,Livros,Produto B,4,932.08,3728.3,2364.07,1561.74,12.5,3.96
2016,3,2016-03-01,Sudeste,MG,Uberlândia,Marketplace,Livros,Produto B,10,498.2,4982.03,3652.55,1961.21,14.7,4.03
2016,3,2016-03-01,Sudeste,MG,Juiz de Fora,Site próprio,Moda,Produto B,20,1145.48,22909.58,15308.82,9706.8,12.2,4.25
2016,3,2016-03-01,Sudeste,ES,Vitória,Aplicativo,Livros,Produto A,25,239.91,5997.66,4680.15,2274.11,2.1,3.04
2016,3,2016-03-01,Sudeste,ES,Vila Velha,Marketplace,Livros,Produto D,22,1064.61,23421.38,13071.26,8594.68,9.0,2.85
2016,3,2016-03-01,Sudeste,ES,Serra,Site próprio,Moda,Produto A,29,1386.3,40202.63,26383.62,13618.49,4.6,3.78
2016,3,2016-03-01,Sul,PR,Curitiba,Aplicativo,Casa,Produto C,9,1081.48,9733.28,6130.43,2427.25,12.0,3.31
2016,3,2016-03-01,Sul,PR,Londrina,Site próprio,Livros,Produto A,26,1639.03,42614.83,31334.11,17436.22,11.0,3.68
2016,3,2016-03-01,Sul,SC,Florianópolis,Aplicativo,Esporte,Produto D,26,1018.07,26469.75,21577.64,9204.21,8.0,4.55
2016,3,2016-03-01,Sul,SC,Joinville,Site próprio,Beleza,Produto A,19,1378.87,26198.44,16070.79,10230.75,15.0,3.71
2016,3,2016-03-01,Sul,RS,Porto Alegre,Aplicativo,Eletrônicos,Produto A,15,1409.73,21146.0,12926.33,7079.72,6.6,4.84
2016,3,2016-03-01,Sul,RS,Caxias do Sul,Site próprio,Beleza,Produto A,9,2434.13,21907.14,15721.04,6393.31,6.2,2.58
2016,4,2016-04-01,Norte,AM,Manaus,Aplicativo,Casa,Produto A,27,509.02,13743.54,10605.37,4592.03,10.2,3.24
2016,4,2016-04-01,Norte,PA,Belém,Marketplace,Livros,Produto B,22,2070.51,45551.22,26836.59,19102.81,7.1,4.15
2016,4,2016-04-01,Norte,PA,Santarém,Site próprio,Eletrônicos,Produto C,25,308.2,7704.98,5804.44,2133.25,4.5,4.1
2016,4,2016-04-01,Norte,RO,Porto Velho,Aplicativo,Beleza,Produto B,7,1025.32,7177.23,4105.81,1996.54,11.3,4.66
2016,4,2016-04-01,Norte,TO,Palmas,Site próprio,Livros,Produto C,4,2103.08,8412.3,4753.84,1843.58,6.3,3.13
2016,4,2016-04-01,Nordeste,BA,Salvador,Marketplace,Beleza,Produto D,3,422.72,1268.17,849.57,288.71,6.0,4.83
2016,4,2016-04-01,Nordeste,BA,Feira de Santana,Marketplace,Moda,Produto C,9,54.59,491.27,340.49,110.78,3.6,4.62
2016,4,2016-04-01,Nordeste,PE,Recife,Marketplace,Beleza,Produto C,28,1733.79,48546.15,36043.08,9219.21,8.5,2.75
2016,4,2016-04-01,Nordeste,PE,Jaboatão dos Guararapes,Marketplace,Livros,Produto D,23,883.94,20330.64,13216.21,5450.48,4.0,4.74
2016,4,2016-04-01,Nordeste,CE,Fortaleza,Site próprio,Beleza,Produto C,7,885.04,6195.26,4528.54,2089.25,5.1,2.9
2016,4,2016-04-01,Nordeste,CE,Juazeiro do Norte,Marketplace,Casa,Produto D,19,1308.73,24865.93,14316.67,8868.22,12.3,4.88
2016,4,2016-04-01,Nordeste,MA,São Luís,Aplicativo,Esporte,Produto C,3,1296.53,3889.58,3138.78,1297.94,10.6,3.27
2016,4,2016-04-01,Nordeste,PB,João Pessoa,Aplicativo,Casa,Produto D,11,807.93,8887.2,7081.02,2481.72,4.9,3.17
2016,4,2016-04-01,Centro-Oeste,DF,Brasília,Site próprio,Casa,Produto D,27,1707.95,46114.63,28082.11,8661.97,3.3,4.33
2016,4,2016-04-01,Centro-Oeste,GO,Goiânia,Aplicativo,Beleza,Produto B,8,942.92,7543.36,5839.42,1391.24,7.9,4.09
2016,4,2016-04-01,Centro-Oeste,GO,Aparecida de Goiânia,Site próprio,Beleza,Produto C,6,158.42,950.51,532.13,175.13,8.1,2.63
2016,4,2016-04-01,Centro-Oeste,MT,Cuiabá,Site próprio,Livros,Produto D,24,2285.62,54854.84,44602.35,21710.28,2.4,4.39
2016,4,2016-04-01,Centro-Oeste,MS,Campo Grande,Marketplace,Beleza,Produto B,3,1178.43,3535.28,2004.14,1203.35,13.6,3.06
2016,4,2016-04-01,Sudeste,SP,São Paulo,Site próprio,Esporte,Produto B,11,2332.08,25652.85,16885.05,9598.16,14.2,2.63
2016,4,2016-04-01,Sudeste,SP,Campinas,Site próprio,Moda,Produto B,26,219.55,5708.19,4678.48,1501.82,8.6,4.98
2016,4,2016-04-01,Sudeste,SP,Ribeirão Preto,Aplicativo,Eletrônicos,Produto A,3,2159.29,6477.88,4793.12,1985.2,4.8,4.06
2016,4,2016-04-01,Sudeste,RJ,Rio de Janeiro,Marketplace,Beleza,Produto C,10,1278.06,12780.57,7129.52,3929.61,7.6,4.02
2016,4,2016-04-01,Sudeste,RJ,Niterói,Marketplace,Esporte,Produto D,26,1412.07,36713.83,23168.8,9943.0,7.6,3.19
2016,4,2016-04-01,Sudeste,RJ,Nova Iguaçu,Marketplace,Esporte,Produto C,19,451.49,8578.22,5497.14,3768.28,13.9,2.7
2016,4,2016-04-01,Sudeste,RJ,Petrópolis,Site próprio,Livros,Produto D,21,1657.47,34806.88,20283.45,9864.26,5.2,2.91
2016,4,2016-04-01,Sudeste,MG,Belo Horizonte,Site próprio,Eletrônicos,Produto C,3,199.8,599.41,333.64,146.69,8.9,2.75
2016,4,2016-04-01,Sudeste,MG,Uberlândia,Site próprio,Livros,Produto C,14,422.61,5916.58,4047.13,2111.27,3.3,4.63
2016,4,2016-04-01,Sudeste,MG,Juiz de Fora,Site próprio,Moda,Produto C,5,2383.03,11915.13,8229.53,4324.46,12.3,4.24
2016,4,2016-04-01,Sudeste,ES,Vitória,Marketplace,Livros,Produto D,4,2436.51,9746.06,5702.79,2069.88,10.7,4.35
2016,4,2016-04-01,Sudeste,ES,Vila Velha,Site próprio,Moda,Produto B,19,1730.59,32881.16,24696.31,14047.09,2.5,4.81
2016,4,2016-04-01,Sudeste,ES,Serra,Aplicativo,Casa,Produto C,15,2440.36,36605.46,26650.17,13880.4,14.4,3.07
2016,4,2016-04-01,Sul,PR,Curitiba,Site próprio,Eletrônicos,Produto D,18,2000.71,36012.7,26324.91,7208.01,10.8,3.89
2016,4,2016-04-01,Sul,PR,Londrina,Aplicativo,Esporte,Produto B,13,1088.52,14150.8,11552.78,4141.29,4.8,3.56
2016,4,2016-04-01,Sul,SC,Florianópolis,Aplicativo,Livros,Produto C,29,1268.92,36798.66,21816.16,16504.29,2.4,3.38
2016,4,2016-04-01,Sul,SC,Joinville,Site próprio,Esporte,Produto D,7,1870.38,13092.65,9690.43,2695.59,14.1,2.81
2016,4,2016-04-01,Sul,RS,Porto Alegre,Site próprio,Beleza,Produto D,16,925.19,14803.08,9669.06,4156.08,3.6,2.68
2016,4,2016-04-01,Sul,RS,Caxias do Sul,Marketplace,Moda,Produto C,17,687.3,11684.13,7394.65,3011.65,5.0,4.94
2016,5,2016-05-01,Norte,AM,Manaus,Marketplace,Moda,Produto A,3,1023.48,3070.43,2390.14,1316.77,12.1,2.74
2016,5,2016-05-01,Norte,PA,Belém,Marketplace,Livros,Produto D,27,2338.91,63150.66,41136.87,27538.33,7.4,3.73
2016,5,2016-05-01,Norte,PA,Santarém,Aplicativo,Beleza,Produto A,20,1199.14,23982.81,14759.18,6481.05,6.0,3.28
2016,5,2016-05-01,Norte,RO,Porto Velho,Marketplace,Eletrônicos,Produto C,4,1275.69,5102.78,4081.86,1989.26,2.5,2.76
2016,5,2016-05-01,Norte,TO,Palmas,Aplicativo,Beleza,Produto A,29,262.88,7623.66,5709.05,3195.67,9.6,2.72
2016,5,2016-05-01,Nordeste,BA,Salvador,Aplicativo,Moda,Produto C,16,2055.34,32885.37,20291.57,6043.63,14.4,4.98
2016,5,2016-05-01,Nordeste,BA,Feira de Santana,Marketplace,Beleza,Produto B,24,1173.34,28160.05,15551.47,11632.71,2.6,3.01
2016,5,2016-05-01,Nordeste,PE,Recife,Aplicativo,Beleza,Produto C,3,1995.19,5985.56,3389.81,1740.7,11.5,4.35
2016,5,2016-05-01,Nordeste,PE,Jaboatão dos Guararapes,Site próprio,Livros,Produto D,5,769.53,3847.66,2917.18,977.76,2.6,3.35
2016,5,2016-05-01,Nordeste,CE,Fortaleza,Marketplace,Eletrônicos,Produto D,2,830.96,1661.92,1014.52,582.29,9.2,3.76
2016,5,2016-05-01,Nordeste,CE,Juazeiro do Norte,Site próprio,Casa,Produto A,22,1083.19,23830.09,18503.69,5573.18,13.3,4.69
2016,5,2016-05-01,Nordeste,MA,São Luís,Aplicativo,Beleza,Produto B,27,2368.81,63957.74,39692.74,15169.06,12.5,3.59
2016,5,2016-05-01,Nordeste,PB,João Pessoa,Site próprio,Beleza,Produto A,26,1627.03,42302.84,30743.18,15790.67,5.1,3.66
2016,5,2016-05-01,Centro-Oeste,DF,Brasília,Aplicativo,Eletrônicos,Produto D,28,2187.56,61251.56,38170.84,12086.02,13.2,4.64
2016,5,2016-05-01,Centro-Oeste,GO,Goiânia,Marketplace,Esporte,Produto B,9,2052.43,18471.9,10964.04,5393.07,4.2,3.15
2016,5,2016-05-01,Centro-Oeste,GO,Aparecida de Goiânia,Marketplace,Moda,Produto A,2,2123.65,4247.3,2713.35,1789.33,6.8,4.0
2016,5,2016-05-01,Centro-Oeste,MT,Cuiabá,Aplicativo,Livros,Produto B,20,1991.7,39833.94,29345.34,11451.0,6.9,4.02
2016,5,2016-05-01,Centro-Oeste,MS,Campo Grande,Aplicativo,Esporte,Produto B,19,848.99,16130.76,11857.14,3666.3,4.0,4.63
2016,5,2016-05-01,Sudeste,SP,São Paulo,Marketplace,Beleza,Produto D,23,1710.13,39332.93,31443.35,15815.47,10.5,4.92
2016,5,2016-05-01,Sudeste,SP,Campinas,Marketplace,Moda,Produto D,6,1226.23,7357.39,5381.87,2611.63,4.2,4.74
2016,5,2016-05-01,Sudeste,SP,Ribeirão Preto,Aplicativo,Moda,Produto A,21,1175.66,24688.91,16909.92,8228.25,9.6,2.72
2016,5,2016-05-01,Sudeste,RJ,Rio de Janeiro,Site próprio,Moda,Produto A,2,288.22,576.43,362.33,210.64,2.0,3.8
2016,5,2016-05-01,Sudeste,RJ,Niterói,Site próprio,Eletrônicos,Produto D,20,2251.77,45035.41,26501.92,19908.22,3.7,2.87
2016,5,2016-05-01,Sudeste,RJ,Nova Iguaçu,Marketplace,Moda,Produto C,21,2303.29,48369.04,30087.18,9820.23,12.5,3.07
2016,5,2016-05-01,Sudeste,RJ,Petrópolis,Marketplace,Eletrônicos,Produto B,20,1189.69,23793.79,15079.96,8150.22,9.9,3.09
2016,5,2016-05-01,Sudeste,MG,Belo Horizonte,Aplicativo,Eletrônicos,Produto B,4,2150.11,8600.46,6531.53,2450.86,2.2,4.01
2016,5,2016-05-01,Sudeste,MG,Uberlândia,Aplicativo,Eletrônicos,Produto A,8,146.59,1172.7,719.43,312.54,13.8,3.24
2016,5,2016-05-01,Sudeste,MG,Juiz de Fora,Marketplace,Livros,Produto D,11,1082.37,11906.11,7961.97,3239.65,6.6,4.91
2016,5,2016-05-01,Sudeste,ES,Vitória,Site próprio,Beleza,Produto C,20,1166.13,23322.58,16159.99,10205.94,11.7,3.64
2016,5,2016-05-01,Sudeste,ES,Vila Velha,Aplicativo,Esporte,Produto A,18,607.35,10932.27,7114.88,3895.93,12.8,4.48
2016,5,2016-05-01,Sudeste,ES,Serra,Aplicativo,Eletrônicos,Produto A,4,1465.34,5861.35,4193.43,1816.82,5.0,4.2
2016,5,2016-05-01,Sul,PR,Curitiba,Aplicativo,Moda,Produto B,7,2038.5,14269.48,9156.31,5830.44,3.9,3.44
2016,5,2016-05-01,Sul,PR,Londrina,Aplicativo,Casa,Produto B,21,307.53,6458.15,4138.78,1702.58,8.9,2.56
2016,5,2016-05-01,Sul,SC,Florianópolis,Marketplace,Casa,Produto C,19,307.48,5842.1,3883.02,1064.33,8.5,4.33
2016,5,2016-05-01,Sul,SC,Joinville,Marketplace,Moda,Produto D,7,1821.39,12749.75,9359.31,3225.76,7.9,2.75
2016,5,2016-05-01,Sul,RS,Porto Alegre,Site próprio,Livros,Produto C,1,1328.57,1328.57,789.4,365.85,11.7,2.59
2016,5,2016-05-01,Sul,RS,Caxias do Sul,Marketplace,Casa,Produto A,22,532.26,11709.62,9476.56,4600.52,3.3,4.82
2016,6,2016-06-01,Norte,AM,Manaus,Site próprio,Livros,Produto C,2,2068.39,4136.79,2461.48,1356.65,4.7,2.52
2016,6,2016-06-01,Norte,PA,Belém,Aplicativo,Beleza,Produto A,26,1735.01,45110.35,32478.67,14282.04,2.1,4.52
2016,6,2016-06-01,Norte,PA,Santarém,Site próprio,Moda,Produto B,5,581.21,2906.06,1899.39,601.2,9.7,4.56
2016,6,2016-06-01,Norte,RO,Porto Velho,Site próprio,Casa,Produto D,9,874.54,7870.88,5076.14,1930.44,10.7,4.05
2016,6,2016-06-01,Norte,TO,Palmas,Aplicativo,Casa,Produto C,1,993.2,993.2,549.98,323.87,3.9,2.72
2016,6,2016-06-01,Nordeste,BA,Salvador,Marketplace,Esporte,Produto B,26,1951.19,50730.98,28186.87,19154.38,14.9,3.24
2016,6,2016-06-01,Nordeste,BA,Feira de Santana,Aplicativo,Livros,Produto C,5,807.76,4038.8,2726.82,1657.55,2.3,3.21
2016,6,2016-06-01,Nordeste,PE,Recife,Aplicativo,Livros,Produto D,21,1903.68,39977.34,25746.34,15644.91,4.2,3.03
2016,6,2016-06-01,Nordeste,PE,Jaboatão dos Guararapes,Site próprio,Eletrônicos,Produto B,24,1865.96,44783.13,34215.29,10032.11,11.8,2.79
2016,6,2016-06-01,Nordeste,CE,Fortaleza,Marketplace,Livros,Produto D,7,1853.23,12972.61,9315.79,4093.41,5.1,2.78
2016,6,2016-06-01,Nordeste,CE,Juazeiro do Norte,Aplicativo,Esporte,Produto C,5,322.05,1610.23,1113.25,586.74,4.5,4.94
2016,6,2016-06-01,Nordeste,MA,São Luís,Marketplace,Esporte,Produto A,29,647.26,18770.53,11427.56,5286.85,7.2,2.82
2016,6,2016-06-01,Nordeste,PB,João Pessoa,Marketplace,Livros,Produto D,22,2126.16,46775.53,27852.47,12457.01,13.0,3.66
2016,6,2016-06-01,Centro-Oeste,DF,Brasília,Aplicativo,Livros,Produto C,6,2223.99,13343.96,9401.9,3214.89,14.1,3.26
2016,6,2016-06-01,Centro-Oeste,GO,Goiânia,Marketplace,Eletrônicos,Produto C,19,796.97,15142.48,11754.05,5051.27,8.6,4.15
2016,6,2016-06-01,Centro-Oeste,GO,Aparecida de Goiânia,Site próprio,Esporte,Produto A,29,1678.74,48683.57,37117.14,18802.18,9.3,4.7
2016,6,2016-06-01,Centro-Oeste,MT,Cuiabá,Site próprio,Moda,Produto B,17,1935.15,32897.53,23347.96,11844.65,3.0,4.53
2016,6,2016-06-01,Centro-Oeste,MS,Campo Grande,Aplicativo,Eletrônicos,Produto D,28,949.44,26584.19,15108.76,9106.97,4.0,3.86
2016,6,2016-06-01,Sudeste,SP,São Paulo,Aplicativo,Casa,Produto D,25,420.08,10502.01,7773.2,4246.08,2.9,4.23
2016,6,2016-06-01,Sudeste,SP,Campinas,Marketplace,Beleza,Produto D,8,1925.01,15400.1,9915.81,2821.48,7.4,2.98
2016,6,2016-06-01,Sudeste,SP,Ribeirão Preto,Marketplace,Beleza,Produto C,7,489.43,3426.01,2078.2,1102.68,10.7,4.66
2016,6,2016-06-01,Sudeste,RJ,Rio de Janeiro,Marketplace,Eletrônicos,Produto B,17,932.41,15850.94,12349.57,5955.11,11.8,3.56
2016,6,2016-06-01,Sudeste,RJ,Niterói,Aplicativo,Livros,Produto B,7,1690.52,11833.65,7726.49,4718.49,4.5,4.3
2016,6,2016-06-01,Sudeste,RJ,Nova Iguaçu,Site próprio,Esporte,Produto A,26,733.29,19065.6,11394.64,5102.3,7.7,4.03
2016,6,2016-06-01,Sudeste,RJ,Petrópolis,Site próprio,Esporte,Produto D,18,2228.6,40114.87,27900.29,12930.4,9.4,4.47
2016,6,2016-06-01,Sudeste,MG,Belo Horizonte,Aplicativo,Eletrônicos,Produto C,27,1967.16,53113.23,39808.34,10326.6,6.9,4.76
2016,6,2016-06-01,Sudeste,MG,Uberlândia,Aplicativo,Esporte,Produto A,25,450.2,11255.06,8177.97,2949.47,12.9,4.08
2016,6,2016-06-01,Sudeste,MG,Juiz de Fora,Marketplace,Eletrônicos,Produto D,14,1616.81,22635.27,16629.67,8657.59,2.5,4.55
2016,6,2016-06-01,Sudeste,ES,Vitória,Site próprio,Beleza,Produto A,11,588.8,6476.85,3710.51,1543.43,7.7,3.8
2016,6,2016-06-01,Sudeste,ES,Vila Velha,Marketplace,Casa,Produto D,8,1583.13,12665.04,7886.07,5542.11,10.6,3.24
2016,6,2016-06-01,Sudeste,ES,Serra,Marketplace,Eletrônicos,Produto D,13,598.4,7779.21,5621.12,1713.64,14.6,4.37
2016,6,2016-06-01,Sul,PR,Curitiba,Site próprio,Moda,Produto B,17,1595.55,27124.27,19144.64,7891.43,5.7,3.33
2016,6,2016-06-01,Sul,PR,Londrina,Marketplace,Esporte,Produto B,24,1195.55,28693.19,16473.28,7857.74,13.0,4.11
2016,6,2016-06-01,Sul,SC,Florianópolis,Site próprio,Eletrônicos,Produto D,17,1731.28,29431.76,23501.17,6762.63,5.1,4.23
2016,6,2016-06-01,Sul,SC,Joinville,Aplicativo,Moda,Produto B,7,2348.32,16438.27,12972.35,6303.0,14.2,4.37
2016,6,2016-06-01,Sul,RS,Porto Alegre,Aplicativo,Esporte,Produto D,28,789.08,22094.21,15351.68,8454.24,6.8,3.4
2016,6,2016-06-01,Sul,RS,Caxias do Sul,Site próprio,Livros,Produto B,24,2418.95,58054.76,32013.72,25735.82,8.7,3.09
2016,7,2016-07-01,Norte,AM,Manaus,Marketplace,Livros,Produto B,26,1243.48,32330.36,24709.39,12146.49,4.0,4.09
2016,7,2016-07-01,Norte,PA,Belém,Marketplace,Moda,Produto D,15,1574.57,23618.58,15316.51,5951.58,5.9,4.09
2016,7,2016-07-01,Norte,PA,Santarém,Aplicativo,Casa,Produto B,29,679.97,19719.2,13798.54,3892.19,12.3,3.7
2016,7,2016-07-01,Norte,RO,Porto Velho,Aplicativo,Livros,Produto A,27,723.35,19530.34,15086.66,5312.83,12.5,4.92
2016,7,2016-07-01,Norte,TO,Palmas,Site próprio,Beleza,Produto D,11,488.55,5374.07,3166.95,1794.22,4.8,3.76
2016,7,2016-07-01,Nordeste,BA,Salvador,Marketplace,Moda,Produto B,11,1652.39,18176.31,10509.26,5047.35,8.8,3.33
2016,7,2016-07-01,Nordeste,BA,Feira de Santana,Marketplace,Casa,Produto B,15,2499.13,37486.94,27050.72,14931.18,12.4,3.95
2016,7,2016-07-01,Nordeste,PE,Recife,Aplicativo,Beleza,Produto B,5,2357.54,11787.68,8091.98,3911.77,6.8,3.83
2016,7,2016-07-01,Nordeste,PE,Jaboatão dos Guararapes,Aplicativo,Beleza,Produto A,19,693.91,13184.27,7734.96,4907.61,5.5,4.61
2016,7,2016-07-01,Nordeste,CE,Fortaleza,Aplicativo,Eletrônicos,Produto C,21,1437.21,30181.42,23027.63,10544.4,13.0,3.67
2016,7,2016-07-01,Nordeste,CE,Juazeiro do Norte,Aplicativo,Moda,Produto C,6,2195.13,13170.78,10273.57,3273.6,4.9,4.65
2016,7,2016-07-01,Nordeste,MA,São Luís,Site próprio,Moda,Produto B,16,360.96,5775.34,4544.06,2207.78,2.1,4.91
2016,7,2016-07-01,Nordeste,PB,João Pessoa,Aplicativo,Eletrônicos,Produto C,28,2398.36,67154.18,39835.48,15001.5,9.3,3.09
2016,7,2016-07-01,Centro-Oeste,DF,Brasília,Site próprio,Casa,Produto B,13,300.3,3903.89,2586.05,1008.11,13.9,3.0
2016,7,2016-07-01,Centro-Oeste,GO,Goiânia,Aplicativo,Casa,Produto D,17,410.05,6970.79,4017.98,1384.51,12.2,3.23
2016,7,2016-07-01,Centro-Oeste,GO,Aparecida de Goiânia,Site próprio,Esporte,Produto C,25,855.51,21387.75,16336.9,8569.31,10.6,4.69
2016,7,2016-07-01,Centro-Oeste,MT,Cuiabá,Marketplace,Beleza,Produto C,15,1766.76,26501.36,15489.41,6339.99,5.5,3.74
2016,7,2016-07-01,Centro-Oeste,MS,Campo Grande,Marketplace,Casa,Produto D,26,1894.33,49252.52,33857.13,13091.45,14.0,3.43
2016,7,2016-07-01,Sudeste,SP,São Paulo,Aplicativo,Beleza,Produto B,29,2247.52,65178.07,42541.32,17259.09,7.1,4.65
2016,7,2016-07-01,Sudeste,SP,Campinas,Site próprio,Livros,Produto B,13,1234.46,16048.02,9535.54,3935.11,6.4,4.81
2016,7,2016-07-01,Sudeste,SP,Ribeirão Preto,Site próprio,Eletrônicos,Produto A,16,2213.8,35420.78,27260.61,13397.79,5.4,4.85
2016,7,2016-07-01,Sudeste,RJ,Rio de Janeiro,Aplicativo,Eletrônicos,Produto A,26,1764.1,45866.69,31627.71,11629.03,11.3,3.74
2016,7,2016-07-01,Sudeste,RJ,Niterói,Site próprio,Casa,Produto B,13,1265.25,16448.2,12092.91,4561.5,11.9,2.99
2016,7,2016-07-01,Sudeste,RJ,Nova Iguaçu,Site próprio,Eletrônicos,Produto B,3,1035.84,3107.53,2187.92,1200.51,2.5,2.76
2016,7,2016-07-01,Sudeste,RJ,Petrópolis,Aplicativo,Beleza,Produto D,14,1343.04,18802.54,11782.21,4950.58,4.6,3.08
2016,7,2016-07-01,Sudeste,MG,Belo Horizonte,Site próprio,Casa,Produto D,10,1014.52,10145.21,8287.17,4369.9,8.5,3.12
2016,7,2016-07-01,Sudeste,MG,Uberlândia,Aplicativo,Eletrônicos,Produto B,25,163.96,4098.91,2466.38,1719.73,9.9,4.35
2016,7,2016-07-01,Sudeste,MG,Juiz de Fora,Site próprio,Moda,Produto B,1,1028.15,1028.15,757.88,347.43,7.3,4.19
2016,7,2016-07-01,Sudeste,ES,Vitória,Marketplace,Moda,Produto C,13,2131.85,27714.08,16517.12,11387.74,13.6,3.08
2016,7,2016-07-01,Sudeste,ES,Vila Velha,Aplicativo,Eletrônicos,Produto D,25,2187.03,54675.69,36116.1,22094.98,8.9,4.9
2016,7,2016-07-01,Sudeste,ES,Serra,Aplicativo,Livros,Produto C,4,961.34,3845.38,2295.28,1221.31,6.7,2.9
2016,7,2016-07-01,Sul,PR,Curitiba,Site próprio,Livros,Produto A,21,2105.15,44208.1,34149.44,8577.2,13.1,3.84
2016,7,2016-07-01,Sul,PR,Londrina,Marketplace,Beleza,Produto B,9,2056.41,18507.68,14941.26,7520.6,13.6,4.04
2016,7,2016-07-01,Sul,SC,Florianópolis,Aplicativo,Eletrônicos,Produto B,1,1564.58,1564.58,1189.06,626.97,2.1,4.33
2016,7,2016-07-01,Sul,SC,Joinville,Marketplace,Beleza,Produto A,10,1897.54,18975.38,10763.1,6888.02,4.2,4.88
2016,7,2016-07-01,Sul,RS,Porto Alegre,Aplicativo,Eletrônicos,Produto B,9,2334.9,21014.1,14547.91,9399.21,7.1,3.27
2016,7,2016-07-01,Sul,RS,Caxias do Sul,Aplicativo,Moda,Produto C,12,1181.12,14173.45,7973.79,4076.29,11.4,2.93
2016,8,2016-08-01,Norte,AM,Manaus,Site próprio,Beleza,Produto D,29,2004.03,58116.99,45010.16,18885.19,7.0,2.81
2016,8,2016-08-01,Norte,PA,Belém,Site próprio,Livros,Produto D,17,1131.97,19243.49,13175.33,4552.03,2.6,2.67
2016,8,2016-08-01,Norte,PA,Santarém,Aplicativo,Beleza,Produto A,27,2131.41,57548.03,46562.35,20719.81,2.2,4.73
2016,8,2016-08-01,Norte,RO,Porto Velho,Site próprio,Livros,Produto B,13,1417.47,18427.15,14344.99,5247.59,5.1,4.33
2016,8,2016-08-01,Norte,TO,Palmas,Marketplace,Casa,Produto C,13,2330.53,30296.93,24156.24,7134.15,8.8,2.8
2016,8,2016-08-01,Nordeste,BA,Salvador,Marketplace,Eletrônicos,Produto A,16,1276.87,20429.86,13751.53,7191.12,3.5,4.64
2016,8,2016-08-01,Nordeste,BA,Feira de Santana,Site próprio,Casa,Produto B,25,1004.4,25110.05,16412.47,10691.42,7.8,4.86
2016,8,2016-08-01,Nordeste,PE,Recife,Aplicativo,Casa,Produto D,7,2200.13,15400.9,10987.15,6277.85,8.4,4.24
2016,8,2016-08-01,Nordeste,PE,Jaboatão dos Guararapes,Aplicativo,Esporte,Produto D,20,1299.48,25989.55,17598.44,6063.81,7.6,4.92
2016,8,2016-08-01,Nordeste,CE,Fortaleza,Site próprio,Casa,Produto D,10,2147.2,21471.96,11822.61,4807.54,4.7,4.77
2016,8,2016-08-01,Nordeste,CE,Juazeiro do Norte,Site próprio,Esporte,Produto C,1,709.96,709.96,555.2,242.47,9.4,3.47
2016,8,2016-08-01,Nordeste,MA,São Luís,Aplicativo,Eletrônicos,Produto A,5,500.86,2504.29,1452.11,881.95,8.7,4.37
2016,8,2016-08-01,Nordeste,PB,João Pessoa,Marketplace,Eletrônicos,Produto B,19,612.96,11646.27,9113.99,2496.28,11.9,3.74
2016,8,2016-08-01,Centro-Oeste,DF,Brasília,Marketplace,Moda,Produto C,2,636.5,1273.0,837.1,444.7,14.3,4.64
2016,8,2016-08-01,Centro-Oeste,GO,Goiânia,Site próprio,Casa,Produto D,17,299.79,5096.37,3525.12,1775.54,14.7,4.03
2016,8,2016-08-01,Centro-Oeste,GO,Aparecida de Goiânia,Site próprio,Eletrônicos,Produto C,14,197.54,2765.55,2058.91,604.18,11.7,4.2
2016,8,2016-08-01,Centro-Oeste,MT,Cuiabá,Marketplace,Livros,Produto D,11,2493.01,27423.12,21020.45,5805.35,12.5,4.0
2016,8,2016-08-01,Centro-Oeste,MS,Campo Grande,Aplicativo,Casa,Produto B,14,1277.81,17889.38,12258.67,4008.53,6.9,4.72
2016,8,2016-08-01,Sudeste,SP,São Paulo,Site próprio,Livros,Produto C,21,2165.91,45484.07,34032.31,12340.59,13.4,3.91
2016,8,2016-08-01,Sudeste,SP,Campinas,Aplicativo,Eletrônicos,Produto D,7,1744.99,12214.92,8286.85,4164.58,10.7,2.82
2016,8,2016-08-01,Sudeste,SP,Ribeirão Preto,Site próprio,Livros,Produto A,5,419.16,2095.81,1377.89,790.01,14.1,4.85
2016,8,2016-08-01,Sudeste,RJ,Rio de Janeiro,Marketplace,Livros,Produto A,2,1984.38,3968.75,2394.76,931.96,10.3,4.1
2016,8,2016-08-01,Sudeste,RJ,Niterói,Marketplace,Casa,Produto C,17,1286.3,21867.09,15060.22,7834.34,13.5,4.22
2016,8,2016-08-01,Sudeste,RJ,Nova Iguaçu,Site próprio,Livros,Produto C,26,729.17,18958.5,14647.92,3979.32,5.2,4.11
2016,8,2016-08-01,Sudeste,RJ,Petrópolis,Marketplace,Eletrônicos,Produto D,27,2138.44,57737.84,35710.72,23998.0,10.5,4.0
2016,8,2016-08-01,Sudeste,MG,Belo Horizonte,Site próprio,Eletrônicos,Produto D,1,1230.52,1230.52,848.65,530.38,9.6,2.97
2016,8,2016-08-01,Sudeste,MG,Uberlândia,Aplicativo,Casa,Produto D,29,2205.12,63948.39,47484.75,14429.38,12.4,3.57
2016,8,2016-08-01,Sudeste,MG,Juiz de Fora,Site próprio,Livros,Produto D,27,989.04,26704.0,20108.57,7612.35,10.0,2.94
2016,8,2016-08-01,Sudeste,ES,Vitória,Site próprio,Moda,Produto C,20,597.39,11947.73,8255.48,5304.18,9.4,2.93
2016,8,2016-08-01,Sudeste,ES,Vila Velha,Aplicativo,Moda,Produto A,20,1452.65,29053.03,17316.56,9696.41,14.8,4.0
2016,8,2016-08-01,Sudeste,ES,Serra,Site próprio,Casa,Produto C,10,1296.38,12963.83,8731.12,3807.78,2.8,2.64
2016,8,2016-08-01,Sul,PR,Curitiba,Marketplace,Moda,Produto D,13,2351.53,30569.92,17052.55,7227.27,14.5,5.0
2016,8,2016-08-01,Sul,PR,Londrina,Marketplace,Casa,Produto D,28,437.77,12257.52,6748.97,4210.22,11.9,4.69
2016,8,2016-08-01,Sul,SC,Florianópolis,Marketplace,Casa,Produto C,17,1860.08,31621.32,22870.73,6494.85,12.7,4.69
2016,8,2016-08-01,Sul,SC,Joinville,Aplicativo,Beleza,Produto D,18,681.32,12263.68,9336.7,5497.9,5.0,3.92
2016,8,2016-08-01,Sul,RS,Porto Alegre,Site próprio,Esporte,Produto B,13,1282.3,16669.95,11945.29,6745.31,2.7,4.7
2016,8,2016-08-01,Sul,RS,Caxias do Sul,Aplicativo,Moda,Produto A,23,1237.86,28470.71,21184.49,6432.11,3.2,2.7
2016,9,2016-09-01,Norte,AM,Manaus,Marketplace,Esporte,Produto A,19,147.03,2793.64,2282.82,650.71,7.3,4.28
2016,9,2016-09-01,Norte,PA,Belém,Marketplace,Eletrônicos,Produto A,1,56.81,56.81,44.42,17.78,11.3,2.99
2016,9,2016-09-01,Norte,PA,Santarém,Marketplace,Casa,Produto C,24,2445.74,58697.7,32475.94,18878.31,14.4,2.51
2016,9,2016-09-01,Norte,RO,Porto Velho,Site próprio,Beleza,Produto D,12,1145.69,13748.24,7919.16,4078.73,5.5,4.27
2016,9,2016-09-01,Norte,TO,Palmas,Site próprio,Eletrônicos,Produto D,14,169.28,2369.88,1309.94,719.1,4.9,4.83
2016,9,2016-09-01,Nordeste,BA,Salvador,Site próprio,Esporte,Produto D,15,1483.79,22256.78,16446.16,7751.69,14.1,4.71
2016,9,2016-09-01,Nordeste,BA,Feira de Santana,Site próprio,Livros,Produto D,24,1235.69,29656.49,20753.83,5614.45,3.7,3.98
2016,9,2016-09-01,Nordeste,PE,Recife,Marketplace,Eletrônicos,Produto A,13,1921.79,24983.22,14451.97,6387.22,14.9,4.42
2016,9,2016-09-01,Nordeste,PE,Jaboatão dos Guararapes,Marketplace,Casa,Produto A,13,1789.59,23264.61,17537.11,4461.39,9.0,3.79
2016,9,2016-09-01,Nordeste,CE,Fortaleza,Marketplace,Beleza,Produto B,24,1971.71,47321.04,26485.85,20277.95,4.9,2.92
2016,9,2016-09-01,Nordeste,CE,Juazeiro do Norte,Marketplace,Esporte,Produto D,12,1336.71,16040.57,9793.81,3098.66,9.5,4.87
2016,9,2016-09-01,Nordeste,MA,São Luís,Aplicativo,Beleza,Produto A,21,1822.64,38275.45,29149.21,7336.93,11.4,4.42
2016,9,2016-09-01,Nordeste,PB,João Pessoa,Marketplace,Beleza,Produto C,3,155.11,465.32,366.19,172.83,4.4,4.48
2016,9,2016-09-01,Centro-Oeste,DF,Brasília,Site próprio,Livros,Produto B,18,1056.09,19009.59,13262.1,7711.13,4.1,4.99
2016,9,2016-09-01,Centro-Oeste,GO,Goiânia,Marketplace,Moda,Produto A,20,815.94,16318.84,12308.98,6372.66,12.4,3.46
2016,9,2016-09-01,Centro-Oeste,GO,Aparecida de Goiânia,Aplicativo,Esporte,Produto A,12,195.95,2351.36,1652.29,824.81,10.3,4.78
2016,9,2016-09-01,Centro-Oeste,MT,Cuiabá,Site próprio,Moda,Produto C,29,1019.08,29553.21,19708.0,8529.05,9.9,2.62
2016,9,2016-09-01,Centro-Oeste,MS,Campo Grande,Marketplace,Moda,Produto D,25,2014.75,50368.8,28088.07,15750.33,10.1,4.73
2016,9,2016-09-01,Sudeste,SP,São Paulo,Marketplace,Eletrônicos,Produto C,15,1124.52,16867.79,12823.51,7097.25,2.9,3.2
2016,9,2016-09-01,Sudeste,SP,Campinas,Site próprio,Livros,Produto B,17,1352.3,22989.14,14509.75,4561.35,13.3,3.38
2016,9,2016-09-01,Sudeste,SP,Ribeirão Preto,Site próprio,Moda,Produto C,19,291.7,5542.23,4014.99,1022.0,11.2,3.12
2016,9,2016-09-01,Sudeste,RJ,Rio de Janeiro,Marketplace,Moda,Produto B,23,2142.18,49270.09,36138.95,13904.31,12.3,3.7
2016,9,2016-09-01,Sudeste,RJ,Niterói,Site próprio,Beleza,Produto C,23,2309.18,53111.14,38421.29,21283.01,2.1,4.6
2016,9,2016-09-01,Sudeste,RJ,Nova Iguaçu,Marketplace,Moda,Produto B,11,645.11,7096.22,5283.33,2766.57,9.2,3.84
2016,9,2016-09-01,Sudeste,RJ,Petrópolis,Aplicativo,Esporte,Produto D,1,2446.28,2446.28,1395.89,565.83,14.0,3.74
2016,9,2016-09-01,Sudeste,MG,Belo Horizonte,Site próprio,Livros,Produto C,11,793.17,8724.84,6509.21,1591.99,12.7,4.94
2016,9,2016-09-01,Sudeste,MG,Uberlândia,Marketplace,Casa,Produto B,14,594.64,8325.02,6657.52,2068.08,4.1,3.72
2016,9,2016-09-01,Sudeste,MG,Juiz de Fora,Site próprio,Eletrônicos,Produto A,6,1880.24,11281.45,9138.49,4593.83,2.6,4.82
2016,9,2016-09-01,Sudeste,ES,Vitória,Aplicativo,Esporte,Produto A,11,184.27,2026.94,1153.29,833.4,8.2,4.2
2016,9,2016-09-01,Sudeste,ES,Vila Velha,Marketplace,Eletrônicos,Produto D,15,2068.54,31028.09,17760.33,12966.2,8.5,2.76
2016,9,2016-09-01,Sudeste,ES,Serra,Marketplace,Beleza,Produto D,13,519.85,6758.02,4394.97,1284.75,3.3,3.97
2016,9,2016-09-01,Sul,PR,Curitiba,Aplicativo,Livros,Produto D,8,643.8,5150.38,3996.51,1364.57,8.3,4.35
2016,9,2016-09-01,Sul,PR,Londrina,Marketplace,Livros,Produto B,20,933.32,18666.31,10715.42,4828.23,12.0,4.36
2016,9,2016-09-01,Sul,SC,Florianópolis,Aplicativo,Eletrônicos,Produto C,9,325.97,2933.7,2164.95,642.36,2.6,3.77
2016,9,2016-09-01,Sul,SC,Joinville,Site próprio,Casa,Produto D,9,2340.72,21066.47,12177.32,6540.78,13.0,3.64
2016,9,2016-09-01,Sul,RS,Porto Alegre,Site próprio,Beleza,Produto B,14,1821.33,25498.69,20900.89,7029.61,5.6,3.58
2016,9,2016-09-01,Sul,RS,Caxias do Sul,Marketplace,Livros,Produto B,7,458.75,3211.23,1896.2,1161.6,12.8,2.94
2016,10,2016-10-01,Norte,AM,Manaus,Marketplace,Casa,Produto A,29,2332.07,67630.03,52866.88,24552.38,3.3,4.39
2016,10,2016-10-01,Norte,PA,Belém,Marketplace,Esporte,Produto B,9,1345.57,12110.17,6670.39,5313.86,14.9,3.11
2016,10,2016-10-01,Norte,PA,Santarém,Site próprio,Eletrônicos,Produto B,20,1787.61,35752.21,23826.2,10860.48,5.1,4.19
2016,10,2016-10-01,Norte,RO,Porto Velho,Marketplace,Eletrônicos,Produto C,18,2266.6,40798.72,33204.18,14852.27,12.3,4.33
2016,10,2016-10-01,Norte,TO,Palmas,Site próprio,Esporte,Produto C,29,977.18,28338.25,17516.76,11699.54,10.1,3.6
2016,10,2016-10-01,Nordeste,BA,Salvador,Site próprio,Moda,Produto B,24,646.48,15515.53,8822.04,5081.52,14.8,4.54
2016,10,2016-10-01,Nordeste,BA,Feira de Santana,Site próprio,Eletrônicos,Produto A,26,1637.08,42564.16,25124.47,12465.31,2.1,4.78
2016,10,2016-10-01,Nordeste,PE,Recife,Marketplace,Eletrônicos,Produto C,27,1856.08,50114.05,39406.12,9136.36,10.1,4.39
2016,10,2016-10-01,Nordeste,PE,Jaboatão dos Guararapes,Site próprio,Livros,Produto C,26,1105.67,28747.54,20317.21,6579.79,13.5,2.95
2016,10,2016-10-01,Nordeste,CE,Fortaleza,Site próprio,Eletrônicos,Produto D,4,1199.03,4796.14,3152.13,2081.36,14.5,3.04
2016,10,2016-10-01,Nordeste,CE,Juazeiro do Norte,Aplicativo,Esporte,Produto D,26,2103.82,54699.3,31685.85,24264.14,5.8,4.5
2016,10,2016-10-01,Nordeste,MA,São Luís,Aplicativo,Moda,Produto A,17,105.83,1799.11,1031.92,368.77,2.3,4.97
2016,10,2016-10-01,Nordeste,PB,João Pessoa,Aplicativo,Eletrônicos,Produto A,19,298.75,5676.31,3230.63,1351.43,10.6,4.33
2016,10,2016-10-01,Centro-Oeste,DF,Brasília,Aplicativo,Casa,Produto B,14,2227.24,31181.31,18445.4,12757.59,7.6,4.7
2016,10,2016-10-01,Centro-Oeste,GO,Goiânia,Marketplace,Esporte,Produto A,22,1722.83,37902.16,27468.85,16457.14,5.8,3.36
2016,10,2016-10-01,Centro-Oeste,GO,Aparecida de Goiânia,Site próprio,Casa,Produto A,27,1421.75,38387.31,23514.9,8325.1,3.9,4.39
2016,10,2016-10-01,Centro-Oeste,MT,Cuiabá,Aplicativo,Eletrônicos,Produto D,20,890.93,17818.52,13349.85,5580.42,9.0,2.77
2016,10,2016-10-01,Centro-Oeste,MS,Campo Grande,Marketplace,Esporte,Produto B,16,1702.46,27239.34,19857.56,11011.79,13.4,3.25
2016,10,2016-10-01,Sudeste,SP,São Paulo,Site próprio,Esporte,Produto A,19,1202.51,22847.78,17207.2,5107.37,5.3,3.96
2016,10,2016-10-01,Sudeste,SP,Campinas,Site próprio,Eletrônicos,Produto D,18,1214.25,21856.54,14125.28,8358.46,6.2,3.64
2016,10,2016-10-01,Sudeste,SP,Ribeirão Preto,Marketplace,Livros,Produto A,27,114.96,3103.99,2076.12,991.21,8.5,4.33
2016,10,2016-10-01,Sudeste,RJ,Rio de Janeiro,Aplicativo,Livros,Produto A,28,1324.27,37079.52,27468.7,7819.12,13.7,3.07
2016,10,2016-10-01,Sudeste,RJ,Niterói,Site próprio,Beleza,Produto B,11,1590.02,17490.24,11811.22,6083.67,4.5,4.61
2016,10,2016-10-01,Sudeste,RJ,Nova Iguaçu,Marketplace,Beleza,Produto A,27,1014.53,27392.33,16391.56,12204.79,7.8,3.05
2016,10,2016-10-01,Sudeste,RJ,Petrópolis,Site próprio,Esporte,Produto D,28,2338.09,65466.64,52432.9,26372.66,10.8,4.25
2016,10,2016-10-01,Sudeste,MG,Belo Horizonte,Aplicativo,Moda,Produto C,15,2405.79,36086.88,27565.17,11587.46,8.7,4.44
2016,10,2016-10-01,Sudeste,MG,Uberlândia,Aplicativo,Moda,Produto B,10,54.45,544.46,339.09,143.66,3.3,4.75
2016,10,2016-10-01,Sudeste,MG,Juiz de Fora,Aplicativo,Eletrônicos,Produto C,24,534.84,12836.09,10010.94,3393.64,5.6,4.46
2016,10,2016-10-01,Sudeste,ES,Vitória,Aplicativo,Eletrônicos,Produto A,3,1028.94,3086.82,2304.03,1097.15,11.8,3.61
2016,10,2016-10-01,Sudeste,ES,Vila Velha,Aplicativo,Esporte,Produto B,11,2082.88,22911.65,12790.55,6346.14,6.4,4.76
2016,10,2016-10-01,Sudeste,ES,Serra,Site próprio,Livros,Produto D,18,416.33,7493.9,5325.58,1842.63,7.0,4.44
2016,10,2016-10-01,Sul,PR,Curitiba,Aplicativo,Beleza,Produto D,14,1287.91,18030.79,13917.8,5620.76,9.7,3.69
2016,10,2016-10-01,Sul,PR,Londrina,Marketplace,Casa,Produto B,24,105.87,2540.98,1578.5,481.69,11.1,3.83
2016,10,2016-10-01,Sul,SC,Florianópolis,Site próprio,Livros,Produto D,13,668.58,8691.55,5115.88,2964.54,4.2,4.96
2016,10,2016-10-01,Sul,SC,Joinville,Marketplace,Eletrônicos,Produto C,11,2452.33,26975.65,15663.83,6439.01,4.9,3.93
2016,10,2016-10-01,Sul,RS,Porto Alegre,Aplicativo,Beleza,Produto D,3,881.07,2643.22,1906.43,649.38,2.1,4.34
2016,10,2016-10-01,Sul,RS,Caxias do Sul,Marketplace,Esporte,Produto B,5,619.83,3099.14,1977.13,936.72,12.0,3.36
2016,11,2016-11-01,Norte,AM,Manaus,Site próprio,Livros,Produto B,12,972.85,11674.24,8282.14,3200.96,6.4,2.69
2016,11,2016-11-01,Norte,PA,Belém,Aplicativo,Beleza,Produto C,8,977.21,7817.71,4415.74,1417.6,14.8,3.12
2016,11,2016-11-01,Norte,PA,Santarém,Marketplace,Eletrônicos,Produto D,23,852.5,19607.42,15390.93,4846.03,2.8,2.72
2016,11,2016-11-01,Norte,RO,Porto Velho,Aplicativo,Eletrônicos,Produto B,25,79.63,1990.66,1234.69,413.83,11.0,2.79
2016,11,2016-11-01,Norte,TO,Palmas,Site próprio,Moda,Produto D,18,1566.71,28200.74,21576.81,9548.55,7.1,3.83
2016,11,2016-11-01,Nordeste,BA,Salvador,Marketplace,Moda,Produto D,11,1161.22,12773.45,8258.9,3840.47,8.4,3.24
2016,11,2016-11-01,Nordeste,BA,Feira de Santana,Site próprio,Esporte,Produto A,13,1918.1,24935.35,17962.56,9433.24,4.5,3.14
2016,11,2016-11-01,Nordeste,PE,Recife,Site próprio,Eletrônicos,Produto C,26,2423.05,62999.37,39417.25,26191.82,2.2,4.68
2016,11,2016-11-01,Nordeste,PE,Jaboatão dos Guararapes,Aplicativo,Eletrônicos,Produto D,19,1930.21,36673.96,26675.27,15292.21,14.6,3.2
2016,11,2016-11-01,Nordeste,CE,Fortaleza,Aplicativo,Beleza,Produto B,22,1136.04,24992.82,18524.36,10817.21,8.0,4.44
2016,11,2016-11-01,Nordeste,CE,Juazeiro do Norte,Site próprio,Esporte,Produto A,15,793.55,11903.26,8147.82,5077.05,7.6,3.08
2016,11,2016-11-01,Nordeste,MA,São Luís,Site próprio,Eletrônicos,Produto B,25,760.89,19022.24,10978.56,4239.91,12.1,4.59
2016,11,2016-11-01,Nordeste,PB,João Pessoa,Marketplace,Moda,Produto B,29,1803.3,52295.73,34445.36,11710.77,6.7,4.4
2016,11,2016-11-01,Centro-Oeste,DF,Brasília,Marketplace,Casa,Produto D,14,2412.52,33775.32,23315.75,12304.71,12.8,3.88
2016,11,2016-11-01,Centro-Oeste,GO,Goiânia,Marketplace,Moda,Produto D,16,429.15,6866.4,4583.22,2226.52,11.9,2.66
2016,11,2016-11-01,Centro-Oeste,GO,Aparecida de Goiânia,Marketplace,Casa,Produto B,5,1268.85,6344.27,5159.18,2685.55,7.1,4.93
2016,11,2016-11-01,Centro-Oeste,MT,Cuiabá,Site próprio,Eletrônicos,Produto D,6,2048.7,12292.22,6876.57,3322.64,3.7,3.55
2016,11,2016-11-01,Centro-Oeste,MS,Campo Grande,Site próprio,Eletrônicos,Produto A,1,2015.09,2015.09,1642.53,603.99,4.2,4.04
2016,11,2016-11-01,Sudeste,SP,São Paulo,Site próprio,Beleza,Produto B,9,66.71,600.41,488.06,225.73,7.3,4.75
2016,11,2016-11-01,Sudeste,SP,Campinas,Marketplace,Eletrônicos,Produto C,19,1534.06,29147.21,21269.89,12549.29,10.7,3.19
2016,11,2016-11-01,Sudeste,SP,Ribeirão Preto,Marketplace,Livros,Produto C,27,200.86,5423.34,4226.66,979.09,6.6,2.87
2016,11,2016-11-01,Sudeste,RJ,Rio de Janeiro,Site próprio,Moda,Produto B,19,1374.14,26108.69,15778.64,9045.62,14.0,2.85
2016,11,2016-11-01,Sudeste,RJ,Niterói,Site próprio,Esporte,Produto B,10,273.31,2733.13,2049.99,715.02,4.9,3.45
2016,11,2016-11-01,Sudeste,RJ,Nova Iguaçu,Marketplace,Casa,Produto A,2,1703.22,3406.43,2216.13,956.84,5.8,3.08
2016,11,2016-11-01,Sudeste,RJ,Petrópolis,Site próprio,Esporte,Produto D,25,963.8,24094.91,18820.58,6474.83,10.8,3.37
2016,11,2016-11-01,Sudeste,MG,Belo Horizonte,Aplicativo,Eletrônicos,Produto C,22,2441.22,53706.84,37791.56,15303.46,11.3,4.74
2016,11,2016-11-01,Sudeste,MG,Uberlândia,Aplicativo,Casa,Produto A,7,1836.26,12853.83,7522.77,2995.84,6.4,3.46
2016,11,2016-11-01,Sudeste,MG,Juiz de Fora,Marketplace,Moda,Produto D,14,333.34,4666.75,3774.58,1056.27,9.3,4.7
2016,11,2016-11-01,Sudeste,ES,Vitória,Site próprio,Moda,Produto A,15,1140.68,17110.18,11283.12,4354.0,6.2,4.57
2016,11,2016-11-01,Sudeste,ES,Vila Velha,Marketplace,Moda,Produto D,1,1176.63,1176.63,866.06,506.74,5.7,4.53
2016,11,2016-11-01,Sudeste,ES,Serra,Site próprio,Casa,Produto C,1,2160.34,2160.34,1658.76,565.38,9.5,4.97
2016,11,2016-11-01,Sul,PR,Curitiba,Site próprio,Eletrônicos,Produto C,28,1524.95,42698.58,31451.4,12312.59,2.2,4.35
2016,11,2016-11-01,Sul,PR,Londrina,Aplicativo,Casa,Produto D,27,263.11,7104.0,4887.17,3095.12,11.6,2.54
2016,11,2016-11-01,Sul,SC,Florianópolis,Aplicativo,Beleza,Produto B,12,2013.3,24159.54,13571.98,9278.69,5.2,2.6
2016,11,2016-11-01,Sul,SC,Joinville,Marketplace,Esporte,Produto B,8,230.49,1843.94,1508.55,406.34,9.7,4.32
2016,11,2016-11-01,Sul,RS,Porto Alegre,Aplicativo,Moda,Produto B,1,1032.49,1032.49,639.14,390.71,3.5,4.86
2016,11,2016-11-01,Sul,RS,Caxias do Sul,Aplicativo,Livros,Produto B,9,1918.99,17270.88,13596.1,3951.36,5.5,2.87
2016,12,2016-12-01,Norte,AM,Manaus,Site próprio,Casa,Produto B,4,2206.96,8827.86,6292.44,3652.0,12.3,4.73
2016,12,2016-12-01,Norte,PA,Belém,Site próprio,Livros,Produto D,25,2161.82,54045.55,42001.52,24266.5,11.9,3.6
2016,12,2016-12-01,Norte,PA,Santarém,Site próprio,Esporte,Produto A,18,2214.22,39855.93,30287.54,10364.7,13.7,3.45
2016,12,2016-12-01,Norte,RO,Porto Velho,Site próprio,Casa,Produto C,2,1212.42,2424.84,1882.7,817.88,6.8,4.0
2016,12,2016-12-01,Norte,TO,Palmas,Site próprio,Beleza,Produto C,8,1132.32,9058.55,6945.24,3194.52,7.6,2.54
2016,12,2016-12-01,Nordeste,BA,Salvador,Marketplace,Esporte,Produto A,14,1887.53,26425.47,19478.42,9745.78,14.8,3.45
2016,12,2016-12-01,Nordeste,BA,Feira de Santana,Aplicativo,Eletrônicos,Produto C,2,196.14,392.28,279.06,150.54,6.8,3.52
2016,12,2016-12-01,Nordeste,PE,Recife,Aplicativo,Beleza,Produto C,23,1183.1,27211.37,20515.36,9118.87,2.4,2.71
2016,12,2016-12-01,Nordeste,PE,Jaboatão dos Guararapes,Marketplace,Beleza,Produto A,17,935.48,15903.15,10057.32,4765.22,4.7,3.25
2016,12,2016-12-01,Nordeste,CE,Fortaleza,Marketplace,Eletrônicos,Produto B,16,808.97,12943.52,9142.93,3277.6,12.4,4.64
2016,12,2016-12-01,Nordeste,CE,Juazeiro do Norte,Marketplace,Moda,Produto D,11,1597.52,17572.69,10142.95,5030.74,9.2,4.59
2016,12,2016-12-01,Nordeste,MA,São Luís,Marketplace,Livros,Produto D,13,1122.16,14588.13,9399.86,5155.04,10.4,3.91
2016,12,2016-12-01,Nordeste,PB,João Pessoa,Aplicativo,Eletrônicos,Produto A,18,1352.07,24337.26,16371.77,4946.57,12.1,3.74
2016,12,2016-12-01,Centro-Oeste,DF,Brasília,Site próprio,Eletrônicos,Produto C,24,2228.18,53476.26,38391.52,11957.9,5.4,4.27
2016,12,2016-12-01,Centro-Oeste,GO,Goiânia,Site próprio,Casa,Produto B,19,503.68,9569.9,6003.56,3201.99,14.1,2.55
2016,12,2016-12-01,Centro-Oeste,GO,Aparecida de Goiânia,Aplicativo,Beleza,Produto B,23,992.75,22833.32,13598.5,7662.85,7.9,2.72
2016,12,2016-12-01,Centro-Oeste,MT,Cuiabá,Site próprio,Eletrônicos,Produto D,23,675.96,15547.17,10747.0,6334.13,12.3,4.26
2016,12,2016-12-01,Centro-Oeste,MS,Campo Grande,Aplicativo,Eletrônicos,Produto A,11,2090.58,22996.39,15505.8,7486.45,7.5,4.4
2016,12,2016-12-01,Sudeste,SP,São Paulo,Site próprio,Moda,Produto B,25,626.1,15652.62,9774.03,3336.45,14.7,4.76
2016,12,2016-12-01,Sudeste,SP,Campinas,Aplicativo,Livros,Produto C,13,561.5,7299.44,5507.95,2554.25,6.2,4.28
2016,12,2016-12-01,Sudeste,SP,Ribeirão Preto,Site próprio,Esporte,Produto A,9,115.09,1035.82,589.47,463.59,9.0,3.56
2016,12,2016-12-01,Sudeste,RJ,Rio de Janeiro,Site próprio,Moda,Produto D,7,385.43,2698.03,1584.33,1007.98,6.0,3.56
2016,12,2016-12-01,Sudeste,RJ,Niterói,Marketplace,Beleza,Produto D,4,517.1,2068.4,1150.65,764.49,10.4,4.92
2016,12,2016-12-01,Sudeste,RJ,Nova Iguaçu,Site próprio,Beleza,Produto D,16,1777.2,28435.2,16488.58,9101.01,5.8,3.36
2016,12,2016-12-01,Sudeste,RJ,Petrópolis,Marketplace,Moda,Produto A,10,2425.65,24256.45,16797.48,5283.4,8.6,4.54
2016,12,2016-12-01,Sudeste,MG,Belo Horizonte,Aplicativo,Beleza,Produto B,22,2415.87,53149.11,35724.15,22553.58,5.3,3.6
2016,12,2016-12-01,Sudeste,MG,Uberlândia,Marketplace,Esporte,Produto D,9,2006.84,18061.57,12259.9,3276.7,4.0,3.92
2016,12,2016-12-01,Sudeste,MG,Juiz de Fora,Marketplace,Casa,Produto C,20,2373.78,47475.6,32015.05,20381.49,14.8,3.58
2016,12,2016-12-01,Sudeste,ES,Vitória,Aplicativo,Moda,Produto C,8,1703.8,13630.43,9250.1,5386.94,2.1,4.36
2016,12,2016-12-01,Sudeste,ES,Vila Velha,Marketplace,Casa,Produto D,27,631.47,17049.58,9702.4,3789.24,7.8,4.18
2016,12,2016-12-01,Sudeste,ES,Serra,Marketplace,Beleza,Produto A,8,1029.14,8233.13,6208.11,1666.44,8.8,3.16
2016,12,2016-12-01,Sul,PR,Curitiba,Aplicativo,Livros,Produto D,5,145.82,729.11,427.99,145.29,5.6,3.95
2016,12,2016-12-01,Sul,PR,Londrina,Marketplace,Casa,Produto C,17,1678.92,28541.58,23268.77,6953.76,10.2,4.48
2016,12,2016-12-01,Sul,SC,Florianópolis,Aplicativo,Eletrônicos,Produto A,6,2260.14,13560.85,8889.83,5768.69,8.4,2.87
2016,12,2016-12-01,Sul,SC,Joinville,Site próprio,Casa,Produto C,20,2276.16,45523.28,35057.45,9291.84,12.1,4.9
2016,12,2016-12-01,Sul,RS,Porto Alegre,Marketplace,Casa,Produto D,5,714.39,3571.95,2541.44,1540.72,11.9,3.98
2016,12,2016-12-01,Sul,RS,Caxias do Sul,Aplicativo,Eletrônicos,Produto B,26,1626.81,42297.1,32744.78,8744.12,3.7,4.01
2017,1,2017-01-01,Norte,AM,Manaus,Marketplace,Beleza,Produto D,17,1846.25,31386.18,19282.67,12861.62,5.4,3.9
2017,1,2017-01-01,Norte,PA,Belém,Aplicativo,Casa,Produto A,14,2480.59,34728.33,23676.18,13558.95,7.2,4.49
2017,1,2017-01-01,Norte,PA,Santarém,Aplicativo,Casa,Produto A,6,1684.88,10109.28,7179.44,2702.67,11.1,2.98
2017,1,2017-01-01,Norte,RO,Porto Velho,Site próprio,Livros,Produto D,26,768.77,19987.89,11641.06,5733.95,9.5,4.88
2017,1,2017-01-01,Norte,TO,Palmas,Marketplace,Livros,Produto B,17,1449.19,24636.21,13581.86,5647.72,7.4,3.46
2017,1,2017-01-01,Nordeste,BA,Salvador,Marketplace,Livros,Produto A,1,1267.35,1267.35,964.23,380.6,13.5,4.19
2017,1,2017-01-01,Nordeste,BA,Feira de Santana,Site próprio,Eletrônicos,Produto B,14,2097.64,29366.98,21561.54,5296.36,6.5,4.8
2017,1,2017-01-01,Nordeste,PE,Recife,Site próprio,Livros,Produto A,15,71.21,1068.09,679.34,220.2,9.8,4.38
2017,1,2017-01-01,Nordeste,PE,Jaboatão dos Guararapes,Aplicativo,Beleza,Produto B,4,445.16,1780.62,1323.92,711.8,6.4,3.76
2017,1,2017-01-01,Nordeste,CE,Fortaleza,Site próprio,Livros,Produto D,1,526.86,526.86,357.62,222.07,4.9,2.86
2017,1,2017-01-01,Nordeste,CE,Juazeiro do Norte,Site próprio,Esporte,Produto D,10,1929.29,19292.93,14451.24,6583.73,11.6,2.75
2017,1,2017-01-01,Nordeste,MA,São Luís,Site próprio,Livros,Produto A,1,2329.52,2329.52,1535.8,792.46,11.9,4.46
2017,1,2017-01-01,Nordeste,PB,João Pessoa,Marketplace,Casa,Produto D,21,1447.59,30399.39,20013.51,11999.8,2.2,3.35
2017,1,2017-01-01,Centro-Oeste,DF,Brasília,Site próprio,Beleza,Produto B,24,1504.51,36108.22,27636.54,12909.75,14.1,3.01
2017,1,2017-01-01,Centro-Oeste,GO,Goiânia,Marketplace,Livros,Produto B,19,54.75,1040.27,573.7,278.51,3.5,3.88
2017,1,2017-01-01,Centro-Oeste,GO,Aparecida de Goiânia,Site próprio,Casa,Produto C,9,2360.09,21240.82,15858.18,9423.14,3.2,3.36
2017,1,2017-01-01,Centro-Oeste,MT,Cuiabá,Aplicativo,Esporte,Produto C,14,1403.49,19648.93,13159.62,4141.9,5.0,3.45
2017,1,2017-01-01,Centro-Oeste,MS,Campo Grande,Aplicativo,Esporte,Produto A,23,1384.29,31838.75,20749.0,7203.85,6.8,4.85
2017,1,2017-01-01,Sudeste,SP,São Paulo,Marketplace,Moda,Produto B,1,402.03,402.03,290.03,104.47,11.6,4.47
2017,1,2017-01-01,Sudeste,SP,Campinas,Marketplace,Livros,Produto D,27,493.46,13323.46,9485.38,2710.39,13.1,3.45
2017,1,2017-01-01,Sudeste,SP,Ribeirão Preto,Site próprio,Esporte,Produto B,18,1893.81,34088.56,22756.16,13121.06,2.9,3.9
2017,1,2017-01-01,Sudeste,RJ,Rio de Janeiro,Site próprio,Beleza,Produto C,12,1141.43,13697.16,8716.9,3403.33,9.3,4.69
2017,1,2017-01-01,Sudeste,RJ,Niterói,Marketplace,Beleza,Produto B,16,1389.92,22238.76,12277.95,8696.73,4.4,2.54
2017,1,2017-01-01,Sudeste,RJ,Nova Iguaçu,Aplicativo,Moda,Produto A,6,1688.12,10128.7,8172.6,3744.62,6.3,4.04
2017,1,2017-01-01,Sudeste,RJ,Petrópolis,Site próprio,Esporte,Produto D,14,2322.37,32513.13,23812.76,10047.11,6.5,3.55
2017,1,2017-01-01,Sudeste,MG,Belo Horizonte,Site próprio,Esporte,Produto B,4,125.93,503.73,297.32,186.8,6.9,5.0
2017,1,2017-01-01,Sudeste,MG,Uberlândia,Marketplace,Moda,Produto D,13,1027.36,13355.62,8695.43,3345.23,12.9,3.91
2017,1,2017-01-01,Sudeste,MG,Juiz de Fora,Site próprio,Casa,Produto C,18,1246.06,22428.99,16121.04,7065.29,10.0,3.92
2017,1,2017-01-01,Sudeste,ES,Vitória,Site próprio,Moda,Produto D,14,1451.02,20314.21,12838.41,8819.72,9.1,3.69
2017,1,2017-01-01,Sudeste,ES,Vila Velha,Marketplace,Livros,Produto D,4,280.05,1120.2,743.38,325.57,10.6,3.2
2017,1,2017-01-01,Sudeste,ES,Serra,Marketplace,Casa,Produto D,28,803.69,22503.35,18116.42,5967.94,10.9,4.51
2017,1,2017-01-01,Sul,PR,Curitiba,Marketplace,Casa,Produto C,24,1260.02,30240.38,22307.78,9840.5,6.3,2.52
2017,1,2017-01-01,Sul,PR,Londrina,Marketplace,Livros,Produto A,10,1703.21,17032.09,11767.85,6574.63,14.9,3.38
2017,1,2017-01-01,Sul,SC,Florianópolis,Marketplace,Esporte,Produto B,27,1436.51,38785.72,23652.33,8431.33,13.5,2.52
2017,1,2017-01-01,Sul,SC,Joinville,Aplicativo,Casa,Produto B,25,1054.6,26364.97,20602.7,9205.64,14.6,4.09
2017,1,2017-01-01,Sul,RS,Porto Alegre,Site próprio,Livros,Produto A,2,491.88,983.75,576.42,426.85,14.8,4.43
2017,1,2017-01-01,Sul,RS,Caxias do Sul,Aplicativo,Esporte,Produto C,27,1786.6,48238.16,34908.75,20478.14,9.6,3.62
2017,2,2017-02-01,Norte,AM,Manaus,Site próprio,Beleza,Produto A,6,115.42,692.53,563.62,310.8,13.9,4.64
2017,2,2017-02-01,Norte,PA,Belém,Site próprio,Casa,Produto C,3,1406.52,4219.56,3256.94,1744.68,7.9,4.34
2017,2,2017-02-01,Norte,PA,Santarém,Marketplace,Esporte,Produto B,5,2300.9,11504.49,8735.36,2728.52,2.3,3.22
2017,2,2017-02-01,Norte,RO,Porto Velho,Aplicativo,Esporte,Produto D,9,2237.68,20139.12,11587.22,6477.89,9.9,4.24
2017,2,2017-02-01,Norte,TO,Palmas,Aplicativo,Eletrônicos,Produto B,23,2466.44,56728.14,32758.43,22667.22,7.0,4.06
2017,2,2017-02-01,Nordeste,BA,Salvador,Marketplace,Moda,Produto C,1,2347.43,2347.43,1811.16,889.24,13.7,4.66
2017,2,2017-02-01,Nordeste,BA,Feira de Santana,Aplicativo,Beleza,Produto B,7,794.12,5558.83,3732.66,1145.38,6.7,4.26
2017,2,2017-02-01,Nordeste,PE,Recife,Marketplace,Esporte,Produto D,11,157.77,1735.47,995.67,645.11,10.4,4.77
2017,2,2017-02-01,Nordeste,PE,Jaboatão dos Guararapes,Site próprio,Esporte,Produto C,16,2151.04,34416.65,21698.81,13728.46,4.1,4.85
2017,2,2017-02-01,Nordeste,CE,Fortaleza,Aplicativo,Livros,Produto B,24,1179.42,28306.1,17383.55,7965.03,6.2,3.46
2017,2,2017-02-01,Nordeste,CE,Juazeiro do Norte,Aplicativo,Casa,Produto B,24,1734.68,41632.43,27612.33,8059.81,9.8,4.43
2017,2,2017-02-01,Nordeste,MA,São Luís,Site próprio,Livros,Produto D,1,859.89,859.89,474.55,312.73,13.5,2.85
2017,2,2017-02-01,Nordeste,PB,João Pessoa,Site próprio,Moda,Produto B,23,1012.02,23276.55,17063.77,5540.61,9.0,4.79
2017,2,2017-02-01,Centro-Oeste,DF,Brasília,Marketplace,Casa,Produto D,26,871.51,22659.16,14933.52,8545.16,13.8,4.26
2017,2,2017-02-01,Centro-Oeste,GO,Goiânia,Aplicativo,Beleza,Produto D,5,167.0,835.0,459.79,217.45,2.3,3.41
2017,2,2017-02-01,Centro-Oeste,GO,Aparecida de Goiânia,Site próprio,Casa,Produto D,17,1113.01,18921.11,10529.97,8131.73,2.4,4.98
2017,2,2017-02-01,Centro-Oeste,MT,Cuiabá,Marketplace,Casa,Produto D,21,2206.57,46337.92,28594.5,13806.69,2.7,4.1
2017,2,2017-02-01,Centro-Oeste,MS,Campo Grande,Site próprio,Livros,Produto B,28,2003.1,56086.71,33745.96,22293.24,10.4,3.83
2017,2,2017-02-01,Sudeste,SP,São Paulo,Site próprio,Esporte,Produto C,27,2488.01,67176.26,40351.87,27877.05,11.3,3.15
2017,2,2017-02-01,Sudeste,SP,Campinas,Aplicativo,Eletrônicos,Produto B,20,2154.75,43095.06,34046.65,18533.33,9.5,2.61
2017,2,2017-02-01,Sudeste,SP,Ribeirão Preto,Site próprio,Eletrônicos,Produto A,14,1628.14,22793.94,18547.33,6134.1,4.1,4.19
2017,2,2017-02-01,Sudeste,RJ,Rio de Janeiro,Aplicativo,Eletrônicos,Produto C,20,156.29,3125.88,2470.67,1137.77,10.7,3.27
2017,2,2017-02-01,Sudeste,RJ,Niterói,Site próprio,Casa,Produto D,6,83.35,500.08,400.96,102.26,4.1,4.15
2017,2,2017-02-01,Sudeste,RJ,Nova Iguaçu,Site próprio,Eletrônicos,Produto B,22,1721.92,37882.21,27585.48,16176.89,13.4,3.47
2017,2,2017-02-01,Sudeste,RJ,Petrópolis,Marketplace,Beleza,Produto C,18,1507.87,27141.7,19008.84,12151.3,8.3,3.11
2017,2,2017-02-01,Sudeste,MG,Belo Horizonte,Marketplace,Casa,Produto D,1,2328.85,2328.85,1722.58,921.97,10.9,4.6
2017,2,2017-02-01,Sudeste,MG,Uberlândia,Aplicativo,Esporte,Produto D,17,1888.53,32105.02,22805.82,11883.89,12.9,4.97
2017,2,2017-02-01,Sudeste,MG,Juiz de Fora,Aplicativo,Eletrônicos,Produto B,25,964.43,24110.77,13364.87,5760.97,13.3,3.42
2017,2,2017-02-01,Sudeste,ES,Vitória,Aplicativo,Moda,Produto C,15,568.42,8526.33,5561.08,1545.06,9.5,2.87
2017,2,2017-02-01,Sudeste,ES,Vila Velha,Marketplace,Livros,Produto A,24,2211.32,53071.64,35918.93,18670.56,3.4,4.22
2017,2,2017-02-01,Sudeste,ES,Serra,Site próprio,Beleza,Produto B,3,1469.47,4408.42,2795.02,1508.61,13.5,4.29
2017,2,2017-02-01,Sul,PR,Curitiba,Site próprio,Moda,Produto A,2,2181.86,4363.72,2842.57,1267.39,10.3,3.1
2017,2,2017-02-01,Sul,PR,Londrina,Site próprio,Livros,Produto A,22,1510.15,33223.36,26563.43,8202.13,12.1,4.16
2017,2,2017-02-01,Sul,SC,Florianópolis,Site próprio,Esporte,Produto B,22,1877.5,41304.89,28389.78,14692.21,13.3,4.89
2017,2,2017-02-01,Sul,SC,Joinville,Marketplace,Esporte,Produto B,16,1092.41,17478.59,10323.76,6502.88,2.7,3.94
2017,2,2017-02-01,Sul,RS,Porto Alegre,Site próprio,Livros,Produto D,10,743.54,7435.41,5576.86,1476.12,10.7,2.98
2017,2,2017-02-01,Sul,RS,Caxias do Sul,Site próprio,Eletrônicos,Produto D,3,542.9,1628.69,1175.59,447.59,10.8,3.68
2017,3,2017-03-01,Norte,AM,Manaus,Marketplace,Beleza,Produto D,14,1002.07,14028.93,8158.59,3611.44,8.7,3.63
2017,3,2017-03-01,Norte,PA,Belém,Aplicativo,Beleza,Produto B,21,886.54,18617.36,11702.3,8334.6,4.9,2.52
2017,3,2017-03-01,Norte,PA,Santarém,Marketplace,Esporte,Produto B,5,1007.15,5035.76,3970.17,2226.21,11.7,4.15
2017,3,2017-03-01,Norte,RO,Porto Velho,Aplicativo,Livros,Produto A,9,1307.07,11763.66,8421.76,2930.52,5.3,4.0
2017,3,2017-03-01,Norte,TO,Palmas,Aplicativo,Esporte,Produto C,11,302.92,3332.11,2251.26,988.63,10.5,3.97
2017,3,2017-03-01,Nordeste,BA,Salvador,Site próprio,Beleza,Produto D,2,244.25,488.49,371.1,108.99,2.0,3.17
2017,3,2017-03-01,Nordeste,BA,Feira de Santana,Marketplace,Casa,Produto D,6,1686.21,10117.29,7798.81,4410.71,4.4,2.77
2017,3,2017-03-01,Nordeste,PE,Recife,Site próprio,Moda,Produto A,12,311.13,3733.51,2084.53,777.66,14.2,2.88
2017,3,2017-03-01,Nordeste,PE,Jaboatão dos Guararapes,Marketplace,Eletrônicos,Produto A,28,773.67,21662.66,15235.47,9716.97,8.3,4.56
2017,3,2017-03-01,Nordeste,CE,Fortaleza,Marketplace,Esporte,Produto C,6,1101.55,6609.32,4405.15,2365.57,10.8,4.23
2017,3,2017-03-01,Nordeste,CE,Juazeiro do Norte,Marketplace,Eletrônicos,Produto A,10,2193.73,21937.32,13453.35,4951.45,7.6,4.76
2017,3,2017-03-01,Nordeste,MA,São Luís,Aplicativo,Eletrônicos,Produto D,11,76.19,838.04,553.5,158.32,14.6,3.4
2017,3,2017-03-01,Nordeste,PB,João Pessoa,Site próprio,Casa,Produto B,10,1970.36,19703.56,11565.56,6837.88,12.1,3.04
2017,3,2017-03-01,Centro-Oeste,DF,Brasília,Aplicativo,Esporte,Produto A,11,809.78,8907.6,6082.79,3281.83,8.1,3.06
2017,3,2017-03-01,Centro-Oeste,GO,Goiânia,Site próprio,Moda,Produto A,25,2079.3,51982.45,38973.8,19156.68,11.2,2.92
2017,3,2017-03-01,Centro-Oeste,GO,Aparecida de Goiânia,Aplicativo,Beleza,Produto C,8,2331.26,18650.1,14398.16,6485.76,13.3,3.08
2017,3,2017-03-01,Centro-Oeste,MT,Cuiabá,Marketplace,Esporte,Produto D,1,2101.56,2101.56,1615.01,784.39,13.2,4.13
2017,3,2017-03-01,Centro-Oeste,MS,Campo Grande,Site próprio,Beleza,Produto C,10,1427.82,14278.16,9761.29,4127.02,2.0,4.36
2017,3,2017-03-01,Sudeste,SP,São Paulo,Site próprio,Casa,Produto C,2,1133.45,2266.91,1573.45,516.29,4.3,4.83
2017,3,2017-03-01,Sudeste,SP,Campinas,Site próprio,Eletrônicos,Produto B,7,2101.79,14712.55,11763.82,2962.79,14.9,3.33
2017,3,2017-03-01,Sudeste,SP,Ribeirão Preto,Site próprio,Moda,Produto A,7,1336.62,9356.34,5420.14,2638.75,9.8,4.92
2017,3,2017-03-01,Sudeste,RJ,Rio de Janeiro,Marketplace,Esporte,Produto C,6,492.95,2957.71,2366.73,1301.35,5.4,3.73
2017,3,2017-03-01,Sudeste,RJ,Niterói,Aplicativo,Livros,Produto B,22,2173.6,47819.17,33622.34,8638.09,13.8,4.86
2017,3,2017-03-01,Sudeste,RJ,Nova Iguaçu,Marketplace,Casa,Produto B,7,2252.61,15768.29,9684.33,5694.76,6.6,3.49
2017,3,2017-03-01,Sudeste,RJ,Petrópolis,Marketplace,Moda,Produto C,15,362.07,5431.07,3232.87,2148.85,9.2,3.55
2017,3,2017-03-01,Sudeste,MG,Belo Horizonte,Aplicativo,Esporte,Produto A,23,1183.86,27228.7,15712.54,5380.23,2.7,4.64
2017,3,2017-03-01,Sudeste,MG,Uberlândia,Aplicativo,Livros,Produto D,12,314.79,3777.47,2483.52,684.7,13.6,2.7
2017,3,2017-03-01,Sudeste,MG,Juiz de Fora,Marketplace,Esporte,Produto B,5,2005.17,10025.87,7283.61,2797.8,13.3,3.91
2017,3,2017-03-01,Sudeste,ES,Vitória,Site próprio,Livros,Produto D,6,2481.06,14886.35,11288.72,6597.59,9.8,2.81
2017,3,2017-03-01,Sudeste,ES,Vila Velha,Aplicativo,Moda,Produto B,8,955.96,7647.67,4664.72,2568.65,9.2,4.22
2017,3,2017-03-01,Sudeste,ES,Serra,Marketplace,Eletrônicos,Produto D,5,262.39,1311.95,935.78,283.21,2.5,3.12
2017,3,2017-03-01,Sul,PR,Curitiba,Site próprio,Casa,Produto B,25,1093.88,27346.88,18085.07,11309.9,3.4,3.97
2017,3,2017-03-01,Sul,PR,Londrina,Marketplace,Moda,Produto B,20,497.19,9943.77,6783.58,2323.19,9.0,4.49
2017,3,2017-03-01,Sul,SC,Florianópolis,Site próprio,Esporte,Produto A,5,1516.19,7580.94,4760.84,3213.84,9.1,3.92
2017,3,2017-03-01,Sul,SC,Joinville,Marketplace,Moda,Produto D,6,1383.64,8301.86,4766.96,2217.26,8.2,3.1
2017,3,2017-03-01,Sul,RS,Porto Alegre,Aplicativo,Moda,Produto B,26,1461.78,38006.16,23567.29,15130.8,6.8,3.52
2017,3,2017-03-01,Sul,RS,Caxias do Sul,Marketplace,Eletrônicos,Produto C,26,702.77,18272.08,11924.99,4456.48,3.9,2.64
2017,4,2017-04-01,Norte,AM,Manaus,Site próprio,Esporte,Produto B,22,403.14,8868.99,6548.41,2005.86,6.7,3.4
2017,4,2017-04-01,Norte,PA,Belém,Site próprio,Livros,Produto C,15,876.9,13153.46,9582.39,2746.12,12.8,3.66
2017,4,2017-04-01,Norte,PA,Santarém,Marketplace,Esporte,Produto D,7,708.55,4959.82,3778.72,1108.06,9.4,3.39
2017,4,2017-04-01,Norte,RO,Porto Velho,Aplicativo,Beleza,Produto B,10,947.08,9470.78,5392.54,4117.96,14.5,4.84
2017,4,2017-04-01,Norte,TO,Palmas,Site próprio,Livros,Produto C,3,2385.75,7157.24,5837.8,2007.98,6.6,4.18
2017,4,2017-04-01,Nordeste,BA,Salvador,Marketplace,Esporte,Produto D,7,1437.16,10060.14,5555.5,2598.4,9.7,3.03
2017,4,2017-04-01,Nordeste,BA,Feira de Santana,Aplicativo,Moda,Produto B,10,1422.1,14221.05,10213.0,4090.63,6.5,4.78
2017,4,2017-04-01,Nordeste,PE,Recife,Site próprio,Eletrônicos,Produto A,17,213.4,3627.79,2016.91,1621.62,5.7,2.96
2017,4,2017-04-01,Nordeste,PE,Jaboatão dos Guararapes,Marketplace,Casa,Produto B,10,941.85,9418.46,6378.68,2177.63,3.1,4.81
2017,4,2017-04-01,Nordeste,CE,Fortaleza,Marketplace,Beleza,Produto A,4,283.74,1134.95,696.41,235.85,7.3,4.53
2017,4,2017-04-01,Nordeste,CE,Juazeiro do Norte,Aplicativo,Casa,Produto C,11,2055.47,22610.13,12627.36,6439.26,3.5,4.45
2017,4,2017-04-01,Nordeste,MA,São Luís,Marketplace,Moda,Produto C,28,210.37,5890.26,3533.08,1650.54,13.8,2.97
2017,4,2017-04-01,Nordeste,PB,João Pessoa,Aplicativo,Moda,Produto D,22,150.71,3315.7,1894.29,1488.94,4.0,4.38
2017,4,2017-04-01,Centro-Oeste,DF,Brasília,Marketplace,Livros,Produto A,22,1277.53,28105.64,22460.8,10853.62,6.2,3.57
2017,4,2017-04-01,Centro-Oeste,GO,Goiânia,Marketplace,Esporte,Produto D,23,1988.74,45741.11,33277.15,12717.36,13.1,3.93
2017,4,2017-04-01,Centro-Oeste,GO,Aparecida de Goiânia,Site próprio,Eletrônicos,Produto A,20,1596.9,31938.02,22352.45,7190.51,9.1,4.85
2017,4,2017-04-01,Centro-Oeste,MT,Cuiabá,Aplicativo,Livros,Produto D,19,806.7,15327.28,12204.69,3513.92,11.0,4.96
2017,4,2017-04-01,Centro-Oeste,MS,Campo Grande,Aplicativo,Casa,Produto D,3,1803.75,5411.24,3855.96,1621.27,3.2,3.54
2017,4,2017-04-01,Sudeste,SP,São Paulo,Marketplace,Livros,Produto B,22,318.09,6998.04,4843.74,2174.15,5.2,4.27
2017,4,2017-04-01,Sudeste,SP,Campinas,Site próprio,Casa,Produto A,6,371.62,2229.72,1421.59,932.08,2.0,4.3
2017,4,2017-04-01,Sudeste,SP,Ribeirão Preto,Site próprio,Casa,Produto A,28,1460.0,40879.92,26008.41,9668.03,6.8,3.76
2017,4,2017-04-01,Sudeste,RJ,Rio de Janeiro,Site próprio,Livros,Produto A,18,82.83,1490.99,999.42,570.98,9.1,3.16
2017,4,2017-04-01,Sudeste,RJ,Niterói,Site próprio,Moda,Produto C,6,1875.1,11250.58,8597.13,4670.46,7.6,3.31
2017,4,2017-04-01,Sudeste,RJ,Nova Iguaçu,Marketplace,Moda,Produto B,12,774.87,9298.43,6323.24,3539.46,9.3,2.55
2017,4,2017-04-01,Sudeste,RJ,Petrópolis,Marketplace,Beleza,Produto B,13,682.58,8873.54,6490.78,2522.37,5.4,2.68
2017,4,2017-04-01,Sudeste,MG,Belo Horizonte,Marketplace,Moda,Produto C,7,869.44,6086.1,3749.71,2545.36,7.8,4.82
2017,4,2017-04-01,Sudeste,MG,Uberlândia,Marketplace,Moda,Produto C,26,643.26,16724.65,11401.49,4588.24,14.2,4.38
2017,4,2017-04-01,Sudeste,MG,Juiz de Fora,Marketplace,Moda,Produto A,7,1393.67,9755.68,5717.28,3671.36,14.7,3.61
2017,4,2017-04-01,Sudeste,ES,Vitória,Site próprio,Livros,Produto B,29,653.79,18960.01,12095.43,6823.47,5.7,4.13
2017,4,2017-04-01,Sudeste,ES,Vila Velha,Aplicativo,Casa,Produto D,9,1343.09,12087.8,8732.75,4385.21,5.3,2.89
2017,4,2017-04-01,Sudeste,ES,Serra,Site próprio,Livros,Produto B,13,1591.83,20693.76,16863.37,6021.77,12.2,4.15
2017,4,2017-04-01,Sul,PR,Curitiba,Marketplace,Livros,Produto D,22,663.79,14603.28,9735.5,4010.54,4.5,4.29
2017,4,2017-04-01,Sul,PR,Londrina,Site próprio,Eletrônicos,Produto C,22,1938.63,42649.82,25117.38,17164.12,10.2,3.32
2017,4,2017-04-01,Sul,SC,Florianópolis,Aplicativo,Moda,Produto B,1,954.14,954.14,765.73,381.32,9.2,4.7
2017,4,2017-04-01,Sul,SC,Joinville,Site próprio,Casa,Produto D,4,969.13,3876.52,2211.96,1302.88,10.9,4.06
2017,4,2017-04-01,Sul,RS,Porto Alegre,Marketplace,Beleza,Produto A,10,920.11,9201.1,6474.34,2694.23,6.3,3.91
2017,4,2017-04-01,Sul,RS,Caxias do Sul,Site próprio,Beleza,Produto B,28,1842.79,51598.11,39268.87,11807.12,10.7,3.63
2017,5,2017-05-01,Norte,AM,Manaus,Site próprio,Beleza,Produto A,8,1254.84,10038.73,7129.22,2180.57,9.1,4.13
2017,5,2017-05-01,Norte,PA,Belém,Marketplace,Moda,Produto C,20,447.54,8950.78,6684.22,3585.26,14.5,3.31
2017,5,2017-05-01,Norte,PA,Santarém,Marketplace,Casa,Produto D,20,218.17,4363.39,3459.35,1376.62,11.9,2.59
2017,5,2017-05-01,Norte,RO,Porto Velho,Marketplace,Beleza,Produto A,7,1468.48,10279.36,8327.61,3927.55,14.8,4.59
2017,5,2017-05-01,Norte,TO,Palmas,Marketplace,Beleza,Produto C,27,66.36,1791.62,1248.7,798.28,13.9,4.53
2017,5,2017-05-01,Nordeste,BA,Salvador,Site próprio,Moda,Produto A,19,1156.78,21978.78,14064.05,4898.22,5.2,3.13
2017,5,2017-05-01,Nordeste,BA,Feira de Santana,Marketplace,Esporte,Produto B,11,2356.09,25917.0,21137.57,7263.66,5.1,4.33
2017,5,2017-05-01,Nordeste,PE,Recife,Aplicativo,Livros,Produto B,29,2321.31,67318.1,52315.56,19866.42,12.6,3.03
2017,5,2017-05-01,Nordeste,PE,Jaboatão dos Guararapes,Site próprio,Eletrônicos,Produto D,16,618.79,9900.66,6782.4,1989.8,8.2,4.25
2017,5,2017-05-01,Nordeste,CE,Fortaleza,Marketplace,Beleza,Produto A,16,1474.48,23591.62,15627.45,9594.13,13.6,2.89
2017,5,2017-05-01,Nordeste,CE,Juazeiro do Norte,Marketplace,Moda,Produto B,16,1342.07,21473.14,12992.07,8753.87,12.7,4.16
2017,5,2017-05-01,Nordeste,MA,São Luís,Site próprio,Moda,Produto B,10,1049.44,10494.36,6316.01,2583.83,7.5,4.96
2017,5,2017-05-01,Nordeste,PB,João Pessoa,Site próprio,Esporte,Produto B,13,1860.87,24191.31,16042.92,9146.08,5.3,3.81
2017,5,2017-05-01,Centro-Oeste,DF,Brasília,Aplicativo,Moda,Produto C,10,1661.63,16616.29,13269.34,4040.49,2.1,3.37
2017,5,2017-05-01,Centro-Oeste,GO,Goiânia,Aplicativo,Eletrônicos,Produto C,20,2358.68,47173.64,32111.24,18339.12,9.0,3.42
2017,5,2017-05-01,Centro-Oeste,GO,Aparecida de Goiânia,Aplicativo,Beleza,Produto A,18,1330.13,23942.26,13925.22,7772.13,8.9,3.0
2017,5,2017-05-01,Centro-Oeste,MT,Cuiabá,Aplicativo,Eletrônicos,Produto A,25,1453.73,36343.28,27219.87,8798.64,12.7,4.96
2017,5,2017-05-01,Centro-Oeste,MS,Campo Grande,Aplicativo,Eletrônicos,Produto A,29,1646.09,47736.67,36314.7,21055.32,11.3,4.78
2017,5,2017-05-01,Sudeste,SP,São Paulo,Aplicativo,Casa,Produto D,7,426.63,2986.39,2059.3,1079.78,2.1,3.85
2017,5,2017-05-01,Sudeste,SP,Campinas,Aplicativo,Casa,Produto B,7,1228.22,8597.53,4791.27,3137.77,13.0,3.28
2017,5,2017-05-01,Sudeste,SP,Ribeirão Preto,Aplicativo,Livros,Produto A,28,2180.54,61055.03,46323.03,22910.41,3.6,2.75
2017,5,2017-05-01,Sudeste,RJ,Rio de Janeiro,Aplicativo,Livros,Produto D,2,997.21,1994.42,1282.87,722.0,8.2,3.16
2017,5,2017-05-01,Sudeste,RJ,Niterói,Site próprio,Livros,Produto C,9,200.58,1805.22,1300.54,495.52,6.5,3.33
2017,5,2017-05-01,Sudeste,RJ,Nova Iguaçu,Marketplace,Beleza,Produto B,10,255.42,2554.16,2084.7,1129.12,4.2,4.71
2017,5,2017-05-01,Sudeste,RJ,Petrópolis,Marketplace,Esporte,Produto B,17,1579.95,26859.19,21010.39,5477.24,10.1,4.76
2017,5,2017-05-01,Sudeste,MG,Belo Horizonte,Site próprio,Moda,Produto B,2,1459.01,2918.03,2051.92,747.99,10.5,4.77
2017,5,2017-05-01,Sudeste,MG,Uberlândia,Site próprio,Esporte,Produto A,2,2262.48,4524.95,3352.79,1608.89,13.1,4.92
2017,5,2017-05-01,Sudeste,MG,Juiz de Fora,Aplicativo,Livros,Produto C,28,1295.09,36262.62,27764.55,9108.25,5.0,4.09
2017,5,2017-05-01,Sudeste,ES,Vitória,Marketplace,Beleza,Produto C,20,2312.48,46249.65,32886.85,15100.32,10.0,4.23
2017,5,2017-05-01,Sudeste,ES,Vila Velha,Marketplace,Moda,Produto A,8,1239.69,9917.56,5605.9,2989.06,6.2,3.66
2017,5,2017-05-01,Sudeste,ES,Serra,Site próprio,Beleza,Produto C,17,1021.08,17358.36,9594.67,6372.24,8.8,3.56
2017,5,2017-05-01,Sul,PR,Curitiba,Marketplace,Casa,Produto C,28,1911.05,53509.4,35218.8,11553.74,14.5,2.95
2017,5,2017-05-01,Sul,PR,Londrina,Marketplace,Livros,Produto B,1,1916.45,1916.45,1143.0,396.64,8.9,5.0
2017,5,2017-05-01,Sul,SC,Florianópolis,Marketplace,Esporte,Produto A,26,1509.92,39257.91,25389.95,14557.12,4.0,3.93
2017,5,2017-05-01,Sul,SC,Joinville,Aplicativo,Livros,Produto D,4,792.28,3169.14,1893.94,1253.97,10.6,2.73
2017,5,2017-05-01,Sul,RS,Porto Alegre,Site próprio,Beleza,Produto A,24,2303.74,55289.73,43305.94,14083.24,13.2,4.27
2017,5,2017-05-01,Sul,RS,Caxias do Sul,Marketplace,Moda,Produto D,20,264.79,5295.72,3476.97,1062.44,2.6,3.85
2017,6,2017-06-01,Norte,AM,Manaus,Aplicativo,Livros,Produto B,19,2065.66,39247.55,26674.56,9557.63,7.2,3.39
2017,6,2017-06-01,Norte,PA,Belém,Aplicativo,Livros,Produto A,25,752.96,18824.12,12736.69,5208.26,11.0,2.96
2017,6,2017-06-01,Norte,PA,Santarém,Marketplace,Eletrônicos,Produto A,9,1699.14,15292.29,10939.1,5626.09,6.3,4.36
2017,6,2017-06-01,Norte,RO,Porto Velho,Site próprio,Casa,Produto A,2,1458.38,2916.76,1881.64,713.92,11.9,4.25
2017,6,2017-06-01,Norte,TO,Palmas,Site próprio,Beleza,Produto B,28,1802.67,50474.8,34467.28,9406.28,5.5,4.49
2017,6,2017-06-01,Nordeste,BA,Salvador,Marketplace,Esporte,Produto C,24,2117.34,50816.1,36511.93,9665.16,5.0,4.91
2017,6,2017-06-01,Nordeste,BA,Feira de Santana,Site próprio,Eletrônicos,Produto C,14,280.41,3925.71,3017.34,1710.59,13.0,4.04
2017,6,2017-06-01,Nordeste,PE,Recife,Site próprio,Moda,Produto D,18,1472.86,26511.4,16273.91,11055.08,5.0,4.96
2017,6,2017-06-01,Nordeste,PE,Jaboatão dos Guararapes,Site próprio,Esporte,Produto B,6,1956.16,11736.95,9254.07,2363.01,10.8,4.5
2017,6,2017-06-01,Nordeste,CE,Fortaleza,Site próprio,Beleza,Produto D,12,2022.27,24267.23,16953.99,4853.15,6.4,3.57
2017,6,2017-06-01,Nordeste,CE,Juazeiro do Norte,Aplicativo,Moda,Produto C,14,994.32,13920.51,7828.57,5344.74,2.7,3.37
2017,6,2017-06-01,Nordeste,MA,São Luís,Marketplace,Livros,Produto B,16,2056.77,32908.31,23185.16,13162.37,14.8,5.0
2017,6,2017-06-01,Nordeste,PB,João Pessoa,Aplicativo,Moda,Produto C,5,2002.47,10012.35,7891.87,2368.71,10.2,4.84
2017,6,2017-06-01,Centro-Oeste,DF,Brasília,Aplicativo,Eletrônicos,Produto D,11,829.76,9127.32,5432.05,3948.62,12.0,4.85
2017,6,2017-06-01,Centro-Oeste,GO,Goiânia,Aplicativo,Moda,Produto D,11,321.06,3531.7,2419.48,833.36,14.8,4.22
2017,6,2017-06-01,Centro-Oeste,GO,Aparecida de Goiânia,Aplicativo,Eletrônicos,Produto D,11,344.32,3787.55,2957.38,868.2,5.3,4.93
2017,6,2017-06-01,Centro-Oeste,MT,Cuiabá,Aplicativo,Casa,Produto B,27,985.57,26610.37,19630.5,9514.8,12.2,3.96
2017,6,2017-06-01,Centro-Oeste,MS,Campo Grande,Aplicativo,Esporte,Produto A,24,1693.72,40649.31,22939.09,12293.96,6.2,4.24
2017,6,2017-06-01,Sudeste,SP,São Paulo,Site próprio,Livros,Produto B,19,2430.54,46180.3,37620.25,8634.92,6.8,4.25
2017,6,2017-06-01,Sudeste,SP,Campinas,Aplicativo,Moda,Produto D,22,1078.12,23718.69,14990.3,5810.49,9.0,3.13
2017,6,2017-06-01,Sudeste,SP,Ribeirão Preto,Marketplace,Casa,Produto A,12,1802.64,21631.63,13876.26,8540.28,4.0,4.44
2017,6,2017-06-01,Sudeste,RJ,Rio de Janeiro,Marketplace,Casa,Produto D,19,392.44,7456.43,4515.42,3060.09,3.3,2.94
2017,6,2017-06-01,Sudeste,RJ,Niterói,Site próprio,Casa,Produto C,24,611.58,14677.83,10177.26,4854.0,9.5,4.41
2017,6,2017-06-01,Sudeste,RJ,Nova Iguaçu,Site próprio,Moda,Produto B,4,900.27,3601.09,2950.37,1108.76,12.8,2.85
2017,6,2017-06-01,Sudeste,RJ,Petrópolis,Marketplace,Esporte,Produto C,13,197.73,2570.55,2057.52,535.09,6.4,2.77
2017,6,2017-06-01,Sudeste,MG,Belo Horizonte,Aplicativo,Eletrônicos,Produto B,19,1577.06,29964.18,18963.42,10181.41,5.1,3.81
2017,6,2017-06-01,Sudeste,MG,Uberlândia,Marketplace,Beleza,Produto B,17,2498.57,42475.75,27831.77,8327.96,14.4,4.84
2017,6,2017-06-01,Sudeste,MG,Juiz de Fora,Marketplace,Esporte,Produto C,20,1312.18,26243.52,17793.26,10318.15,10.8,3.34
2017,6,2017-06-01,Sudeste,ES,Vitória,Aplicativo,Esporte,Produto A,14,1477.15,20680.11,16453.66,6617.53,3.0,3.66
2017,6,2017-06-01,Sudeste,ES,Vila Velha,Aplicativo,Moda,Produto B,1,2145.01,2145.01,1459.72,708.57,12.2,2.81
2017,6,2017-06-01,Sudeste,ES,Serra,Aplicativo,Eletrônicos,Produto D,25,1214.22,30355.57,21541.79,8321.44,11.6,4.09
2017,6,2017-06-01,Sul,PR,Curitiba,Aplicativo,Moda,Produto B,10,778.94,7789.37,5172.15,2137.85,8.1,4.68
2017,6,2017-06-01,Sul,PR,Londrina,Site próprio,Eletrônicos,Produto A,13,2304.38,29956.93,19659.62,13451.51,9.2,3.98
2017,6,2017-06-01,Sul,SC,Florianópolis,Marketplace,Moda,Produto B,22,1266.27,27857.9,21158.26,7118.28,13.1,4.28
2017,6,2017-06-01,Sul,SC,Joinville,Marketplace,Eletrônicos,Produto C,26,1503.19,39083.06,22727.52,10873.46,6.9,4.42
2017,6,2017-06-01,Sul,RS,Porto Alegre,Site próprio,Moda,Produto C,22,2354.96,51809.08,30809.38,22237.52,13.9,3.48
2017,6,2017-06-01,Sul,RS,Caxias do Sul,Marketplace,Esporte,Produto A,5,1413.91,7069.56,5745.32,1490.84,11.0,3.33
2017,7,2017-07-01,Norte,AM,Manaus,Marketplace,Casa,Produto A,27,1752.15,47307.95,28829.65,19751.37,12.5,2.71
2017,7,2017-07-01,Norte,PA,Belém,Marketplace,Livros,Produto D,26,878.56,22842.55,14908.22,8946.58,8.0,4.85
2017,7,2017-07-01,Norte,PA,Santarém,Aplicativo,Esporte,Produto B,4,638.75,2555.0,1763.33,770.23,11.8,3.57
2017,7,2017-07-01,Norte,RO,Porto Velho,Marketplace,Moda,Produto B,27,466.68,12600.41,7767.85,3752.59,7.1,4.05
2017,7,2017-07-01,Norte,TO,Palmas,Aplicativo,Eletrônicos,Produto D,6,601.06,3606.36,2512.14,1558.88,6.4,4.02
2017,7,2017-07-01,Nordeste,BA,Salvador,Aplicativo,Moda,Produto D,4,1307.61,5230.46,3736.46,1026.45,11.0,3.64
2017,7,2017-07-01,Nordeste,BA,Feira de Santana,Site próprio,Casa,Produto C,12,1937.71,23252.48,16594.08,8884.38,6.3,2.65
2017,7,2017-07-01,Nordeste,PE,Recife,Site próprio,Casa,Produto C,16,436.88,6990.02,4460.41,1672.42,5.8,3.13
2017,7,2017-07-01,Nordeste,PE,Jaboatão dos Guararapes,Aplicativo,Esporte,Produto C,1,449.32,449.32,270.17,117.3,12.6,3.13
2017,7,2017-07-01,Nordeste,CE,Fortaleza,Aplicativo,Casa,Produto B,19,1326.95,25212.1,20403.3,7943.06,14.7,4.64
2017,7,2017-07-01,Nordeste,CE,Juazeiro do Norte,Site próprio,Moda,Produto C,16,1374.86,21997.71,12551.38,6610.06,13.9,3.58
2017,7,2017-07-01,Nordeste,MA,São Luís,Site próprio,Beleza,Produto C,3,1636.0,4908.01,3580.66,1061.58,6.0,4.12
2017,7,2017-07-01,Nordeste,PB,João Pessoa,Marketplace,Moda,Produto D,1,998.28,998.28,736.67,419.44,7.0,3.62
2017,7,2017-07-01,Centro-Oeste,DF,Brasília,Aplicativo,Esporte,Produto D,14,272.66,3817.3,2888.61,874.54,8.1,3.31
2017,7,2017-07-01,Centro-Oeste,GO,Goiânia,Aplicativo,Beleza,Produto C,14,1178.72,16502.11,11290.54,3311.08,2.4,3.95
2017,7,2017-07-01,Centro-Oeste,GO,Aparecida de Goiânia,Marketplace,Esporte,Produto C,1,848.92,848.92,503.16,161.83,7.9,3.6
2017,7,2017-07-01,Centro-Oeste,MT,Cuiabá,Site próprio,Livros,Produto A,23,369.05,8488.11,6157.14,3603.05,5.8,2.91
2017,7,2017-07-01,Centro-Oeste,MS,Campo Grande,Aplicativo,Livros,Produto A,27,2389.33,64512.02,37960.99,12519.3,5.7,2.91
2017,7,2017-07-01,Sudeste,SP,São Paulo,Aplicativo,Casa,Produto A,24,1608.54,38604.94,23025.67,13009.13,13.3,3.19
2017,7,2017-07-01,Sudeste,SP,Campinas,Site próprio,Eletrônicos,Produto C,18,1890.85,34035.36,21311.05,12800.36,6.1,2.63
2017,7,2017-07-01,Sudeste,SP,Ribeirão Preto,Aplicativo,Moda,Produto C,20,271.42,5428.33,4405.62,1365.44,9.3,3.61
2017,7,2017-07-01,Sudeste,RJ,Rio de Janeiro,Marketplace,Esporte,Produto A,29,957.33,27762.43,15494.56,8398.01,4.6,2.9
2017,7,2017-07-01,Sudeste,RJ,Niterói,Marketplace,Livros,Produto B,7,1745.58,12219.08,7186.56,5492.51,9.0,3.5
2017,7,2017-07-01,Sudeste,RJ,Nova Iguaçu,Aplicativo,Moda,Produto C,9,1484.11,13356.99,7888.76,4410.42,7.0,4.68
2017,7,2017-07-01,Sudeste,RJ,Petrópolis,Marketplace,Livros,Produto A,25,165.48,4136.98,2375.49,1713.55,14.8,3.16
2017,7,2017-07-01,Sudeste,MG,Belo Horizonte,Aplicativo,Eletrônicos,Produto D,8,458.72,3669.76,2554.53,688.84,9.2,2.51
2017,7,2017-07-01,Sudeste,MG,Uberlândia,Marketplace,Beleza,Produto A,9,2073.91,18665.15,13312.62,6042.53,10.1,3.17
2017,7,2017-07-01,Sudeste,MG,Juiz de Fora,Site próprio,Eletrônicos,Produto D,22,230.01,5060.17,3689.61,1432.35,13.3,2.89
2017,7,2017-07-01,Sudeste,ES,Vitória,Marketplace,Eletrônicos,Produto B,24,430.95,10342.83,7088.85,2729.68,10.1,3.99
2017,7,2017-07-01,Sudeste,ES,Vila Velha,Aplicativo,Casa,Produto D,1,1102.67,1102.67,641.4,414.92,2.4,3.88
2017,7,2017-07-01,Sudeste,ES,Serra,Marketplace,Moda,Produto B,12,2042.33,24508.0,15556.59,7284.55,13.1,3.22
2017,7,2017-07-01,Sul,PR,Curitiba,Marketplace,Eletrônicos,Produto C,5,372.48,1862.38,1183.21,600.55,11.9,4.16
2017,7,2017-07-01,Sul,PR,Londrina,Marketplace,Casa,Produto B,11,1597.33,17570.67,11956.16,6512.61,14.1,3.48
2017,7,2017-07-01,Sul,SC,Florianópolis,Marketplace,Esporte,Produto C,17,2301.29,39121.88,25708.98,14481.18,7.0,3.55
2017,7,2017-07-01,Sul,SC,Joinville,Site próprio,Moda,Produto A,20,708.87,14177.39,9327.35,4021.22,4.8,4.41
2017,7,2017-07-01,Sul,RS,Porto Alegre,Marketplace,Livros,Produto A,1,1016.48,1016.48,713.21,382.19,5.0,4.14
2017,7,2017-07-01,Sul,RS,Caxias do Sul,Site próprio,Beleza,Produto B,2,2027.24,4054.47,2462.35,1287.25,10.8,3.88
2017,8,2017-08-01,Norte,AM,Manaus,Marketplace,Livros,Produto A,4,2020.23,8080.9,6164.54,2957.69,7.9,4.93
2017,8,2017-08-01,Norte,PA,Belém,Aplicativo,Esporte,Produto D,25,2397.43,59935.78,36374.21,13440.72,8.3,2.89
2017,8,2017-08-01,Norte,PA,Santarém,Aplicativo,Moda,Produto D,15,1698.24,25473.67,17851.62,10658.46,7.6,3.71
2017,8,2017-08-01,Norte,RO,Porto Velho,Marketplace,Moda,Produto D,15,1412.66,21189.84,13735.64,7956.11,13.0,4.97
2017,8,2017-08-01,Norte,TO,Palmas,Site próprio,Esporte,Produto B,7,1565.62,10959.36,7103.1,3319.56,7.1,4.87
2017,8,2017-08-01,Nordeste,BA,Salvador,Aplicativo,Moda,Produto D,22,101.69,2237.24,1646.79,413.18,13.3,2.56
2017,8,2017-08-01,Nordeste,BA,Feira de Santana,Marketplace,Beleza,Produto C,15,883.14,13247.09,8283.53,2487.11,4.2,4.95
2017,8,2017-08-01,Nordeste,PE,Recife,Marketplace,Moda,Produto C,5,448.12,2240.61,1714.93,929.9,2.6,2.56
2017,8,2017-08-01,Nordeste,PE,Jaboatão dos Guararapes,Site próprio,Livros,Produto A,10,96.16,961.56,532.14,380.62,4.3,4.84
2017,8,2017-08-01,Nordeste,CE,Fortaleza,Aplicativo,Casa,Produto C,3,569.83,1709.49,1353.87,553.31,13.3,4.51
2017,8,2017-08-01,Nordeste,CE,Juazeiro do Norte,Site próprio,Moda,Produto D,28,1022.26,28623.19,16946.27,5616.96,2.9,4.23
2017,8,2017-08-01,Nordeste,MA,São Luís,Marketplace,Esporte,Produto D,1,1233.39,1233.39,793.56,272.54,4.6,4.91
2017,8,2017-08-01,Nordeste,PB,João Pessoa,Site próprio,Moda,Produto D,23,312.8,7194.32,5091.2,1794.06,7.7,3.68
2017,8,2017-08-01,Centro-Oeste,DF,Brasília,Aplicativo,Esporte,Produto C,12,780.78,9369.4,6771.99,2082.3,10.8,4.3
2017,8,2017-08-01,Centro-Oeste,GO,Goiânia,Site próprio,Livros,Produto D,24,1076.56,25837.53,15877.84,7177.87,14.9,2.58
2017,8,2017-08-01,Centro-Oeste,GO,Aparecida de Goiânia,Site próprio,Moda,Produto D,20,1513.12,30262.45,16851.83,7408.94,10.9,3.13
2017,8,2017-08-01,Centro-Oeste,MT,Cuiabá,Marketplace,Beleza,Produto B,10,321.82,3218.24,2494.34,713.89,12.8,3.65
2017,8,2017-08-01,Centro-Oeste,MS,Campo Grande,Marketplace,Livros,Produto D,24,1176.95,28246.75,20902.63,8468.91,6.6,3.52
2017,8,2017-08-01,Sudeste,SP,São Paulo,Marketplace,Moda,Produto D,19,1969.93,37428.7,25595.35,14475.99,14.7,4.34
2017,8,2017-08-01,Sudeste,SP,Campinas,Aplicativo,Livros,Produto A,23,899.67,20692.49,15567.05,5797.56,14.1,4.56
2017,8,2017-08-01,Sudeste,SP,Ribeirão Preto,Aplicativo,Beleza,Produto A,26,1651.86,42948.31,34978.5,8954.12,12.4,4.45
2017,8,2017-08-01,Sudeste,RJ,Rio de Janeiro,Aplicativo,Livros,Produto D,11,838.08,9218.88,5789.13,1760.53,8.3,2.68
2017,8,2017-08-01,Sudeste,RJ,Niterói,Aplicativo,Moda,Produto A,1,2497.6,2497.6,1944.06,605.69,8.9,3.81
2017,8,2017-08-01,Sudeste,RJ,Nova Iguaçu,Marketplace,Moda,Produto C,15,275.09,4126.29,2327.46,905.76,6.9,3.57
2017,8,2017-08-01,Sudeste,RJ,Petrópolis,Aplicativo,Livros,Produto D,6,748.06,4488.35,3505.93,1070.01,8.5,2.74
2017,8,2017-08-01,Sudeste,MG,Belo Horizonte,Aplicativo,Casa,Produto C,22,125.45,2759.88,1620.94,1003.24,12.7,3.33
2017,8,2017-08-01,Sudeste,MG,Uberlândia,Site próprio,Eletrônicos,Produto D,29,380.52,11034.98,8684.73,4944.06,5.0,4.45
2017,8,2017-08-01,Sudeste,MG,Juiz de Fora,Aplicativo,Livros,Produto C,21,2017.2,42361.11,30955.8,9273.38,11.5,2.55
2017,8,2017-08-01,Sudeste,ES,Vitória,Aplicativo,Beleza,Produto B,29,202.16,5862.68,3890.19,2319.79,10.8,3.92
2017,8,2017-08-01,Sudeste,ES,Vila Velha,Aplicativo,Beleza,Produto B,24,328.31,7879.39,5791.77,1535.96,3.7,4.67
2017,8,2017-08-01,Sudeste,ES,Serra,Site próprio,Beleza,Produto D,27,136.72,3691.52,2568.75,801.21,14.8,4.49
2017,8,2017-08-01,Sul,PR,Curitiba,Marketplace,Eletrônicos,Produto A,15,2172.19,32582.8,25285.72,12577.25,10.0,5.0
2017,8,2017-08-01,Sul,PR,Londrina,Site próprio,Casa,Produto A,15,197.45,2961.73,2093.26,830.15,8.3,3.8
2017,8,2017-08-01,Sul,SC,Florianópolis,Aplicativo,Esporte,Produto C,16,2060.45,32967.22,26604.68,14544.96,10.2,3.03
2017,8,2017-08-01,Sul,SC,Joinville,Site próprio,Beleza,Produto A,21,2320.8,48736.89,39064.47,13510.86,7.3,3.42
2017,8,2017-08-01,Sul,RS,Porto Alegre,Aplicativo,Casa,Produto D,10,662.16,6621.58,5306.34,1472.02,8.7,4.19
2017,8,2017-08-01,Sul,RS,Caxias do Sul,Site próprio,Casa,Produto C,6,1041.45,6248.73,3633.81,2175.8,3.5,2.92
2017,9,2017-09-01,Norte,AM,Manaus,Site próprio,Livros,Produto C,22,413.57,9098.62,5810.75,3931.76,6.3,2.93
2017,9,2017-09-01,Norte,PA,Belém,Marketplace,Esporte,Produto C,22,1036.27,22798.03,12960.52,10211.24,13.5,4.74
2017,9,2017-09-01,Norte,PA,Santarém,Marketplace,Eletrônicos,Produto A,4,2481.72,9926.87,6079.79,2636.69,10.4,3.75
2017,9,2017-09-01,Norte,RO,Porto Velho,Site próprio,Livros,Produto D,8,1969.48,15755.82,9982.7,4600.59,6.0,4.1
2017,9,2017-09-01,Norte,TO,Palmas,Aplicativo,Beleza,Produto C,17,1659.42,28210.16,17737.84,7556.7,6.8,3.64
2017,9,2017-09-01,Nordeste,BA,Salvador,Marketplace,Esporte,Produto D,16,1690.83,27053.35,18125.72,8702.81,13.8,4.72
2017,9,2017-09-01,Nordeste,BA,Feira de Santana,Site próprio,Eletrônicos,Produto A,19,289.65,5503.26,4116.7,2376.19,6.5,4.01
2017,9,2017-09-01,Nordeste,PE,Recife,Site próprio,Casa,Produto B,8,1604.91,12839.29,7590.44,4409.26,6.4,3.4
2017,9,2017-09-01,Nordeste,PE,Jaboatão dos Guararapes,Aplicativo,Eletrônicos,Produto D,13,1167.38,15175.93,11500.06,5666.84,5.8,3.73
2017,9,2017-09-01,Nordeste,CE,Fortaleza,Aplicativo,Eletrônicos,Produto D,6,1122.29,6733.73,4388.6,2714.04,4.0,3.21
2017,9,2017-09-01,Nordeste,CE,Juazeiro do Norte,Site próprio,Esporte,Produto A,15,1312.57,19688.56,13834.09,7806.91,10.9,2.55
2017,9,2017-09-01,Nordeste,MA,São Luís,Marketplace,Livros,Produto D,2,728.63,1457.26,963.71,275.41,9.3,3.93
2017,9,2017-09-01,Nordeste,PB,João Pessoa,Marketplace,Casa,Produto B,19,2219.42,42168.99,28005.16,15467.22,3.7,4.96
2017,9,2017-09-01,Centro-Oeste,DF,Brasília,Marketplace,Moda,Produto D,10,787.49,7874.87,5094.23,2589.76,13.9,4.08
2017,9,2017-09-01,Centro-Oeste,GO,Goiânia,Site próprio,Moda,Produto B,4,2377.59,9510.37,5928.26,1866.95,4.6,3.06
2017,9,2017-09-01,Centro-Oeste,GO,Aparecida de Goiânia,Site próprio,Esporte,Produto B,28,452.27,12663.61,7342.72,4713.0,2.8,3.73
2017,9,2017-09-01,Centro-Oeste,MT,Cuiabá,Aplicativo,Moda,Produto A,21,2309.26,48494.53,32789.95,13424.29,5.4,3.38
2017,9,2017-09-01,Centro-Oeste,MS,Campo Grande,Site próprio,Eletrônicos,Produto C,6,1785.47,10712.82,7442.46,4053.73,10.6,4.48
2017,9,2017-09-01,Sudeste,SP,São Paulo,Site próprio,Casa,Produto B,1,188.71,188.71,150.29,58.08,14.6,3.52
2017,9,2017-09-01,Sudeste,SP,Campinas,Site próprio,Eletrônicos,Produto A,7,1828.86,12802.03,7212.33,3310.31,9.0,4.14
2017,9,2017-09-01,Sudeste,SP,Ribeirão Preto,Aplicativo,Beleza,Produto D,8,1287.32,10298.53,6976.82,4481.39,4.7,3.11
2017,9,2017-09-01,Sudeste,RJ,Rio de Janeiro,Aplicativo,Beleza,Produto A,26,682.83,17753.49,10289.05,4354.21,12.0,3.43
2017,9,2017-09-01,Sudeste,RJ,Niterói,Marketplace,Casa,Produto C,10,2094.27,20942.65,17120.6,5730.33,2.9,2.51
2017,9,2017-09-01,Sudeste,RJ,Nova Iguaçu,Site próprio,Livros,Produto C,25,2302.53,57563.14,41269.91,16412.85,12.8,3.72
2017,9,2017-09-01,Sudeste,RJ,Petrópolis,Aplicativo,Livros,Produto A,2,2092.71,4185.42,3388.89,1187.67,8.0,2.9
2017,9,2017-09-01,Sudeste,MG,Belo Horizonte,Marketplace,Livros,Produto C,11,544.85,5993.4,4613.6,2034.81,14.3,3.82
2017,9,2017-09-01,Sudeste,MG,Uberlândia,Aplicativo,Eletrônicos,Produto B,5,782.57,3912.86,2706.66,1587.76,5.4,3.44
2017,9,2017-09-01,Sudeste,MG,Juiz de Fora,Marketplace,Eletrônicos,Produto C,23,1093.29,25145.63,15513.76,10512.32,4.8,4.95
2017,9,2017-09-01,Sudeste,ES,Vitória,Aplicativo,Casa,Produto C,4,750.49,3001.97,2012.61,643.19,10.8,4.21
2017,9,2017-09-01,Sudeste,ES,Vila Velha,Aplicativo,Moda,Produto A,23,2023.37,46537.43,28912.02,12250.1,6.4,4.29
2017,9,2017-09-01,Sudeste,ES,Serra,Aplicativo,Casa,Produto D,7,1894.2,13259.41,8859.34,4615.95,10.7,2.82
2017,9,2017-09-01,Sul,PR,Curitiba,Site próprio,Livros,Produto A,8,1077.96,8623.67,6637.87,3075.15,2.3,3.53
2017,9,2017-09-01,Sul,PR,Londrina,Site próprio,Esporte,Produto C,1,613.5,613.5,470.0,174.92,6.3,2.77
2017,9,2017-09-01,Sul,SC,Florianópolis,Aplicativo,Esporte,Produto D,18,301.95,5435.1,3153.8,1374.56,6.7,4.93
2017,9,2017-09-01,Sul,SC,Joinville,Aplicativo,Casa,Produto A,19,463.99,8815.79,5232.88,2532.53,8.1,2.82
2017,9,2017-09-01,Sul,RS,Porto Alegre,Aplicativo,Moda,Produto D,24,1153.3,27679.28,20821.03,11301.45,7.6,4.88
2017,9,2017-09-01,Sul,RS,Caxias do Sul,Site próprio,Beleza,Produto D,29,482.48,13991.82,7852.85,6204.41,14.9,3.31
2017,10,2017-10-01,Norte,AM,Manaus,Site próprio,Esporte,Produto C,3,712.62,2137.85,1632.41,701.94,11.6,3.29
2017,10,2017-10-01,Norte,PA,Belém,Aplicativo,Casa,Produto B,29,2348.83,68116.08,46616.17,25436.2,2.6,4.58
2017,10,2017-10-01,Norte,PA,Santarém,Marketplace,Beleza,Produto D,3,1806.63,5419.9,4064.7,2324.49,3.5,4.32
2017,10,2017-10-01,Norte,RO,Porto Velho,Marketplace,Livros,Produto B,17,2378.65,40436.97,32889.97,10156.56,2.4,4.01
2017,10,2017-10-01,Norte,TO,Palmas,Aplicativo,Beleza,Produto B,29,107.36,3113.55,2412.04,1010.96,14.5,2.8
2017,10,2017-10-01,Nordeste,BA,Salvador,Site próprio,Livros,Produto B,3,1554.65,4663.96,3123.82,1186.9,5.2,3.15
2017,10,2017-10-01,Nordeste,BA,Feira de Santana,Site próprio,Casa,Produto C,26,301.58,7841.06,6323.38,2490.4,10.1,2.82
2017,10,2017-10-01,Nordeste,PE,Recife,Aplicativo,Moda,Produto A,27,2087.01,56349.37,40951.96,18960.34,9.3,4.5
2017,10,2017-10-01,Nordeste,PE,Jaboatão dos Guararapes,Marketplace,Esporte,Produto B,6,786.41,4718.46,3172.54,1929.23,3.0,2.8
2017,10,2017-10-01,Nordeste,CE,Fortaleza,Site próprio,Eletrônicos,Produto B,15,2445.9,36688.55,26595.76,14965.39,3.4,5.0
2017,10,2017-10-01,Nordeste,CE,Juazeiro do Norte,Site próprio,Esporte,Produto D,7,525.29,3677.01,2457.62,751.1,5.7,4.07
2017,10,2017-10-01,Nordeste,MA,São Luís,Site próprio,Livros,Produto A,2,1922.83,3845.65,2969.5,1029.82,12.5,3.56
2017,10,2017-10-01,Nordeste,PB,João Pessoa,Site próprio,Esporte,Produto A,3,174.91,524.73,367.16,111.99,12.5,4.58
2017,10,2017-10-01,Centro-Oeste,DF,Brasília,Site próprio,Esporte,Produto D,14,1144.77,16026.81,12576.92,4797.51,9.2,4.65
2017,10,2017-10-01,Centro-Oeste,GO,Goiânia,Aplicativo,Moda,Produto D,2,225.74,451.48,339.37,83.07,14.9,3.53
2017,10,2017-10-01,Centro-Oeste,GO,Aparecida de Goiânia,Marketplace,Esporte,Produto B,11,1008.4,11092.36,7785.56,4691.53,11.9,2.97
2017,10,2017-10-01,Centro-Oeste,MT,Cuiabá,Marketplace,Eletrônicos,Produto A,17,161.52,2745.79,2188.19,1188.76,13.0,4.93
2017,10,2017-10-01,Centro-Oeste,MS,Campo Grande,Site próprio,Casa,Produto A,26,1054.69,27421.83,19072.06,4992.74,8.6,2.57
2017,10,2017-10-01,Sudeste,SP,São Paulo,Site próprio,Moda,Produto A,22,1381.29,30388.29,19275.66,6860.0,7.1,2.86
2017,10,2017-10-01,Sudeste,SP,Campinas,Site próprio,Casa,Produto D,29,1600.3,46408.56,29913.06,15420.89,11.3,2.9
2017,10,2017-10-01,Sudeste,SP,Ribeirão Preto,Marketplace,Casa,Produto D,7,485.81,3400.68,2586.0,1497.76,6.4,4.75
2017,10,2017-10-01,Sudeste,RJ,Rio de Janeiro,Marketplace,Esporte,Produto C,25,240.0,5999.96,3749.0,2387.55,4.7,2.83
2017,10,2017-10-01,Sudeste,RJ,Niterói,Marketplace,Moda,Produto B,12,190.44,2285.27,1673.63,739.33,4.8,3.73
2017,10,2017-10-01,Sudeste,RJ,Nova Iguaçu,Site próprio,Casa,Produto D,14,975.68,13659.5,9029.21,5938.26,4.7,3.14
2017,10,2017-10-01,Sudeste,RJ,Petrópolis,Marketplace,Moda,Produto A,12,1173.65,14083.83,9201.76,5482.43,12.6,4.2
2017,10,2017-10-01,Sudeste,MG,Belo Horizonte,Marketplace,Livros,Produto C,1,2415.98,2415.98,1892.99,806.15,12.9,2.82
2017,10,2017-10-01,Sudeste,MG,Uberlândia,Marketplace,Beleza,Produto A,10,1828.54,18285.45,14546.65,5598.85,8.5,3.93
2017,10,2017-10-01,Sudeste,MG,Juiz de Fora,Site próprio,Eletrônicos,Produto B,23,2295.73,52801.72,29474.58,15144.43,7.4,3.74
2017,10,2017-10-01,Sudeste,ES,Vitória,Marketplace,Beleza,Produto A,20,774.25,15485.05,9233.99,4256.75,14.2,3.05
2017,10,2017-10-01,Sudeste,ES,Vila Velha,Site próprio,Casa,Produto C,9,1624.03,14616.27,9048.48,4860.68,8.7,3.83
2017,10,2017-10-01,Sudeste,ES,Serra,Aplicativo,Casa,Produto A,6,873.74,5242.45,2918.29,1659.85,6.1,4.03
2017,10,2017-10-01,Sul,PR,Curitiba,Site próprio,Esporte,Produto D,1,2178.94,2178.94,1364.05,902.52,6.1,3.1
2017,10,2017-10-01,Sul,PR,Londrina,Site próprio,Casa,Produto D,23,1261.36,29011.36,19927.72,8235.96,6.8,4.75
2017,10,2017-10-01,Sul,SC,Florianópolis,Marketplace,Eletrônicos,Produto A,20,1397.41,27948.24,20098.67,7070.5,7.6,2.76
2017,10,2017-10-01,Sul,SC,Joinville,Marketplace,Casa,Produto C,7,1091.41,7639.89,5403.53,1521.67,12.8,3.63
2017,10,2017-10-01,Sul,RS,Porto Alegre,Marketplace,Beleza,Produto D,10,1362.52,13625.18,9683.07,4753.9,4.0,4.46
2017,10,2017-10-01,Sul,RS,Caxias do Sul,Aplicativo,Eletrônicos,Produto D,23,876.29,20154.69,15494.26,7299.83,4.4,4.02
2017,11,2017-11-01,Norte,AM,Manaus,Marketplace,Beleza,Produto B,13,1905.11,24766.39,18526.65,6103.57,5.0,4.83
2017,11,2017-11-01,Norte,PA,Belém,Marketplace,Eletrônicos,Produto D,4,1049.75,4199.0,2794.2,1574.78,9.9,2.65
2017,11,2017-11-01,Norte,PA,Santarém,Aplicativo,Moda,Produto C,6,803.89,4823.36,2662.73,1397.63,4.8,3.51
2017,11,2017-11-01,Norte,RO,Porto Velho,Site próprio,Beleza,Produto A,21,1000.26,21005.4,16725.76,8845.81,13.8,4.45
2017,11,2017-11-01,Norte,TO,Palmas,Marketplace,Livros,Produto D,27,1535.27,41452.32,33223.51,16755.76,9.2,4.51
2017,11,2017-11-01,Nordeste,BA,Salvador,Site próprio,Casa,Produto A,16,2376.78,38028.49,25140.91,15067.68,9.5,3.5
2017,11,2017-11-01,Nordeste,BA,Feira de Santana,Marketplace,Esporte,Produto B,5,871.11,4355.54,3455.1,1755.44,2.2,4.26
2017,11,2017-11-01,Nordeste,PE,Recife,Aplicativo,Casa,Produto C,14,1621.98,22707.67,18060.15,9520.4,7.4,4.27
2017,11,2017-11-01,Nordeste,PE,Jaboatão dos Guararapes,Aplicativo,Esporte,Produto A,13,1833.02,23829.23,18315.79,7528.54,9.4,4.22
2017,11,2017-11-01,Nordeste,CE,Fortaleza,Marketplace,Esporte,Produto A,7,2177.32,15241.22,9256.95,4507.7,13.5,4.92
2017,11,2017-11-01,Nordeste,CE,Juazeiro do Norte,Marketplace,Casa,Produto B,1,93.23,93.23,76.05,20.9,14.1,3.88
2017,11,2017-11-01,Nordeste,MA,São Luís,Site próprio,Esporte,Produto B,29,1940.77,56282.44,40107.53,24855.89,5.1,4.09
2017,11,2017-11-01,Nordeste,PB,João Pessoa,Marketplace,Beleza,Produto C,15,1547.27,23209.03,14838.49,6082.09,5.9,3.24
2017,11,2017-11-01,Centro-Oeste,DF,Brasília,Marketplace,Esporte,Produto C,28,2487.29,69644.15,53760.82,16114.69,8.7,4.22
2017,11,2017-11-01,Centro-Oeste,GO,Goiânia,Aplicativo,Livros,Produto D,22,1010.58,22232.73,13531.08,6997.06,3.7,4.79
2017,11,2017-11-01,Centro-Oeste,GO,Aparecida de Goiânia,Site próprio,Livros,Produto B,25,596.22,14905.52,8301.81,4634.72,10.6,2.87
2017,11,2017-11-01,Centro-Oeste,MT,Cuiabá,Site próprio,Esporte,Produto A,26,1232.84,32053.78,25535.03,13073.46,7.7,3.95
2017,11,2017-11-01,Centro-Oeste,MS,Campo Grande,Marketplace,Beleza,Produto B,17,1186.54,20171.2,14321.33,4764.21,2.7,3.0
2017,11,2017-11-01,Sudeste,SP,São Paulo,Aplicativo,Casa,Produto C,25,183.47,4586.68,2878.45,1753.85,7.6,3.83
2017,11,2017-11-01,Sudeste,SP,Campinas,Site próprio,Casa,Produto A,2,526.66,1053.31,814.45,249.39,10.1,3.77
2017,11,2017-11-01,Sudeste,SP,Ribeirão Preto,Marketplace,Beleza,Produto B,16,784.95,12559.22,9023.0,2419.97,11.9,3.98
2017,11,2017-11-01,Sudeste,RJ,Rio de Janeiro,Site próprio,Moda,Produto A,15,1699.87,25498.0,14130.91,8432.36,4.1,2.91
2017,11,2017-11-01,Sudeste,RJ,Niterói,Site próprio,Beleza,Produto D,3,307.85,923.55,523.08,388.4,13.7,4.8
2017,11,2017-11-01,Sudeste,RJ,Nova Iguaçu,Site próprio,Eletrônicos,Produto C,4,1613.79,6455.15,3725.6,2400.45,5.1,3.86
2017,11,2017-11-01,Sudeste,RJ,Petrópolis,Site próprio,Esporte,Produto D,9,1589.92,14309.3,10467.42,5054.57,10.2,4.38
2017,11,2017-11-01,Sudeste,MG,Belo Horizonte,Aplicativo,Casa,Produto A,18,147.12,2648.08,1944.1,742.95,12.9,4.02
2017,11,2017-11-01,Sudeste,MG,Uberlândia,Site próprio,Livros,Produto C,10,1244.62,12446.22,7159.36,5200.96,3.2,2.64
2017,11,2017-11-01,Sudeste,MG,Juiz de Fora,Aplicativo,Eletrônicos,Produto C,18,2019.01,36342.17,22166.29,12749.84,14.2,4.01
2017,11,2017-11-01,Sudeste,ES,Vitória,Site próprio,Moda,Produto D,4,1181.59,4726.37,2903.81,1652.62,6.1,3.37
2017,11,2017-11-01,Sudeste,ES,Vila Velha,Marketplace,Casa,Produto C,21,2157.49,45307.19,28398.12,8816.08,6.8,4.41
2017,11,2017-11-01,Sudeste,ES,Serra,Aplicativo,Beleza,Produto A,3,2189.95,6569.86,3905.93,2904.64,10.7,3.11
2017,11,2017-11-01,Sul,PR,Curitiba,Marketplace,Moda,Produto B,23,1524.88,35072.26,23464.42,14554.64,8.1,4.05
2017,11,2017-11-01,Sul,PR,Londrina,Site próprio,Moda,Produto B,7,1335.78,9350.46,5556.7,2479.05,7.6,3.33
2017,11,2017-11-01,Sul,SC,Florianópolis,Site próprio,Beleza,Produto A,10,1110.97,11109.69,6931.47,3699.15,3.6,3.86
2017,11,2017-11-01,Sul,SC,Joinville,Marketplace,Esporte,Produto D,8,1371.05,10968.4,7171.22,2385.67,5.0,4.54
2017,11,2017-11-01,Sul,RS,Porto Alegre,Aplicativo,Eletrônicos,Produto C,8,731.36,5850.9,4150.14,1900.79,10.5,4.93
2017,11,2017-11-01,Sul,RS,Caxias do Sul,Site próprio,Beleza,Produto D,20,2371.16,47423.22,37658.83,17567.07,8.0,4.7
2017,12,2017-12-01,Norte,AM,Manaus,Marketplace,Livros,Produto B,5,1255.48,6277.4,4750.37,1583.61,5.2,3.32
2017,12,2017-12-01,Norte,PA,Belém,Site próprio,Moda,Produto A,19,619.53,11771.01,8697.82,3192.83,4.5,2.52
2017,12,2017-12-01,Norte,PA,Santarém,Marketplace,Moda,Produto A,17,2398.46,40773.76,33167.92,9014.64,4.2,4.25
2017,12,2017-12-01,Norte,RO,Porto Velho,Site próprio,Livros,Produto D,29,1390.27,40317.88,25469.17,10297.4,2.8,4.45
2017,12,2017-12-01,Norte,TO,Palmas,Site próprio,Beleza,Produto A,9,452.78,4074.99,2647.89,1495.88,4.4,3.89
2017,12,2017-12-01,Nordeste,BA,Salvador,Site próprio,Moda,Produto C,4,146.74,586.97,353.81,111.32,9.6,3.41
2017,12,2017-12-01,Nordeste,BA,Feira de Santana,Aplicativo,Eletrônicos,Produto A,22,432.3,9510.64,5558.24,3232.17,11.4,4.98
2017,12,2017-12-01,Nordeste,PE,Recife,Marketplace,Casa,Produto C,16,2044.89,32718.23,22032.92,14254.69,3.9,2.78
2017,12,2017-12-01,Nordeste,PE,Jaboatão dos Guararapes,Site próprio,Moda,Produto C,7,1253.6,8775.18,5055.88,1927.76,13.0,4.22
2017,12,2017-12-01,Nordeste,CE,Fortaleza,Site próprio,Casa,Produto A,8,1921.49,15371.9,11939.53,3309.5,14.8,2.73
2017,12,2017-12-01,Nordeste,CE,Juazeiro do Norte,Aplicativo,Esporte,Produto B,6,463.35,2780.1,1861.55,1242.94,7.4,3.7
2017,12,2017-12-01,Nordeste,MA,São Luís,Aplicativo,Livros,Produto A,24,148.21,3557.07,2106.74,1145.19,3.1,3.08
2017,12,2017-12-01,Nordeste,PB,João Pessoa,Site próprio,Beleza,Produto A,5,1385.13,6925.66,5038.92,2609.66,6.7,3.39
2017,12,2017-12-01,Centro-Oeste,DF,Brasília,Aplicativo,Livros,Produto B,8,877.57,7020.58,5544.87,2635.96,14.8,2.69
2017,12,2017-12-01,Centro-Oeste,GO,Goiânia,Aplicativo,Esporte,Produto A,12,597.14,7165.63,5560.56,3119.69,9.4,4.13
2017,12,2017-12-01,Centro-Oeste,GO,Aparecida de Goiânia,Marketplace,Moda,Produto A,17,193.78,3294.24,2659.7,1138.1,6.9,4.63
2017,12,2017-12-01,Centro-Oeste,MT,Cuiabá,Site próprio,Moda,Produto D,25,961.49,24037.25,17355.49,9317.39,14.0,3.22
2017,12,2017-12-01,Centro-Oeste,MS,Campo Grande,Site próprio,Esporte,Produto D,18,1092.86,19671.51,11310.27,6400.35,4.2,2.54
2017,12,2017-12-01,Sudeste,SP,São Paulo,Aplicativo,Moda,Produto D,14,1885.41,26395.76,17302.71,11085.61,7.6,4.03
2017,12,2017-12-01,Sudeste,SP,Campinas,Site próprio,Esporte,Produto A,18,2332.3,41981.42,24161.03,8690.48,9.3,3.22
2017,12,2017-12-01,Sudeste,SP,Ribeirão Preto,Aplicativo,Eletrônicos,Produto A,26,2179.22,56659.75,41778.0,17962.93,13.0,2.5
2017,12,2017-12-01,Sudeste,RJ,Rio de Janeiro,Site próprio,Moda,Produto D,24,1208.89,29013.26,20999.08,12472.59,8.2,4.62
2017,12,2017-12-01,Sudeste,RJ,Niterói,Site próprio,Livros,Produto D,11,2221.5,24436.55,14927.73,9605.05,10.4,3.04
2017,12,2017-12-01,Sudeste,RJ,Nova Iguaçu,Marketplace,Esporte,Produto D,20,997.95,19958.93,16055.21,5637.47,12.2,4.71
2017,12,2017-12-01,Sudeste,RJ,Petrópolis,Aplicativo,Eletrônicos,Produto C,5,1119.71,5598.57,4231.37,1580.97,13.7,3.19
2017,12,2017-12-01,Sudeste,MG,Belo Horizonte,Aplicativo,Moda,Produto A,4,2479.27,9917.1,7932.57,3280.14,11.5,3.87
2017,12,2017-12-01,Sudeste,MG,Uberlândia,Marketplace,Livros,Produto B,6,1051.35,6308.08,4677.03,2270.07,13.7,3.85
2017,12,2017-12-01,Sudeste,MG,Juiz de Fora,Aplicativo,Casa,Produto D,27,1641.66,44324.77,32061.08,15255.56,9.5,2.64
2017,12,2017-12-01,Sudeste,ES,Vitória,Aplicativo,Esporte,Produto D,23,166.78,3835.98,2759.73,762.37,8.8,4.89
2017,12,2017-12-01,Sudeste,ES,Vila Velha,Aplicativo,Beleza,Produto C,19,775.02,14725.35,10455.18,4891.36,2.6,3.03
2017,12,2017-12-01,Sudeste,ES,Serra,Site próprio,Moda,Produto B,24,2020.61,48494.66,36026.52,10920.31,5.5,4.29
2017,12,2017-12-01,Sul,PR,Curitiba,Aplicativo,Livros,Produto B,15,2088.16,31322.44,19892.35,11018.53,14.0,4.78
2017,12,2017-12-01,Sul,PR,Londrina,Aplicativo,Beleza,Produto D,27,1733.64,46808.33,26276.67,19447.32,6.6,3.96
2017,12,2017-12-01,Sul,SC,Florianópolis,Site próprio,Moda,Produto D,23,2090.61,48084.05,35910.19,11064.43,8.5,3.9
2017,12,2017-12-01,Sul,SC,Joinville,Marketplace,Casa,Produto D,18,1217.17,21909.04,13438.26,5207.29,14.2,3.95
2017,12,2017-12-01,Sul,RS,Porto Alegre,Aplicativo,Livros,Produto C,9,485.18,4366.61,2806.39,913.98,6.1,4.31
2017,12,2017-12-01,Sul,RS,Caxias do Sul,Marketplace,Casa,Produto B,16,978.17,15650.69,11146.12,4669.89,12.2,3.89
2018,1,2018-01-01,Norte,AM,Manaus,Aplicativo,Livros,Produto A,20,1591.2,31824.09,22281.96,11104.2,3.9,2.9
2018,1,2018-01-01,Norte,PA,Belém,Site próprio,Casa,Produto A,19,761.2,14462.8,11197.7,5869.21,13.2,3.18
2018,1,2018-01-01,Norte,PA,Santarém,Aplicativo,Casa,Produto A,15,2487.65,37314.76,20628.34,7498.19,10.6,2.92
2018,1,2018-01-01,Norte,RO,Porto Velho,Aplicativo,Livros,Produto A,25,642.08,16051.89,12435.33,4203.43,5.9,3.61
2018,1,2018-01-01,Norte,TO,Palmas,Marketplace,Moda,Produto A,13,624.36,8116.62,6438.15,3386.92,7.6,4.84
2018,1,2018-01-01,Nordeste,BA,Salvador,Site próprio,Moda,Produto C,10,1127.67,11276.73,7871.76,3301.83,9.4,3.07
2018,1,2018-01-01,Nordeste,BA,Feira de Santana,Aplicativo,Moda,Produto B,11,2415.55,26571.02,17098.71,8870.03,2.2,4.18
2018,1,2018-01-01,Nordeste,PE,Recife,Site próprio,Eletrônicos,Produto B,26,1791.43,46577.2,34280.4,8803.3,3.6,4.92
2018,1,2018-01-01,Nordeste,PE,Jaboatão dos Guararapes,Aplicativo,Livros,Produto D,17,69.42,1180.19,665.01,265.41,10.3,3.95
2018,1,2018-01-01,Nordeste,CE,Fortaleza,Site próprio,Beleza,Produto C,21,638.44,13407.3,9412.35,3893.26,3.9,2.98
2018,1,2018-01-01,Nordeste,CE,Juazeiro do Norte,Aplicativo,Moda,Produto A,26,1947.67,50639.32,32544.88,11530.37,5.0,4.77
2018,1,2018-01-01,Nordeste,MA,São Luís,Aplicativo,Esporte,Produto A,6,1034.3,6205.78,3688.95,2589.49,8.9,3.52
2018,1,2018-01-01,Nordeste,PB,João Pessoa,Marketplace,Eletrônicos,Produto B,17,662.28,11258.72,6581.88,4403.17,2.3,4.4
2018,1,2018-01-01,Centro-Oeste,DF,Brasília,Aplicativo,Livros,Produto A,15,467.86,7017.85,4254.15,2756.1,8.7,4.29
2018,1,2018-01-01,Centro-Oeste,GO,Goiânia,Marketplace,Livros,Produto C,11,68.81,756.92,526.32,303.22,7.8,3.57
2018,1,2018-01-01,Centro-Oeste,GO,Aparecida de Goiânia,Aplicativo,Moda,Produto B,9,2362.9,21266.07,16510.39,5994.08,4.7,4.98
2018,1,2018-01-01,Centro-Oeste,MT,Cuiabá,Aplicativo,Eletrônicos,Produto C,4,1297.81,5191.23,4091.57,2057.88,4.2,4.19
2018,1,2018-01-01,Centro-Oeste,MS,Campo Grande,Aplicativo,Moda,Produto A,26,2121.62,55162.19,31530.23,20261.03,8.9,4.87
2018,1,2018-01-01,Sudeste,SP,São Paulo,Marketplace,Eletrônicos,Produto D,4,2056.71,8226.83,4560.22,1564.86,3.8,3.26
2018,1,2018-01-01,Sudeste,SP,Campinas,Marketplace,Moda,Produto B,9,757.87,6820.83,4162.39,2702.19,12.4,2.91
2018,1,2018-01-01,Sudeste,SP,Ribeirão Preto,Aplicativo,Beleza,Produto A,1,371.72,371.72,287.75,132.99,3.3,3.66
2018,1,2018-01-01,Sudeste,RJ,Rio de Janeiro,Marketplace,Beleza,Produto C,11,1532.42,16856.6,13534.3,5517.33,5.0,4.78
2018,1,2018-01-01,Sudeste,RJ,Niterói,Site próprio,Livros,Produto C,23,1304.08,29993.91,23032.26,11146.98,4.5,4.23
2018,1,2018-01-01,Sudeste,RJ,Nova Iguaçu,Site próprio,Beleza,Produto C,28,147.7,4135.67,2559.66,755.7,5.4,4.2
2018,1,2018-01-01,Sudeste,RJ,Petrópolis,Aplicativo,Beleza,Produto D,16,528.43,8454.9,6550.85,2966.99,6.6,3.0
2018,1,2018-01-01,Sudeste,MG,Belo Horizonte,Site próprio,Eletrônicos,Produto C,19,465.18,8838.39,4933.39,3578.84,3.6,2.62
2018,1,2018-01-01,Sudeste,MG,Uberlândia,Marketplace,Esporte,Produto C,24,2341.14,56187.46,43713.34,24176.42,6.0,2.66
2018,1,2018-01-01,Sudeste,MG,Juiz de Fora,Aplicativo,Livros,Produto B,15,983.12,14746.75,11430.63,5391.17,7.1,3.87
2018,1,2018-01-01,Sudeste,ES,Vitória,Marketplace,Moda,Produto D,22,313.6,6899.14,4911.14,2525.68,3.6,4.08
2018,1,2018-01-01,Sudeste,ES,Vila Velha,Aplicativo,Beleza,Produto A,20,1066.8,21335.96,14922.28,5380.44,14.0,2.8
2018,1,2018-01-01,Sudeste,ES,Serra,Site próprio,Casa,Produto D,21,1288.46,27057.6,15299.66,11204.36,11.7,4.6
2018,1,2018-01-01,Sul,PR,Curitiba,Aplicativo,Beleza,Produto A,18,2353.16,42356.83,33291.51,7808.68,2.5,3.28
2018,1,2018-01-01,Sul,PR,Londrina,Site próprio,Esporte,Produto A,24,875.34,21008.23,16183.4,4797.0,4.2,2.71
2018,1,2018-01-01,Sul,SC,Florianópolis,Site próprio,Moda,Produto A,24,1277.7,30664.77,24572.8,11331.33,13.3,3.41
2018,1,2018-01-01,Sul,SC,Joinville,Aplicativo,Beleza,Produto A,4,2220.84,8883.36,5261.8,2560.06,6.4,3.48
2018,1,2018-01-01,Sul,RS,Porto Alegre,Marketplace,Livros,Produto D,17,1105.6,18795.25,12380.08,3482.54,9.6,4.96
2018,1,2018-01-01,Sul,RS,Caxias do Sul,Aplicativo,Livros,Produto A,21,925.23,19429.91,15785.58,8275.34,3.3,3.54
2018,2,2018-02-01,Norte,AM,Manaus,Marketplace,Casa,Produto D,22,586.64,12906.15,10319.1,2381.41,6.6,4.56
2018,2,2018-02-01,Norte,PA,Belém,Site próprio,Esporte,Produto C,9,1422.5,12802.47,9461.3,4316.39,5.7,3.01
2018,2,2018-02-01,Norte,PA,Santarém,Aplicativo,Livros,Produto A,5,1820.12,9100.59,6913.78,3009.4,5.3,3.49
2018,2,2018-02-01,Norte,RO,Porto Velho,Aplicativo,Eletrônicos,Produto A,3,104.29,312.88,223.7,64.14,4.3,4.96
2018,2,2018-02-01,Norte,TO,Palmas,Aplicativo,Eletrônicos,Produto B,19,1158.11,22004.15,17353.92,6486.93,13.6,4.4
2018,2,2018-02-01,Nordeste,BA,Salvador,Marketplace,Esporte,Produto D,12,1512.79,18153.45,12507.23,7730.73,11.6,4.57
2018,2,2018-02-01,Nordeste,BA,Feira de Santana,Marketplace,Beleza,Produto B,4,466.77,1867.07,1097.19,744.11,12.6,4.63
2018,2,2018-02-01,Nordeste,PE,Recife,Aplicativo,Beleza,Produto D,22,1444.11,31770.51,21176.37,6012.81,13.3,3.45
2018,2,2018-02-01,Nordeste,PE,Jaboatão dos Guararapes,Marketplace,Beleza,Produto C,26,1201.41,31236.68,17944.14,8424.98,14.0,3.19
2018,2,2018-02-01,Nordeste,CE,Fortaleza,Aplicativo,Esporte,Produto B,5,218.61,1093.06,802.66,457.94,7.0,4.14
2018,2,2018-02-01,Nordeste,CE,Juazeiro do Norte,Aplicativo,Eletrônicos,Produto D,20,379.23,7584.55,5599.65,3187.84,10.9,2.62
2018,2,2018-02-01,Nordeste,MA,São Luís,Aplicativo,Beleza,Produto D,5,1268.7,6343.52,5023.85,1801.48,2.1,3.88
2018,2,2018-02-01,Nordeste,PB,João Pessoa,Aplicativo,Eletrônicos,Produto D,7,1906.85,13347.98,7582.04,4430.23,10.9,3.95
2018,2,2018-02-01,Centro-Oeste,DF,Brasília,Site próprio,Moda,Produto C,6,2023.3,12139.79,8052.58,2801.76,2.2,3.95
2018,2,2018-02-01,Centro-Oeste,GO,Goiânia,Marketplace,Moda,Produto D,10,870.78,8707.83,5730.22,2249.75,8.4,4.27
2018,2,2018-02-01,Centro-Oeste,GO,Aparecida de Goiânia,Aplicativo,Livros,Produto B,10,1527.68,15276.78,10255.47,5033.23,6.9,2.65
2018,2,2018-02-01,Centro-Oeste,MT,Cuiabá,Site próprio,Moda,Produto A,27,201.18,5431.8,4247.82,1988.36,6.5,3.13
2018,2,2018-02-01,Centro-Oeste,MS,Campo Grande,Aplicativo,Livros,Produto A,24,208.18,4996.32,3971.93,2041.97,10.2,3.83
2018,2,2018-02-01,Sudeste,SP,São Paulo,Marketplace,Moda,Produto B,20,1592.45,31849.03,18540.88,14030.03,6.5,3.14
2018,2,2018-02-01,Sudeste,SP,Campinas,Aplicativo,Esporte,Produto B,27,1404.76,37928.4,21416.47,7928.12,9.8,4.81
2018,2,2018-02-01,Sudeste,SP,Ribeirão Preto,Site próprio,Eletrônicos,Produto B,5,470.67,2353.34,1378.44,845.74,8.4,3.71
2018,2,2018-02-01,Sudeste,RJ,Rio de Janeiro,Site próprio,Eletrônicos,Produto C,12,1710.3,20523.55,15984.79,9076.08,13.6,3.54
2018,2,2018-02-01,Sudeste,RJ,Niterói,Site próprio,Beleza,Produto C,23,2270.19,52214.47,29839.43,20848.59,14.5,4.73
2018,2,2018-02-01,Sudeste,RJ,Nova Iguaçu,Aplicativo,Beleza,Produto A,2,1907.42,3814.85,2826.06,1357.39,10.1,3.63
2018,2,2018-02-01,Sudeste,RJ,Petrópolis,Marketplace,Eletrônicos,Produto B,22,669.22,14722.81,9834.62,4081.89,3.9,3.14
2018,2,2018-02-01,Sudeste,MG,Belo Horizonte,Aplicativo,Esporte,Produto B,15,1050.45,15756.82,12027.75,5137.26,6.8,4.93
2018,2,2018-02-01,Sudeste,MG,Uberlândia,Aplicativo,Livros,Produto D,27,304.35,8217.38,5604.65,2486.9,12.4,4.64
2018,2,2018-02-01,Sudeste,MG,Juiz de Fora,Site próprio,Eletrônicos,Produto D,17,1629.72,27705.24,19970.18,7711.07,14.9,3.49
2018,2,2018-02-01,Sudeste,ES,Vitória,Site próprio,Livros,Produto A,2,853.85,1707.69,1328.05,486.32,6.7,2.61
2018,2,2018-02-01,Sudeste,ES,Vila Velha,Aplicativo,Eletrônicos,Produto D,9,2133.68,19203.09,13105.65,5972.19,9.7,3.58
2018,2,2018-02-01,Sudeste,ES,Serra,Marketplace,Esporte,Produto B,23,1601.74,36839.98,30080.27,7439.68,9.6,3.76
2018,2,2018-02-01,Sul,PR,Curitiba,Site próprio,Beleza,Produto B,14,2035.96,28503.47,15782.43,5692.37,6.4,3.28
2018,2,2018-02-01,Sul,PR,Londrina,Marketplace,Beleza,Produto D,12,88.07,1056.89,791.21,237.93,7.9,3.69
2018,2,2018-02-01,Sul,SC,Florianópolis,Aplicativo,Eletrônicos,Produto A,3,1904.13,5712.38,3660.46,2341.53,4.5,2.55
2018,2,2018-02-01,Sul,SC,Joinville,Marketplace,Esporte,Produto B,25,1795.67,44891.67,26370.16,13160.84,4.4,2.78
2018,2,2018-02-01,Sul,RS,Porto Alegre,Aplicativo,Livros,Produto B,13,2451.6,31870.74,18644.3,8250.53,2.2,4.71
2018,2,2018-02-01,Sul,RS,Caxias do Sul,Marketplace,Moda,Produto D,9,2187.7,19689.27,12842.58,4172.85,7.3,4.65
2018,3,2018-03-01,Norte,AM,Manaus,Site próprio,Esporte,Produto C,3,1744.01,5232.04,3827.38,1959.32,8.4,4.46
2018,3,2018-03-01,Norte,PA,Belém,Marketplace,Beleza,Produto D,12,1245.53,14946.39,9670.56,5649.95,6.0,3.42
2018,3,2018-03-01,Norte,PA,Santarém,Marketplace,Eletrônicos,Produto D,26,1090.55,28354.28,17054.15,5898.32,9.7,3.63
2018,3,2018-03-01,Norte,RO,Porto Velho,Aplicativo,Eletrônicos,Produto C,6,2364.59,14187.55,11425.98,6072.0,14.3,2.76
2018,3,2018-03-01,Norte,TO,Palmas,Aplicativo,Esporte,Produto A,6,1962.54,11775.26,7456.89,3599.75,8.5,2.56
2018,3,2018-03-01,Nordeste,BA,Salvador,Marketplace,Beleza,Produto A,7,2238.44,15669.07,9493.65,6349.5,3.3,3.14
2018,3,2018-03-01,Nordeste,BA,Feira de Santana,Aplicativo,Casa,Produto A,9,981.22,8830.98,5896.09,3393.67,6.8,4.08
2018,3,2018-03-01,Nordeste,PE,Recife,Aplicativo,Beleza,Produto D,16,1264.18,20226.83,12451.94,4148.32,4.5,2.73
2018,3,2018-03-01,Nordeste,PE,Jaboatão dos Guararapes,Site próprio,Casa,Produto B,28,431.62,12085.45,9684.51,4746.88,9.0,3.48
2018,3,2018-03-01,Nordeste,CE,Fortaleza,Site próprio,Casa,Produto C,2,728.25,1456.51,883.4,283.33,2.1,2.56
2018,3,2018-03-01,Nordeste,CE,Juazeiro do Norte,Marketplace,Livros,Produto A,28,1065.18,29825.15,20715.56,7998.58,10.2,4.5
2018,3,2018-03-01,Nordeste,MA,São Luís,Aplicativo,Moda,Produto B,15,784.74,11771.16,7851.9,4037.56,11.8,3.19
2018,3,2018-03-01,Nordeste,PB,João Pessoa,Marketplace,Esporte,Produto B,8,1159.09,9272.74,6588.03,3264.33,8.0,2.79
2018,3,2018-03-01,Centro-Oeste,DF,Brasília,Aplicativo,Beleza,Produto C,29,2035.29,59023.53,33622.88,12022.75,14.6,4.97
2018,3,2018-03-01,Centro-Oeste,GO,Goiânia,Aplicativo,Moda,Produto A,6,579.26,3475.54,2835.15,1179.73,13.4,2.62
2018,3,2018-03-01,Centro-Oeste,GO,Aparecida de Goiânia,Site próprio,Livros,Produto B,28,1618.48,45317.49,28577.79,14943.38,12.4,3.24
2018,3,2018-03-01,Centro-Oeste,MT,Cuiabá,Aplicativo,Moda,Produto D,4,364.29,1457.15,1113.14,303.83,7.3,4.5
2018,3,2018-03-01,Centro-Oeste,MS,Campo Grande,Aplicativo,Eletrônicos,Produto A,20,182.4,3648.06,2380.96,1526.46,8.0,2.58
2018,3,2018-03-01,Sudeste,SP,São Paulo,Aplicativo,Casa,Produto A,15,1371.88,20578.21,16037.01,4935.16,7.9,4.38
2018,3,2018-03-01,Sudeste,SP,Campinas,Marketplace,Beleza,Produto B,2,52.92,105.84,79.94,32.53,10.8,4.79
2018,3,2018-03-01,Sudeste,SP,Ribeirão Preto,Aplicativo,Livros,Produto C,25,1582.29,39557.28,25442.6,14395.78,14.3,4.78
2018,3,2018-03-01,Sudeste,RJ,Rio de Janeiro,Site próprio,Beleza,Produto D,25,1033.52,25837.88,20525.85,11593.66,7.4,2.98
2018,3,2018-03-01,Sudeste,RJ,Niterói,Site próprio,Eletrônicos,Produto A,1,2122.24,2122.24,1691.24,520.53,2.1,3.58
2018,3,2018-03-01,Sudeste,RJ,Nova Iguaçu,Site próprio,Moda,Produto A,21,2107.51,44257.7,25446.7,19338.46,3.6,3.95
2018,3,2018-03-01,Sudeste,RJ,Petrópolis,Aplicativo,Moda,Produto C,26,358.23,9313.86,6861.23,1772.75,2.6,3.93
2018,3,2018-03-01,Sudeste,MG,Belo Horizonte,Site próprio,Livros,Produto A,18,478.89,8620.02,6237.19,3061.2,4.2,4.3
2018,3,2018-03-01,Sudeste,MG,Uberlândia,Aplicativo,Eletrônicos,Produto D,20,1576.77,31535.49,19490.52,8745.13,10.6,3.11
2018,3,2018-03-01,Sudeste,MG,Juiz de Fora,Site próprio,Esporte,Produto C,5,1070.73,5353.64,3134.25,997.78,6.3,3.83
2018,3,2018-03-01,Sudeste,ES,Vitória,Site próprio,Beleza,Produto D,28,1561.26,43715.14,28528.48,17168.78,3.5,3.07
2018,3,2018-03-01,Sudeste,ES,Vila Velha,Aplicativo,Moda,Produto D,15,531.2,7968.01,4430.89,3490.26,2.3,2.83
2018,3,2018-03-01,Sudeste,ES,Serra,Marketplace,Eletrônicos,Produto A,16,371.58,5945.3,3319.42,2629.68,9.9,4.79
2018,3,2018-03-01,Sul,PR,Curitiba,Site próprio,Eletrônicos,Produto A,19,2029.49,38560.27,24233.88,11619.04,4.0,4.62
2018,3,2018-03-01,Sul,PR,Londrina,Site próprio,Casa,Produto B,11,2394.33,26337.64,15837.74,5291.46,7.9,4.19
2018,3,2018-03-01,Sul,SC,Florianópolis,Aplicativo,Casa,Produto D,2,607.77,1215.53,964.62,431.09,8.7,3.42
2018,3,2018-03-01,Sul,SC,Joinville,Site próprio,Moda,Produto B,22,2189.21,48162.7,36489.03,9183.81,11.5,4.16
2018,3,2018-03-01,Sul,RS,Porto Alegre,Marketplace,Esporte,Produto A,15,390.25,5853.76,3499.08,1431.81,7.6,2.98
2018,3,2018-03-01,Sul,RS,Caxias do Sul,Marketplace,Beleza,Produto A,14,1022.34,14312.75,8731.41,6103.52,7.9,2.93
2018,4,2018-04-01,Norte,AM,Manaus,Site próprio,Livros,Produto B,21,1772.29,37218.17,23655.37,15551.43,3.9,4.43
2018,4,2018-04-01,Norte,PA,Belém,Aplicativo,Eletrônicos,Produto B,3,51.26,153.78,93.86,54.38,11.2,3.56
2018,4,2018-04-01,Norte,PA,Santarém,Aplicativo,Eletrônicos,Produto B,16,1268.63,20298.01,14034.81,4840.47,6.1,4.75
2018,4,2018-04-01,Norte,RO,Porto Velho,Marketplace,Esporte,Produto B,1,625.97,625.97,363.55,280.01,14.8,4.95
2018,4,2018-04-01,Norte,TO,Palmas,Site próprio,Livros,Produto C,26,2106.24,54762.3,36587.18,15905.38,3.1,4.57
2018,4,2018-04-01,Nordeste,BA,Salvador,Aplicativo,Beleza,Produto C,25,1361.15,34028.87,19376.37,13556.14,3.5,4.5
2018,4,2018-04-01,Nordeste,BA,Feira de Santana,Marketplace,Esporte,Produto B,9,2373.45,21361.07,12601.26,7330.02,13.6,2.93
2018,4,2018-04-01,Nordeste,PE,Recife,Marketplace,Eletrônicos,Produto A,27,666.15,17986.06,11089.58,5787.45,3.9,3.7
2018,4,2018-04-01,Nordeste,PE,Jaboatão dos Guararapes,Site próprio,Beleza,Produto D,17,202.8,3447.57,2135.81,908.23,7.1,4.92
2018,4,2018-04-01,Nordeste,CE,Fortaleza,Site próprio,Moda,Produto D,6,2438.89,14633.32,11336.9,2928.62,10.7,4.09
2018,4,2018-04-01,Nordeste,CE,Juazeiro do Norte,Site próprio,Moda,Produto D,4,1854.77,7419.1,4494.37,2154.49,7.7,3.38
2018,4,2018-04-01,Nordeste,MA,São Luís,Marketplace,Moda,Produto D,5,1835.68,9178.39,6580.46,3186.64,11.6,4.85
2018,4,2018-04-01,Nordeste,PB,João Pessoa,Aplicativo,Casa,Produto D,16,2392.75,38283.99,22217.98,14458.57,10.8,3.68
2018,4,2018-04-01,Centro-Oeste,DF,Brasília,Site próprio,Esporte,Produto B,1,1633.64,1633.64,1248.04,648.61,13.8,4.72
2018,4,2018-04-01,Centro-Oeste,GO,Goiânia,Marketplace,Casa,Produto C,1,990.23,990.23,634.02,367.5,8.1,2.86
2018,4,2018-04-01,Centro-Oeste,GO,Aparecida de Goiânia,Site próprio,Moda,Produto C,7,2431.92,17023.41,9893.15,6936.16,14.0,4.17
2018,4,2018-04-01,Centro-Oeste,MT,Cuiabá,Site próprio,Livros,Produto D,28,1718.11,48107.14,34518.72,8925.46,9.7,4.78
2018,4,2018-04-01,Centro-Oeste,MS,Campo Grande,Site próprio,Beleza,Produto A,26,506.45,13167.72,9135.11,4738.67,12.3,4.86
2018,4,2018-04-01,Sudeste,SP,São Paulo,Site próprio,Casa,Produto C,14,2245.52,31437.25,17373.4,12469.89,4.7,3.79
2018,4,2018-04-01,Sudeste,SP,Campinas,Site próprio,Moda,Produto B,7,770.82,5395.76,3078.69,2207.88,3.7,2.79
2018,4,2018-04-01,Sudeste,SP,Ribeirão Preto,Aplicativo,Livros,Produto D,3,1012.76,3038.27,2049.33,836.83,14.6,4.37
2018,4,2018-04-01,Sudeste,RJ,Rio de Janeiro,Marketplace,Moda,Produto D,29,1979.67,57410.54,35878.89,19627.73,11.1,2.55
2018,4,2018-04-01,Sudeste,RJ,Niterói,Site próprio,Casa,Produto B,24,1921.32,46111.72,28982.57,16628.0,3.6,4.69
2018,4,2018-04-01,Sudeste,RJ,Nova Iguaçu,Marketplace,Esporte,Produto D,10,1842.1,18420.99,14091.92,3756.5,10.4,3.34
2018,4,2018-04-01,Sudeste,RJ,Petrópolis,Marketplace,Livros,Produto B,18,628.22,11307.96,9000.48,3189.09,7.5,4.14
2018,4,2018-04-01,Sudeste,MG,Belo Horizonte,Aplicativo,Casa,Produto D,23,178.65,4108.94,2388.14,1766.57,8.3,3.59
2018,4,2018-04-01,Sudeste,MG,Uberlândia,Aplicativo,Livros,Produto B,16,1920.31,30724.98,21114.99,7581.68,6.4,4.45
2018,4,2018-04-01,Sudeste,MG,Juiz de Fora,Marketplace,Beleza,Produto A,22,894.48,19678.57,14899.58,3758.22,9.0,4.47
2018,4,2018-04-01,Sudeste,ES,Vitória,Aplicativo,Casa,Produto A,28,624.75,17492.92,9683.81,4462.53,5.9,4.23
2018,4,2018-04-01,Sudeste,ES,Vila Velha,Site próprio,Casa,Produto D,11,1741.63,19157.94,11109.31,7762.7,8.7,3.33
2018,4,2018-04-01,Sudeste,ES,Serra,Site próprio,Eletrônicos,Produto D,28,288.33,8073.34,4705.54,2048.45,9.5,3.12
2018,4,2018-04-01,Sul,PR,Curitiba,Aplicativo,Livros,Produto C,18,547.26,9850.6,7626.52,3881.11,13.9,4.19
2018,4,2018-04-01,Sul,PR,Londrina,Aplicativo,Casa,Produto D,18,119.34,2148.19,1250.04,877.24,4.0,4.07
2018,4,2018-04-01,Sul,SC,Florianópolis,Aplicativo,Beleza,Produto B,24,2440.16,58563.77,42087.09,12909.01,9.7,2.61
2018,4,2018-04-01,Sul,SC,Joinville,Site próprio,Esporte,Produto D,24,254.72,6113.39,3609.65,1924.37,3.8,3.16
2018,4,2018-04-01,Sul,RS,Porto Alegre,Marketplace,Beleza,Produto B,11,1320.5,14525.45,11652.61,4883.74,4.4,4.43
2018,4,2018-04-01,Sul,RS,Caxias do Sul,Marketplace,Livros,Produto D,7,677.54,4742.81,2881.2,1624.34,10.5,3.07
2018,5,2018-05-01,Norte,AM,Manaus,Marketplace,Eletrônicos,Produto A,6,585.76,3514.56,2745.18,1175.0,9.5,3.7
2018,5,2018-05-01,Norte,PA,Belém,Aplicativo,Eletrônicos,Produto C,21,113.27,2378.65,1325.67,642.01,5.4,4.18
2018,5,2018-05-01,Norte,PA,Santarém,Aplicativo,Beleza,Produto A,3,606.22,1818.67,1137.87,514.41,7.8,3.13
2018,5,2018-05-01,Norte,RO,Porto Velho,Marketplace,Eletrônicos,Produto A,24,2038.21,48917.07,32898.3,10823.7,13.1,3.34
2018,5,2018-05-01,Norte,TO,Palmas,Site próprio,Eletrônicos,Produto D,19,332.62,6319.81,4772.75,2741.11,6.7,3.51
2018,5,2018-05-01,Nordeste,BA,Salvador,Marketplace,Esporte,Produto B,14,1100.83,15411.58,9665.39,3127.68,9.9,3.11
2018,5,2018-05-01,Nordeste,BA,Feira de Santana,Marketplace,Eletrônicos,Produto A,3,2211.36,6634.08,5004.29,2788.09,4.6,4.53
2018,5,2018-05-01,Nordeste,PE,Recife,Marketplace,Livros,Produto A,21,869.75,18264.7,14970.66,3669.22,9.4,4.3
2018,5,2018-05-01,Nordeste,PE,Jaboatão dos Guararapes,Aplicativo,Esporte,Produto D,3,1064.2,3192.59,1756.68,850.67,11.5,4.2
2018,5,2018-05-01,Nordeste,CE,Fortaleza,Site próprio,Beleza,Produto D,7,1277.16,8940.09,5290.65,1883.22,14.4,2.7
2018,5,2018-05-01,Nordeste,CE,Juazeiro do Norte,Aplicativo,Esporte,Produto C,23,1688.56,38836.95,24123.86,12594.21,8.4,3.24
2018,5,2018-05-01,Nordeste,MA,São Luís,Marketplace,Beleza,Produto B,11,837.8,9215.79,6877.53,3203.12,11.6,3.01
2018,5,2018-05-01,Nordeste,PB,João Pessoa,Site próprio,Livros,Produto A,21,757.21,15901.39,11627.97,4720.81,10.8,3.79
2018,5,2018-05-01,Centro-Oeste,DF,Brasília,Marketplace,Esporte,Produto D,6,1794.89,10769.32,7890.01,3989.57,10.9,4.36
2018,5,2018-05-01,Centro-Oeste,GO,Goiânia,Site próprio,Casa,Produto B,27,2061.65,55664.45,41988.08,22564.54,5.2,4.64
2018,5,2018-05-01,Centro-Oeste,GO,Aparecida de Goiânia,Site próprio,Casa,Produto B,18,584.39,10519.07,6697.59,4463.18,11.3,3.96
2018,5,2018-05-01,Centro-Oeste,MT,Cuiabá,Site próprio,Esporte,Produto A,13,2362.04,30706.47,22142.07,13346.65,11.3,4.5
2018,5,2018-05-01,Centro-Oeste,MS,Campo Grande,Site próprio,Moda,Produto D,18,629.07,11323.23,8485.76,2751.96,3.7,4.61
2018,5,2018-05-01,Sudeste,SP,São Paulo,Site próprio,Esporte,Produto B,6,1185.76,7114.55,4488.3,2195.12,8.8,3.66
2018,5,2018-05-01,Sudeste,SP,Campinas,Marketplace,Eletrônicos,Produto C,13,474.37,6166.75,3762.13,1261.53,3.4,3.1
2018,5,2018-05-01,Sudeste,SP,Ribeirão Preto,Site próprio,Moda,Produto B,3,1652.19,4956.58,3270.23,1273.06,11.8,4.45
2018,5,2018-05-01,Sudeste,RJ,Rio de Janeiro,Aplicativo,Moda,Produto B,16,1526.17,24418.77,15578.65,10612.14,13.4,4.15
2018,5,2018-05-01,Sudeste,RJ,Niterói,Aplicativo,Moda,Produto C,1,1156.51,1156.51,839.24,208.54,5.9,5.0
2018,5,2018-05-01,Sudeste,RJ,Nova Iguaçu,Aplicativo,Livros,Produto B,17,193.51,3289.63,2168.35,675.3,11.2,3.65
2018,5,2018-05-01,Sudeste,RJ,Petrópolis,Marketplace,Beleza,Produto A,6,1003.12,6018.7,3851.73,2007.31,10.1,3.95
2018,5,2018-05-01,Sudeste,MG,Belo Horizonte,Marketplace,Esporte,Produto C,15,1981.02,29715.28,19163.78,9383.33,10.9,3.95
2018,5,2018-05-01,Sudeste,MG,Uberlândia,Marketplace,Eletrônicos,Produto C,29,2416.36,70074.54,44874.77,27372.71,7.4,4.07
2018,5,2018-05-01,Sudeste,MG,Juiz de Fora,Marketplace,Casa,Produto C,2,291.8,583.6,412.43,249.46,13.1,2.69
2018,5,2018-05-01,Sudeste,ES,Vitória,Site próprio,Beleza,Produto B,1,229.1,229.1,132.06,74.95,7.1,4.51
2018,5,2018-05-01,Sudeste,ES,Vila Velha,Site próprio,Beleza,Produto B,1,2333.35,2333.35,1437.88,759.98,2.0,3.2
2018,5,2018-05-01,Sudeste,ES,Serra,Site próprio,Esporte,Produto B,25,362.2,9054.98,6666.26,3086.93,10.0,2.54
2018,5,2018-05-01,Sul,PR,Curitiba,Marketplace,Esporte,Produto B,27,1638.78,44247.16,28045.68,15468.94,7.1,4.74
2018,5,2018-05-01,Sul,PR,Londrina,Marketplace,Eletrônicos,Produto A,7,700.93,4906.51,3791.0,999.75,12.2,4.9
2018,5,2018-05-01,Sul,SC,Florianópolis,Site próprio,Casa,Produto B,4,1399.29,5597.18,3472.52,1897.78,14.7,3.19
2018,5,2018-05-01,Sul,SC,Joinville,Marketplace,Eletrônicos,Produto A,26,85.54,2224.05,1364.73,708.97,6.3,4.12
2018,5,2018-05-01,Sul,RS,Porto Alegre,Site próprio,Casa,Produto A,24,605.71,14537.11,8244.45,2658.48,6.6,4.08
2018,5,2018-05-01,Sul,RS,Caxias do Sul,Marketplace,Livros,Produto D,23,400.86,9219.88,7273.5,2481.88,11.5,3.99
2018,6,2018-06-01,Norte,AM,Manaus,Marketplace,Casa,Produto B,4,1214.45,4857.8,3851.5,1327.76,6.8,3.2
2018,6,2018-06-01,Norte,PA,Belém,Marketplace,Casa,Produto A,16,298.75,4779.95,3196.62,876.09,2.3,3.98
2018,6,2018-06-01,Norte,PA,Santarém,Site próprio,Eletrônicos,Produto D,14,2436.19,34106.6,25909.37,11940.44,15.0,4.34
2018,6,2018-06-01,Norte,RO,Porto Velho,Aplicativo,Eletrônicos,Produto D,13,1665.48,21651.18,14172.46,9637.69,9.9,3.57
2018,6,2018-06-01,Norte,TO,Palmas,Site próprio,Casa,Produto A,9,277.6,2498.37,1552.36,913.72,8.8,4.01
2018,6,2018-06-01,Nordeste,BA,Salvador,Marketplace,Casa,Produto C,29,1044.5,30290.49,21414.89,13515.41,8.4,2.65
2018,6,2018-06-01,Nordeste,BA,Feira de Santana,Marketplace,Livros,Produto C,7,1927.49,13492.4,9509.21,4311.4,11.1,3.84
2018,6,2018-06-01,Nordeste,PE,Recife,Aplicativo,Esporte,Produto A,4,2099.11,8396.43,5133.59,2883.46,14.3,3.87
2018,6,2018-06-01,Nordeste,PE,Jaboatão dos Guararapes,Aplicativo,Esporte,Produto D,22,2468.78,54313.08,39618.53,19947.73,7.0,4.28
2018,6,2018-06-01,Nordeste,CE,Fortaleza,Marketplace,Moda,Produto D,16,591.35,9461.62,5516.63,4220.97,12.3,3.13
2018,6,2018-06-01,Nordeste,CE,Juazeiro do Norte,Site próprio,Eletrônicos,Produto D,1,2427.2,2427.2,1821.13,612.62,6.9,4.02
2018,6,2018-06-01,Nordeste,MA,São Luís,Marketplace,Eletrônicos,Produto D,19,809.31,15376.84,11494.94,5784.45,3.2,3.73
2018,6,2018-06-01,Nordeste,PB,João Pessoa,Aplicativo,Casa,Produto C,18,1294.83,23306.88,17994.38,9421.47,8.5,4.98
2018,6,2018-06-01,Centro-Oeste,DF,Brasília,Marketplace,Casa,Produto B,6,1683.25,10099.5,7212.48,3997.1,10.3,4.97
2018,6,2018-06-01,Centro-Oeste,GO,Goiânia,Site próprio,Esporte,Produto B,28,940.83,26343.27,15734.6,5557.82,3.3,4.77
2018,6,2018-06-01,Centro-Oeste,GO,Aparecida de Goiânia,Aplicativo,Beleza,Produto C,7,1568.71,10980.98,8413.7,2570.36,3.3,3.95
2018,6,2018-06-01,Centro-Oeste,MT,Cuiabá,Aplicativo,Moda,Produto A,27,700.73,18919.58,12847.38,3841.76,8.4,4.39
2018,6,2018-06-01,Centro-Oeste,MS,Campo Grande,Marketplace,Eletrônicos,Produto C,4,1556.12,6224.49,3965.52,2562.44,7.6,4.28
2018,6,2018-06-01,Sudeste,SP,São Paulo,Site próprio,Casa,Produto D,17,1253.13,21303.18,11914.63,4822.33,14.0,4.43
2018,6,2018-06-01,Sudeste,SP,Campinas,Aplicativo,Beleza,Produto B,15,1307.6,19614.06,15837.9,7983.75,13.8,3.28
2018,6,2018-06-01,Sudeste,SP,Ribeirão Preto,Site próprio,Esporte,Produto A,4,733.75,2934.99,1653.16,1079.08,10.4,3.44
2018,6,2018-06-01,Sudeste,RJ,Rio de Janeiro,Aplicativo,Casa,Produto D,5,1639.31,8196.56,5825.55,1494.25,11.8,2.9
2018,6,2018-06-01,Sudeste,RJ,Niterói,Site próprio,Eletrônicos,Produto A,8,2128.15,17025.23,13210.38,5955.33,14.2,4.0
2018,6,2018-06-01,Sudeste,RJ,Nova Iguaçu,Marketplace,Livros,Produto C,28,690.69,19339.38,15301.3,4391.04,9.1,3.11
2018,6,2018-06-01,Sudeste,RJ,Petrópolis,Marketplace,Esporte,Produto A,5,1883.66,9418.3,6601.44,3290.17,2.8,3.1
2018,6,2018-06-01,Sudeste,MG,Belo Horizonte,Marketplace,Beleza,Produto B,12,2211.97,26543.65,21548.25,11257.19,5.5,3.64
2018,6,2018-06-01,Sudeste,MG,Uberlândia,Aplicativo,Eletrônicos,Produto B,8,2479.88,19839.07,14780.39,7913.1,4.7,4.26
2018,6,2018-06-01,Sudeste,MG,Juiz de Fora,Aplicativo,Livros,Produto B,10,2161.79,21617.86,14200.05,7355.62,6.8,4.92
2018,6,2018-06-01,Sudeste,ES,Vitória,Aplicativo,Eletrônicos,Produto A,22,688.23,15141.07,9253.6,3913.15,12.6,4.66
2018,6,2018-06-01,Sudeste,ES,Vila Velha,Marketplace,Moda,Produto C,24,2474.96,59399.02,46108.07,15276.17,10.7,3.9
2018,6,2018-06-01,Sudeste,ES,Serra,Site próprio,Casa,Produto B,2,1059.82,2119.64,1340.44,770.61,2.9,4.83
2018,6,2018-06-01,Sul,PR,Curitiba,Aplicativo,Beleza,Produto C,20,2402.53,48050.55,34171.14,8852.98,12.8,4.23
2018,6,2018-06-01,Sul,PR,Londrina,Marketplace,Casa,Produto A,8,1532.46,12259.69,7519.41,3144.33,6.9,2.55
2018,6,2018-06-01,Sul,SC,Florianópolis,Marketplace,Esporte,Produto C,1,864.4,864.4,568.62,307.04,13.6,4.48
2018,6,2018-06-01,Sul,SC,Joinville,Marketplace,Casa,Produto C,17,119.12,2025.1,1269.24,838.83,13.7,4.04
2018,6,2018-06-01,Sul,RS,Porto Alegre,Site próprio,Esporte,Produto C,28,291.5,8161.9,5589.72,2767.88,11.7,4.52
2018,6,2018-06-01,Sul,RS,Caxias do Sul,Marketplace,Eletrônicos,Produto C,19,1932.18,36711.35,27348.39,15754.24,5.9,4.18
2018,7,2018-07-01,Norte,AM,Manaus,Aplicativo,Casa,Produto B,12,912.12,10945.48,6722.56,2422.19,5.4,4.25
2018,7,2018-07-01,Norte,PA,Belém,Marketplace,Livros,Produto C,20,1083.34,21666.81,17240.1,4396.91,14.6,2.62
2018,7,2018-07-01,Norte,PA,Santarém,Marketplace,Beleza,Produto C,9,2006.43,18057.9,12150.21,6761.46,5.2,3.37
2018,7,2018-07-01,Norte,RO,Porto Velho,Marketplace,Moda,Produto D,3,1745.84,5237.51,3666.91,1979.43,3.1,4.27
2018,7,2018-07-01,Norte,TO,Palmas,Aplicativo,Eletrônicos,Produto D,14,234.04,3276.62,2189.96,784.84,11.0,4.57
2018,7,2018-07-01,Nordeste,BA,Salvador,Site próprio,Beleza,Produto B,25,1622.23,40555.66,28060.8,18030.49,9.2,3.71
2018,7,2018-07-01,Nordeste,BA,Feira de Santana,Site próprio,Moda,Produto A,22,804.84,17706.42,12978.45,7507.99,12.0,3.8
2018,7,2018-07-01,Nordeste,PE,Recife,Marketplace,Beleza,Produto B,12,1728.6,20743.14,15614.21,7667.08,10.9,4.78
2018,7,2018-07-01,Nordeste,PE,Jaboatão dos Guararapes,Site próprio,Livros,Produto A,16,603.93,9662.85,6848.78,2404.27,8.1,3.24
2018,7,2018-07-01,Nordeste,CE,Fortaleza,Site próprio,Casa,Produto B,19,432.77,8222.71,5855.93,1654.08,4.1,4.7
2018,7,2018-07-01,Nordeste,CE,Juazeiro do Norte,Marketplace,Moda,Produto D,7,1792.01,12544.08,9836.56,2626.15,9.0,2.72
2018,7,2018-07-01,Nordeste,MA,São Luís,Marketplace,Eletrônicos,Produto A,7,1409.46,9866.24,5541.9,4241.71,4.9,2.97
2018,7,2018-07-01,Nordeste,PB,João Pessoa,Site próprio,Casa,Produto B,23,2142.4,49275.17,39705.92,12041.6,8.4,2.51
2018,7,2018-07-01,Centro-Oeste,DF,Brasília,Site próprio,Beleza,Produto A,13,1474.54,19169.02,14573.8,4907.47,14.6,4.91
2018,7,2018-07-01,Centro-Oeste,GO,Goiânia,Aplicativo,Moda,Produto D,17,186.57,3171.65,2208.06,1410.47,6.8,3.57
2018,7,2018-07-01,Centro-Oeste,GO,Aparecida de Goiânia,Aplicativo,Esporte,Produto D,9,1417.76,12759.83,9599.18,3396.11,5.1,2.7
2018,7,2018-07-01,Centro-Oeste,MT,Cuiabá,Aplicativo,Moda,Produto A,19,2090.95,39728.05,23607.09,11101.08,13.2,4.62
2018,7,2018-07-01,Centro-Oeste,MS,Campo Grande,Aplicativo,Livros,Produto B,9,588.18,5293.61,3299.19,1167.7,4.6,4.23
2018,7,2018-07-01,Sudeste,SP,São Paulo,Site próprio,Beleza,Produto B,4,140.72,562.89,392.38,114.24,4.9,4.68
2018,7,2018-07-01,Sudeste,SP,Campinas,Site próprio,Moda,Produto A,11,1941.22,21353.43,13448.39,7486.94,2.4,3.15
2018,7,2018-07-01,Sudeste,SP,Ribeirão Preto,Site próprio,Casa,Produto A,25,2424.2,60604.95,46144.35,14969.22,10.8,2.53
2018,7,2018-07-01,Sudeste,RJ,Rio de Janeiro,Site próprio,Livros,Produto C,25,149.5,3737.44,2788.03,1586.79,2.9,3.65
2018,7,2018-07-01,Sudeste,RJ,Niterói,Site próprio,Beleza,Produto C,25,2044.0,51099.99,31168.75,15000.88,13.1,4.48
2018,7,2018-07-01,Sudeste,RJ,Nova Iguaçu,Aplicativo,Livros,Produto B,13,1337.65,17389.39,13051.26,4002.76,7.9,3.29
2018,7,2018-07-01,Sudeste,RJ,Petrópolis,Aplicativo,Casa,Produto C,26,441.6,11481.72,9030.36,2828.44,7.1,3.47
2018,7,2018-07-01,Sudeste,MG,Belo Horizonte,Site próprio,Esporte,Produto C,21,2199.59,46191.43,32131.22,18743.25,11.5,2.92
2018,7,2018-07-01,Sudeste,MG,Uberlândia,Marketplace,Eletrônicos,Produto C,17,819.4,13929.8,11224.99,5812.14,13.2,4.98
2018,7,2018-07-01,Sudeste,MG,Juiz de Fora,Site próprio,Esporte,Produto B,16,2173.46,34775.29,19231.64,10812.06,4.3,3.19
2018,7,2018-07-01,Sudeste,ES,Vitória,Site próprio,Esporte,Produto D,22,1945.52,42801.42,26500.61,18261.29,8.8,2.51
2018,7,2018-07-01,Sudeste,ES,Vila Velha,Marketplace,Moda,Produto D,12,137.57,1650.84,1042.1,595.6,14.4,3.34
2018,7,2018-07-01,Sudeste,ES,Serra,Marketplace,Esporte,Produto C,21,705.87,14823.19,11257.14,3585.05,4.4,4.72
2018,7,2018-07-01,Sul,PR,Curitiba,Site próprio,Beleza,Produto C,17,653.09,11102.51,6671.28,3192.63,8.2,4.22
2018,7,2018-07-01,Sul,PR,Londrina,Site próprio,Eletrônicos,Produto C,18,988.56,17794.02,13603.47,7395.03,11.3,3.78
2018,7,2018-07-01,Sul,SC,Florianópolis,Marketplace,Esporte,Produto D,6,2364.82,14188.91,11146.28,4027.94,13.2,3.87
2018,7,2018-07-01,Sul,SC,Joinville,Site próprio,Esporte,Produto D,6,2001.7,12010.2,8782.23,3739.45,5.1,3.87
2018,7,2018-07-01,Sul,RS,Porto Alegre,Marketplace,Livros,Produto D,28,398.47,11157.16,6347.71,2610.06,4.9,4.11
2018,7,2018-07-01,Sul,RS,Caxias do Sul,Site próprio,Esporte,Produto A,13,420.41,5465.31,4011.98,2109.75,9.1,4.71
2018,8,2018-08-01,Norte,AM,Manaus,Aplicativo,Moda,Produto B,2,1911.2,3822.4,3006.74,845.28,7.7,3.27
2018,8,2018-08-01,Norte,PA,Belém,Site próprio,Esporte,Produto A,2,1901.94,3803.88,2495.22,924.57,4.1,4.88
2018,8,2018-08-01,Norte,PA,Santarém,Aplicativo,Eletrônicos,Produto D,24,1484.36,35624.71,26355.78,8560.21,4.7,3.92
2018,8,2018-08-01,Norte,RO,Porto Velho,Aplicativo,Beleza,Produto B,27,576.33,15561.03,9359.84,4654.97,5.2,4.12
2018,8,2018-08-01,Norte,TO,Palmas,Marketplace,Esporte,Produto D,7,957.52,6702.66,3721.68,2224.99,7.3,3.16
2018,8,2018-08-01,Nordeste,BA,Salvador,Site próprio,Eletrônicos,Produto A,2,1795.69,3591.37,2647.87,835.05,14.1,2.63
2018,8,2018-08-01,Nordeste,BA,Feira de Santana,Aplicativo,Casa,Produto B,14,2169.16,30368.25,20911.43,7735.39,6.9,2.95
2018,8,2018-08-01,Nordeste,PE,Recife,Marketplace,Moda,Produto A,14,1546.36,21648.98,16454.02,8744.71,6.4,2.73
2018,8,2018-08-01,Nordeste,PE,Jaboatão dos Guararapes,Site próprio,Moda,Produto B,10,850.66,8506.58,5886.05,1649.06,8.2,4.07
2018,8,2018-08-01,Nordeste,CE,Fortaleza,Marketplace,Livros,Produto D,8,283.21,2265.71,1519.3,871.39,9.9,2.79
2018,8,2018-08-01,Nordeste,CE,Juazeiro do Norte,Aplicativo,Moda,Produto C,5,394.85,1974.26,1566.41,539.19,11.7,3.23
2018,8,2018-08-01,Nordeste,MA,São Luís,Site próprio,Esporte,Produto D,17,905.3,15390.03,8691.68,3373.19,5.3,2.5
2018,8,2018-08-01,Nordeste,PB,João Pessoa,Aplicativo,Livros,Produto C,15,1902.99,28544.91,15873.59,7641.7,7.1,4.57
2018,8,2018-08-01,Centro-Oeste,DF,Brasília,Site próprio,Moda,Produto B,25,2332.11,58302.68,32128.38,21955.91,12.5,2.67
2018,8,2018-08-01,Centro-Oeste,GO,Goiânia,Aplicativo,Moda,Produto D,20,284.56,5691.16,3805.88,1215.65,4.1,3.0
2018,8,2018-08-01,Centro-Oeste,GO,Aparecida de Goiânia,Site próprio,Beleza,Produto D,7,1971.01,13797.06,7749.97,4718.01,13.2,3.82
2018,8,2018-08-01,Centro-Oeste,MT,Cuiabá,Aplicativo,Moda,Produto B,27,1021.58,27582.63,21682.66,9892.6,13.8,3.54
2018,8,2018-08-01,Centro-Oeste,MS,Campo Grande,Aplicativo,Casa,Produto A,2,182.8,365.61,209.38,140.78,3.7,4.9
2018,8,2018-08-01,Sudeste,SP,São Paulo,Marketplace,Casa,Produto D,16,609.53,9752.44,7812.15,3548.34,11.0,3.76
2018,8,2018-08-01,Sudeste,SP,Campinas,Aplicativo,Casa,Produto B,8,2062.33,16498.62,10408.59,7315.12,3.9,3.88
2018,8,2018-08-01,Sudeste,SP,Ribeirão Preto,Aplicativo,Eletrônicos,Produto B,3,337.34,1012.02,822.63,345.44,5.3,2.81
2018,8,2018-08-01,Sudeste,RJ,Rio de Janeiro,Aplicativo,Casa,Produto B,1,707.21,707.21,535.19,277.3,3.9,4.48
2018,8,2018-08-01,Sudeste,RJ,Niterói,Aplicativo,Esporte,Produto D,12,1900.64,22807.64,15892.82,5507.93,5.4,3.51
2018,8,2018-08-01,Sudeste,RJ,Nova Iguaçu,Site próprio,Beleza,Produto D,23,1910.94,43951.72,30115.79,18344.34,10.5,3.61
2018,8,2018-08-01,Sudeste,RJ,Petrópolis,Marketplace,Moda,Produto C,18,599.34,10788.13,7012.12,2245.45,3.2,2.99
2018,8,2018-08-01,Sudeste,MG,Belo Horizonte,Marketplace,Livros,Produto B,8,1069.54,8556.35,6642.93,2252.04,13.4,4.43
2018,8,2018-08-01,Sudeste,MG,Uberlândia,Aplicativo,Casa,Produto C,7,2045.85,14320.97,8415.51,4939.49,9.9,3.63
2018,8,2018-08-01,Sudeste,MG,Juiz de Fora,Aplicativo,Eletrônicos,Produto A,21,2337.29,49083.14,39264.29,17077.72,2.6,4.53
2018,8,2018-08-01,Sudeste,ES,Vitória,Marketplace,Beleza,Produto B,13,878.72,11423.42,8710.77,2146.46,8.0,3.7
2018,8,2018-08-01,Sudeste,ES,Vila Velha,Aplicativo,Beleza,Produto C,14,2144.97,30029.63,24387.2,10902.57,4.9,3.62
2018,8,2018-08-01,Sudeste,ES,Serra,Site próprio,Moda,Produto C,6,2283.91,13703.49,9698.23,3903.34,7.6,4.8
2018,8,2018-08-01,Sul,PR,Curitiba,Aplicativo,Beleza,Produto C,29,1329.54,38556.75,22370.2,15512.15,8.4,4.14
2018,8,2018-08-01,Sul,PR,Londrina,Aplicativo,Livros,Produto A,28,1021.62,28605.38,23062.09,10739.63,10.7,3.73
2018,8,2018-08-01,Sul,SC,Florianópolis,Aplicativo,Casa,Produto A,9,1780.57,16025.09,10971.34,5503.9,7.6,3.72
2018,8,2018-08-01,Sul,SC,Joinville,Aplicativo,Eletrônicos,Produto D,26,566.47,14728.2,11528.92,4545.28,12.5,2.83
2018,8,2018-08-01,Sul,RS,Porto Alegre,Aplicativo,Beleza,Produto D,16,2268.83,36301.21,20173.26,14060.06,2.2,3.3
2018,8,2018-08-01,Sul,RS,Caxias do Sul,Site próprio,Eletrônicos,Produto A,25,85.06,2126.58,1286.42,853.17,2.9,4.91
2018,9,2018-09-01,Norte,AM,Manaus,Site próprio,Beleza,Produto D,28,2405.38,67350.66,54047.53,18798.69,4.9,4.1
2018,9,2018-09-01,Norte,PA,Belém,Site próprio,Esporte,Produto C,9,2112.94,19016.5,14924.65,7206.79,2.2,4.78
2018,9,2018-09-01,Norte,PA,Santarém,Site próprio,Esporte,Produto B,28,2123.02,59444.56,38895.45,21124.32,12.4,4.32
2018,9,2018-09-01,Norte,RO,Porto Velho,Site próprio,Moda,Produto B,27,466.76,12602.44,7771.23,3522.91,13.6,4.35
2018,9,2018-09-01,Norte,TO,Palmas,Aplicativo,Casa,Produto B,19,491.78,9343.75,6190.62,2847.44,14.5,4.03
2018,9,2018-09-01,Nordeste,BA,Salvador,Aplicativo,Esporte,Produto B,5,1887.5,9437.48,6868.66,2948.87,5.5,2.95
2018,9,2018-09-01,Nordeste,BA,Feira de Santana,Marketplace,Beleza,Produto B,10,1057.0,10569.97,8652.23,3149.85,10.7,2.99
2018,9,2018-09-01,Nordeste,PE,Recife,Marketplace,Livros,Produto C,11,1143.79,12581.72,8175.38,2915.88,11.1,3.58
2018,9,2018-09-01,Nordeste,PE,Jaboatão dos Guararapes,Marketplace,Livros,Produto B,27,2344.96,63313.92,41979.6,23695.78,6.8,3.17
2018,9,2018-09-01,Nordeste,CE,Fortaleza,Marketplace,Esporte,Produto D,28,2117.75,59296.87,46742.18,26106.83,13.9,4.91
2018,9,2018-09-01,Nordeste,CE,Juazeiro do Norte,Aplicativo,Esporte,Produto B,29,823.21,23873.19,16344.46,10548.92,13.2,4.27
2018,9,2018-09-01,Nordeste,MA,São Luís,Site próprio,Casa,Produto C,26,2317.99,60267.78,46629.7,24224.21,10.0,3.43
2018,9,2018-09-01,Nordeste,PB,João Pessoa,Site próprio,Beleza,Produto B,5,861.05,4305.26,2547.4,919.32,5.0,2.64
2018,9,2018-09-01,Centro-Oeste,DF,Brasília,Aplicativo,Esporte,Produto A,27,1503.42,40592.34,25647.7,17562.74,4.2,4.39
2018,9,2018-09-01,Centro-Oeste,GO,Goiânia,Marketplace,Casa,Produto D,20,1215.63,24312.57,19181.32,8472.59,14.1,3.35
2018,9,2018-09-01,Centro-Oeste,GO,Aparecida de Goiânia,Aplicativo,Beleza,Produto B,4,2339.74,9358.97,6454.38,2853.2,8.8,4.41
2018,9,2018-09-01,Centro-Oeste,MT,Cuiabá,Aplicativo,Casa,Produto A,28,508.92,14249.82,8185.66,5657.09,12.1,4.35
2018,9,2018-09-01,Centro-Oeste,MS,Campo Grande,Marketplace,Eletrônicos,Produto C,23,1078.48,24805.14,14096.07,4972.53,10.9,3.6
2018,9,2018-09-01,Sudeste,SP,São Paulo,Marketplace,Eletrônicos,Produto C,8,1816.1,14528.84,9261.57,5339.02,14.2,4.64
2018,9,2018-09-01,Sudeste,SP,Campinas,Marketplace,Moda,Produto D,3,804.46,2413.37,1709.2,831.24,4.7,4.05
2018,9,2018-09-01,Sudeste,SP,Ribeirão Preto,Site próprio,Eletrônicos,Produto D,24,2384.01,57216.19,36365.52,15654.15,14.8,2.96
2018,9,2018-09-01,Sudeste,RJ,Rio de Janeiro,Aplicativo,Livros,Produto C,1,119.62,119.62,69.43,30.71,7.6,3.3
2018,9,2018-09-01,Sudeste,RJ,Niterói,Aplicativo,Eletrônicos,Produto A,26,1852.15,48156.01,27395.08,15895.07,8.2,3.21
2018,9,2018-09-01,Sudeste,RJ,Nova Iguaçu,Aplicativo,Beleza,Produto C,13,573.09,7450.15,4458.13,2391.41,2.8,4.12
2018,9,2018-09-01,Sudeste,RJ,Petrópolis,Aplicativo,Casa,Produto D,16,1923.62,30777.91,20219.56,12810.71,7.3,3.56
2018,9,2018-09-01,Sudeste,MG,Belo Horizonte,Aplicativo,Livros,Produto B,27,1737.55,46913.83,28918.03,18344.92,14.8,3.9
2018,9,2018-09-01,Sudeste,MG,Uberlândia,Site próprio,Casa,Produto A,3,854.79,2564.38,1571.46,1001.53,7.2,4.85
2018,9,2018-09-01,Sudeste,MG,Juiz de Fora,Aplicativo,Moda,Produto C,1,2104.88,2104.88,1189.65,922.34,9.8,3.84
2018,9,2018-09-01,Sudeste,ES,Vitória,Marketplace,Eletrônicos,Produto B,26,263.59,6853.32,5097.18,1895.49,3.1,4.83
2018,9,2018-09-01,Sudeste,ES,Vila Velha,Aplicativo,Beleza,Produto B,6,738.53,4431.15,3100.83,1255.0,13.5,3.08
2018,9,2018-09-01,Sudeste,ES,Serra,Aplicativo,Beleza,Produto D,9,1189.83,10708.5,6611.59,3314.78,3.0,4.4
2018,9,2018-09-01,Sul,PR,Curitiba,Marketplace,Moda,Produto A,7,831.96,5823.71,3564.54,2119.78,10.1,3.76
2018,9,2018-09-01,Sul,PR,Londrina,Site próprio,Moda,Produto B,27,1940.65,52397.45,35539.6,12060.47,4.5,2.52
2018,9,2018-09-01,Sul,SC,Florianópolis,Site próprio,Livros,Produto A,24,2350.17,56404.02,43252.97,19553.31,2.1,4.21
2018,9,2018-09-01,Sul,SC,Joinville,Marketplace,Esporte,Produto D,26,2397.16,62326.27,51086.8,18780.57,7.5,3.21
2018,9,2018-09-01,Sul,RS,Porto Alegre,Aplicativo,Livros,Produto A,1,583.7,583.7,446.15,155.73,14.9,4.67
2018,9,2018-09-01,Sul,RS,Caxias do Sul,Marketplace,Eletrônicos,Produto A,7,1882.43,13177.04,9890.24,2553.91,9.8,3.27
2018,10,2018-10-01,Norte,AM,Manaus,Site próprio,Esporte,Produto C,12,2118.69,25424.23,20409.52,7494.32,8.3,4.07
2018,10,2018-10-01,Norte,PA,Belém,Aplicativo,Esporte,Produto B,4,1941.5,7765.99,5556.65,2330.51,5.8,4.46
2018,10,2018-10-01,Norte,PA,Santarém,Aplicativo,Casa,Produto C,2,998.07,1996.14,1369.44,633.45,7.1,3.39
2018,10,2018-10-01,Norte,RO,Porto Velho,Marketplace,Moda,Produto D,19,2338.01,44422.1,24488.86,10749.57,7.5,3.22
2018,10,2018-10-01,Norte,TO,Palmas,Marketplace,Casa,Produto D,13,387.55,5038.16,3786.18,1122.91,5.3,4.84
2018,10,2018-10-01,Nordeste,BA,Salvador,Marketplace,Beleza,Produto B,6,134.4,806.39,602.97,243.31,12.9,3.11
2018,10,2018-10-01,Nordeste,BA,Feira de Santana,Site próprio,Moda,Produto A,22,2321.88,51081.27,36258.54,14316.35,4.0,3.9
2018,10,2018-10-01,Nordeste,PE,Recife,Marketplace,Eletrônicos,Produto B,28,1965.5,55033.93,38879.77,11901.93,8.3,2.99
2018,10,2018-10-01,Nordeste,PE,Jaboatão dos Guararapes,Aplicativo,Casa,Produto D,3,1975.04,5925.12,4782.35,2507.92,9.4,3.35
2018,10,2018-10-01,Nordeste,CE,Fortaleza,Site próprio,Eletrônicos,Produto B,17,69.55,1182.39,708.07,483.31,8.2,3.5
2018,10,2018-10-01,Nordeste,CE,Juazeiro do Norte,Aplicativo,Esporte,Produto B,15,1223.71,18355.65,14757.8,4697.99,6.2,2.75
2018,10,2018-10-01,Nordeste,MA,São Luís,Site próprio,Casa,Produto C,27,806.82,21784.22,14288.92,7918.95,9.7,2.94
2018,10,2018-10-01,Nordeste,PB,João Pessoa,Aplicativo,Esporte,Produto B,6,176.89,1061.34,675.97,431.04,5.6,4.88
2018,10,2018-10-01,Centro-Oeste,DF,Brasília,Site próprio,Moda,Produto D,24,2472.98,59351.59,35867.76,13362.01,3.7,4.84
2018,10,2018-10-01,Centro-Oeste,GO,Goiânia,Marketplace,Eletrônicos,Produto B,1,1837.73,1837.73,1268.73,640.64,3.3,2.58
2018,10,2018-10-01,Centro-Oeste,GO,Aparecida de Goiânia,Marketplace,Beleza,Produto D,12,1112.25,13346.99,7402.2,5842.32,3.8,2.71
2018,10,2018-10-01,Centro-Oeste,MT,Cuiabá,Aplicativo,Eletrônicos,Produto D,26,1068.01,27768.25,19617.93,11678.38,14.2,2.81
2018,10,2018-10-01,Centro-Oeste,MS,Campo Grande,Site próprio,Moda,Produto B,18,1319.81,23756.6,19265.59,7956.44,12.5,3.1
2018,10,2018-10-01,Sudeste,SP,São Paulo,Aplicativo,Casa,Produto D,27,288.0,7776.12,4557.75,3069.74,12.0,3.27
2018,10,2018-10-01,Sudeste,SP,Campinas,Marketplace,Moda,Produto C,5,937.81,4689.03,3836.41,1600.47,11.7,3.36
2018,10,2018-10-01,Sudeste,SP,Ribeirão Preto,Site próprio,Livros,Produto B,22,727.15,15997.31,10911.37,5720.54,4.0,4.84
2018,10,2018-10-01,Sudeste,RJ,Rio de Janeiro,Site próprio,Moda,Produto B,29,2358.32,68391.27,47918.28,21421.0,15.0,3.91
2018,10,2018-10-01,Sudeste,RJ,Niterói,Marketplace,Beleza,Produto A,11,1710.74,18818.18,11811.06,4391.4,13.1,3.73
2018,10,2018-10-01,Sudeste,RJ,Nova Iguaçu,Site próprio,Livros,Produto A,16,186.37,2981.9,2065.32,1099.83,10.0,4.19
2018,10,2018-10-01,Sudeste,RJ,Petrópolis,Marketplace,Casa,Produto A,13,903.59,11746.66,6914.03,2212.91,12.9,4.46
2018,10,2018-10-01,Sudeste,MG,Belo Horizonte,Marketplace,Moda,Produto D,22,2338.31,51442.83,32759.38,22328.49,9.8,3.84
2018,10,2018-10-01,Sudeste,MG,Uberlândia,Aplicativo,Casa,Produto A,8,1392.15,11137.23,8621.84,2613.24,8.6,4.37
2018,10,2018-10-01,Sudeste,MG,Juiz de Fora,Site próprio,Livros,Produto C,8,74.3,594.39,476.27,261.24,14.1,4.57
2018,10,2018-10-01,Sudeste,ES,Vitória,Marketplace,Esporte,Produto B,3,2395.24,7185.71,4651.56,2053.19,7.7,2.76
2018,10,2018-10-01,Sudeste,ES,Vila Velha,Aplicativo,Eletrônicos,Produto A,19,1133.2,21530.83,17075.64,5244.4,11.6,2.54
2018,10,2018-10-01,Sudeste,ES,Serra,Marketplace,Esporte,Produto A,20,661.21,13224.15,7897.25,3647.02,11.8,4.03
2018,10,2018-10-01,Sul,PR,Curitiba,Aplicativo,Livros,Produto A,20,437.92,8758.32,5670.04,2519.01,7.8,2.65
2018,10,2018-10-01,Sul,PR,Londrina,Site próprio,Livros,Produto C,13,1680.82,21850.72,13218.61,9512.87,10.9,3.71
2018,10,2018-10-01,Sul,SC,Florianópolis,Aplicativo,Beleza,Produto B,19,589.05,11191.89,6372.95,2350.24,9.9,3.32
2018,10,2018-10-01,Sul,SC,Joinville,Site próprio,Casa,Produto D,14,611.08,8555.17,6853.07,2270.13,9.2,3.29
2018,10,2018-10-01,Sul,RS,Porto Alegre,Aplicativo,Livros,Produto B,2,463.99,927.97,647.49,311.51,9.4,4.09
2018,10,2018-10-01,Sul,RS,Caxias do Sul,Site próprio,Esporte,Produto A,26,967.0,25142.1,14241.16,10249.56,7.4,4.69
2018,11,2018-11-01,Norte,AM,Manaus,Aplicativo,Livros,Produto B,10,145.59,1455.85,1090.19,483.77,11.5,3.02
2018,11,2018-11-01,Norte,PA,Belém,Site próprio,Esporte,Produto C,6,551.62,3309.72,1984.19,919.93,4.0,3.09
2018,11,2018-11-01,Norte,PA,Santarém,Site próprio,Eletrônicos,Produto B,22,2152.27,47350.0,31716.2,14201.89,6.9,4.83
2018,11,2018-11-01,Norte,RO,Porto Velho,Marketplace,Beleza,Produto D,3,557.07,1671.2,1352.05,314.19,13.8,2.74
2018,11,2018-11-01,Norte,TO,Palmas,Aplicativo,Eletrônicos,Produto B,16,1914.74,30635.84,19228.31,10425.14,9.8,4.91
2018,11,2018-11-01,Nordeste,BA,Salvador,Aplicativo,Eletrônicos,Produto D,28,2089.26,58499.4,37813.07,22490.24,6.7,3.91
2018,11,2018-11-01,Nordeste,BA,Feira de Santana,Site próprio,Moda,Produto A,4,2490.92,9963.7,7488.12,3469.15,9.8,4.0
2018,11,2018-11-01,Nordeste,PE,Recife,Marketplace,Moda,Produto C,6,645.66,3873.94,2877.82,1701.08,4.2,3.69
2018,11,2018-11-01,Nordeste,PE,Jaboatão dos Guararapes,Aplicativo,Moda,Produto C,18,2350.11,42301.91,27191.93,18271.34,13.1,4.99
2018,11,2018-11-01,Nordeste,CE,Fortaleza,Site próprio,Casa,Produto B,4,2454.4,9817.59,7595.09,3427.52,9.5,2.61
2018,11,2018-11-01,Nordeste,CE,Juazeiro do Norte,Aplicativo,Moda,Produto D,15,1238.71,18580.69,10612.73,7952.69,12.0,4.79
2018,11,2018-11-01,Nordeste,MA,São Luís,Marketplace,Livros,Produto A,27,1095.98,29591.33,20507.33,10637.14,4.7,4.72
2018,11,2018-11-01,Nordeste,PB,João Pessoa,Marketplace,Esporte,Produto C,13,2449.11,31838.47,26010.11,7578.76,3.2,2.69
2018,11,2018-11-01,Centro-Oeste,DF,Brasília,Marketplace,Eletrônicos,Produto B,12,166.02,1992.19,1541.71,430.13,10.0,4.55
2018,11,2018-11-01,Centro-Oeste,GO,Goiânia,Marketplace,Casa,Produto C,27,1901.75,51347.37,31120.11,12830.22,6.1,2.64
2018,11,2018-11-01,Centro-Oeste,GO,Aparecida de Goiânia,Site próprio,Esporte,Produto B,5,1654.5,8272.51,4948.12,2364.53,12.0,4.57
2018,11,2018-11-01,Centro-Oeste,MT,Cuiabá,Marketplace,Eletrônicos,Produto B,15,2408.44,36126.64,20213.96,11773.86,11.5,4.14
2018,11,2018-11-01,Centro-Oeste,MS,Campo Grande,Marketplace,Esporte,Produto B,21,1992.02,41832.39,29251.18,12587.92,4.1,2.57
2018,11,2018-11-01,Sudeste,SP,São Paulo,Site próprio,Eletrônicos,Produto D,5,1059.01,5295.05,4160.75,1985.89,3.1,3.69
2018,11,2018-11-01,Sudeste,SP,Campinas,Site próprio,Esporte,Produto A,20,1925.45,38509.0,29480.82,16661.82,13.6,4.79
2018,11,2018-11-01,Sudeste,SP,Ribeirão Preto,Site próprio,Eletrônicos,Produto D,26,287.96,7487.01,4229.43,2468.98,7.5,2.81
2018,11,2018-11-01,Sudeste,RJ,Rio de Janeiro,Marketplace,Casa,Produto D,16,472.52,7560.37,5321.47,1386.73,13.3,3.02
2018,11,2018-11-01,Sudeste,RJ,Niterói,Site próprio,Beleza,Produto D,15,2206.33,33094.88,25169.72,14162.63,11.2,4.19
2018,11,2018-11-01,Sudeste,RJ,Nova Iguaçu,Aplicativo,Moda,Produto A,8,1102.87,8822.97,5075.4,3335.75,13.6,4.97
2018,11,2018-11-01,Sudeste,RJ,Petrópolis,Site próprio,Beleza,Produto D,21,1485.68,31199.21,21136.5,12865.16,6.9,3.05
2018,11,2018-11-01,Sudeste,MG,Belo Horizonte,Aplicativo,Livros,Produto B,24,1656.83,39763.92,30266.82,14021.59,5.2,2.51
2018,11,2018-11-01,Sudeste,MG,Uberlândia,Site próprio,Eletrônicos,Produto C,7,1319.12,9233.84,6008.94,3405.05,4.5,4.19
2018,11,2018-11-01,Sudeste,MG,Juiz de Fora,Aplicativo,Eletrônicos,Produto C,7,503.72,3526.03,2178.59,758.91,2.8,3.0
2018,11,2018-11-01,Sudeste,ES,Vitória,Aplicativo,Livros,Produto C,9,1200.67,10806.03,7534.82,2774.23,3.1,3.94
2018,11,2018-11-01,Sudeste,ES,Vila Velha,Site próprio,Esporte,Produto C,7,1033.98,7237.84,5361.67,1792.62,8.5,3.12
2018,11,2018-11-01,Sudeste,ES,Serra,Marketplace,Casa,Produto C,16,943.66,15098.48,8571.66,4781.58,8.8,4.1
2018,11,2018-11-01,Sul,PR,Curitiba,Marketplace,Eletrônicos,Produto D,13,1949.32,25341.22,18536.68,7704.68,5.9,4.49
2018,11,2018-11-01,Sul,PR,Londrina,Marketplace,Moda,Produto B,21,290.09,6091.9,4834.71,2581.88,9.6,4.29
2018,11,2018-11-01,Sul,SC,Florianópolis,Site próprio,Esporte,Produto D,14,1696.9,23756.6,13586.53,9711.49,11.1,4.62
2018,11,2018-11-01,Sul,SC,Joinville,Site próprio,Moda,Produto B,28,1899.12,53175.47,34971.47,22708.19,7.4,2.59
2018,11,2018-11-01,Sul,RS,Porto Alegre,Site próprio,Esporte,Produto A,7,213.8,1496.61,998.71,346.83,10.1,2.66
2018,11,2018-11-01,Sul,RS,Caxias do Sul,Marketplace,Casa,Produto A,24,2322.51,55740.26,40509.11,14718.6,4.8,3.8
2018,12,2018-12-01,Norte,AM,Manaus,Site próprio,Esporte,Produto D,22,1667.94,36694.69,24390.29,11147.51,9.7,2.72
2018,12,2018-12-01,Norte,PA,Belém,Aplicativo,Livros,Produto B,14,549.16,7688.27,5541.12,2988.23,13.1,4.68
2018,12,2018-12-01,Norte,PA,Santarém,Site próprio,Esporte,Produto B,23,1215.3,27951.88,19558.81,7849.97,2.4,4.81
2018,12,2018-12-01,Norte,RO,Porto Velho,Site próprio,Livros,Produto D,18,180.86,3255.55,1824.41,1181.51,14.2,3.54
2018,12,2018-12-01,Norte,TO,Palmas,Marketplace,Casa,Produto C,29,1881.59,54566.11,43397.62,13457.37,2.2,4.22
2018,12,2018-12-01,Nordeste,BA,Salvador,Marketplace,Livros,Produto C,7,1784.89,12494.25,7511.03,3330.9,13.7,3.42
2018,12,2018-12-01,Nordeste,BA,Feira de Santana,Site próprio,Eletrônicos,Produto D,18,361.88,6513.83,3888.41,1434.96,12.6,2.71
2018,12,2018-12-01,Nordeste,PE,Recife,Marketplace,Moda,Produto C,18,616.05,11088.84,7783.29,3041.03,6.4,2.6
2018,12,2018-12-01,Nordeste,PE,Jaboatão dos Guararapes,Marketplace,Moda,Produto B,20,2250.49,45009.85,29969.23,14595.65,9.5,4.73
2018,12,2018-12-01,Nordeste,CE,Fortaleza,Marketplace,Esporte,Produto D,7,1042.3,7296.07,5777.92,2010.23,11.8,4.26
2018,12,2018-12-01,Nordeste,CE,Juazeiro do Norte,Site próprio,Casa,Produto D,26,1923.16,50002.2,29214.72,20468.12,13.8,3.7
2018,12,2018-12-01,Nordeste,MA,São Luís,Aplicativo,Eletrônicos,Produto D,28,1280.34,35849.46,29129.38,9111.57,2.7,3.37
2018,12,2018-12-01,Nordeste,PB,João Pessoa,Marketplace,Beleza,Produto D,4,778.79,3115.17,2043.0,1018.0,5.4,2.88
2018,12,2018-12-01,Centro-Oeste,DF,Brasília,Site próprio,Esporte,Produto A,21,1260.61,26472.87,20790.58,9090.59,6.2,2.56
2018,12,2018-12-01,Centro-Oeste,GO,Goiânia,Site próprio,Moda,Produto C,6,2042.11,12252.67,8705.2,3556.14,4.9,3.37
2018,12,2018-12-01,Centro-Oeste,GO,Aparecida de Goiânia,Aplicativo,Eletrônicos,Produto B,5,2131.36,10656.82,6711.15,3971.13,3.7,3.32
2018,12,2018-12-01,Centro-Oeste,MT,Cuiabá,Marketplace,Livros,Produto D,18,2076.47,37376.54,21758.05,11478.04,13.3,3.41
2018,12,2018-12-01,Centro-Oeste,MS,Campo Grande,Marketplace,Moda,Produto A,15,1269.62,19044.27,10667.67,5722.17,4.7,3.74
2018,12,2018-12-01,Sudeste,SP,São Paulo,Aplicativo,Moda,Produto B,29,2163.36,62737.5,50475.88,19399.52,12.1,3.67
2018,12,2018-12-01,Sudeste,SP,Campinas,Site próprio,Casa,Produto A,27,1125.75,30395.2,22779.8,11499.07,3.2,4.89
2018,12,2018-12-01,Sudeste,SP,Ribeirão Preto,Marketplace,Moda,Produto A,9,366.39,3297.47,2257.02,727.82,6.4,3.22
2018,12,2018-12-01,Sudeste,RJ,Rio de Janeiro,Site próprio,Casa,Produto A,22,194.22,4272.85,2984.99,1559.21,9.5,4.02
2018,12,2018-12-01,Sudeste,RJ,Niterói,Aplicativo,Livros,Produto A,19,373.07,7088.4,4884.75,1703.58,8.3,4.82
2018,12,2018-12-01,Sudeste,RJ,Nova Iguaçu,Site próprio,Beleza,Produto A,16,2428.75,38859.94,29305.44,17477.94,5.8,3.71
2018,12,2018-12-01,Sudeste,RJ,Petrópolis,Marketplace,Beleza,Produto D,9,1635.79,14722.12,12019.63,6012.88,11.3,3.92
2018,12,2018-12-01,Sudeste,MG,Belo Horizonte,Aplicativo,Casa,Produto A,11,1793.39,19727.27,13782.86,8136.56,5.6,4.26
2018,12,2018-12-01,Sudeste,MG,Uberlândia,Marketplace,Casa,Produto B,28,1451.89,40652.99,23027.11,8966.62,13.8,2.86
2018,12,2018-12-01,Sudeste,MG,Juiz de Fora,Site próprio,Livros,Produto B,5,61.28,306.4,200.63,122.1,9.9,3.74
2018,12,2018-12-01,Sudeste,ES,Vitória,Site próprio,Livros,Produto D,1,994.03,994.03,633.11,198.55,10.8,3.74
2018,12,2018-12-01,Sudeste,ES,Vila Velha,Site próprio,Beleza,Produto C,12,2306.76,27681.16,16799.33,7246.21,11.4,4.83
2018,12,2018-12-01,Sudeste,ES,Serra,Site próprio,Livros,Produto C,4,1276.72,5106.87,3811.5,1346.84,6.4,4.14
2018,12,2018-12-01,Sul,PR,Curitiba,Aplicativo,Eletrônicos,Produto B,15,512.5,7687.44,4486.73,3351.05,9.0,2.84
2018,12,2018-12-01,Sul,PR,Londrina,Aplicativo,Casa,Produto A,10,2451.23,24512.29,15054.29,8044.45,6.2,2.62
2018,12,2018-12-01,Sul,SC,Florianópolis,Aplicativo,Beleza,Produto A,14,342.75,4798.57,3042.35,1501.66,15.0,3.18
2018,12,2018-12-01,Sul,SC,Joinville,Site próprio,Beleza,Produto D,15,841.77,12626.5,9655.45,3835.61,4.3,3.65
2018,12,2018-12-01,Sul,RS,Porto Alegre,Site próprio,Moda,Produto B,3,1221.45,3664.34,2271.93,873.4,13.2,3.0
2018,12,2018-12-01,Sul,RS,Caxias do Sul,Marketplace,Beleza,Produto C,3,2015.25,6045.76,4950.96,2591.21,14.6,4.78
2019,1,2019-01-01,Norte,AM,Manaus,Marketplace,Livros,Produto B,11,1617.2,17789.22,12676.35,4182.16,12.0,3.52
2019,1,2019-01-01,Norte,PA,Belém,Aplicativo,Beleza,Produto C,4,2341.91,9367.65,6929.36,2122.53,8.6,4.5
2019,1,2019-01-01,Norte,PA,Santarém,Marketplace,Livros,Produto B,19,2475.71,47038.48,29019.91,13353.39,7.6,3.91
2019,1,2019-01-01,Norte,RO,Porto Velho,Aplicativo,Casa,Produto A,20,1067.12,21342.38,16236.04,9182.53,10.2,3.84
2019,1,2019-01-01,Norte,TO,Palmas,Site próprio,Beleza,Produto D,19,785.33,14921.31,10944.74,3194.5,14.9,3.7
2019,1,2019-01-01,Nordeste,BA,Salvador,Aplicativo,Moda,Produto D,25,1283.04,32076.0,22657.58,10277.55,5.1,2.68
2019,1,2019-01-01,Nordeste,BA,Feira de Santana,Aplicativo,Beleza,Produto C,4,964.63,3858.5,2178.02,765.13,14.9,3.84
2019,1,2019-01-01,Nordeste,PE,Recife,Aplicativo,Livros,Produto A,12,517.54,6210.52,3911.8,2395.31,6.1,4.51
2019,1,2019-01-01,Nordeste,PE,Jaboatão dos Guararapes,Site próprio,Beleza,Produto D,16,1018.99,16303.91,10657.32,5220.85,13.4,2.88
2019,1,2019-01-01,Nordeste,CE,Fortaleza,Aplicativo,Esporte,Produto A,21,604.09,12685.94,10043.91,3306.44,4.5,3.73
2019,1,2019-01-01,Nordeste,CE,Juazeiro do Norte,Marketplace,Casa,Produto A,8,1410.19,11281.49,9245.98,5068.7,6.9,4.21
2019,1,2019-01-01,Nordeste,MA,São Luís,Site próprio,Beleza,Produto D,3,370.36,1111.09,776.56,236.65,9.9,3.52
2019,1,2019-01-01,Nordeste,PB,João Pessoa,Aplicativo,Esporte,Produto B,21,231.53,4862.17,3720.43,2048.97,15.0,4.08
2019,1,2019-01-01,Centro-Oeste,DF,Brasília,Marketplace,Livros,Produto D,15,397.9,5968.51,3353.3,1731.15,3.8,3.52
2019,1,2019-01-01,Centro-Oeste,GO,Goiânia,Marketplace,Eletrônicos,Produto D,12,87.8,1053.59,606.8,242.09,9.0,4.69
2019,1,2019-01-01,Centro-Oeste,GO,Aparecida de Goiânia,Marketplace,Livros,Produto A,1,1790.01,1790.01,1343.78,557.28,2.7,3.45
2019,1,2019-01-01,Centro-Oeste,MT,Cuiabá,Site próprio,Moda,Produto D,20,2042.7,40854.09,29827.22,13554.37,3.4,4.5
2019,1,2019-01-01,Centro-Oeste,MS,Campo Grande,Site próprio,Casa,Produto B,9,1766.79,15901.08,12702.04,5004.71,12.8,3.82
2019,1,2019-01-01,Sudeste,SP,São Paulo,Site próprio,Casa,Produto B,25,415.83,10395.63,6791.88,4318.1,11.0,3.16
2019,1,2019-01-01,Sudeste,SP,Campinas,Site próprio,Eletrônicos,Produto B,29,2343.71,67967.53,39212.14,15729.9,12.5,2.91
2019,1,2019-01-01,Sudeste,SP,Ribeirão Preto,Aplicativo,Casa,Produto C,12,497.15,5965.81,3465.37,1557.76,8.2,4.41
2019,1,2019-01-01,Sudeste,RJ,Rio de Janeiro,Marketplace,Casa,Produto A,11,1343.73,14781.02,10356.39,4715.33,12.5,2.96
2019,1,2019-01-01,Sudeste,RJ,Niterói,Site próprio,Esporte,Produto B,15,2309.54,34643.12,20485.99,13331.08,5.9,4.18
2019,1,2019-01-01,Sudeste,RJ,Nova Iguaçu,Aplicativo,Casa,Produto B,9,738.95,6650.55,4011.17,2647.21,5.0,4.14
2019,1,2019-01-01,Sudeste,RJ,Petrópolis,Site próprio,Moda,Produto A,26,1470.69,38237.87,23698.1,13639.42,5.4,4.9
2019,1,2019-01-01,Sudeste,MG,Belo Horizonte,Site próprio,Moda,Produto B,4,1149.57,4598.26,3744.55,1162.92,10.3,4.94
2019,1,2019-01-01,Sudeste,MG,Uberlândia,Site próprio,Eletrônicos,Produto B,21,865.88,18183.42,10030.88,7010.22,9.1,2.65
2019,1,2019-01-01,Sudeste,MG,Juiz de Fora,Aplicativo,Moda,Produto A,1,235.69,235.69,144.7,90.62,7.8,3.26
2019,1,2019-01-01,Sudeste,ES,Vitória,Marketplace,Livros,Produto B,7,232.85,1629.92,1328.04,458.86,4.6,3.25
2019,1,2019-01-01,Sudeste,ES,Vila Velha,Site próprio,Moda,Produto B,12,2082.4,24988.76,19078.54,6800.69,10.8,3.96
2019,1,2019-01-01,Sudeste,ES,Serra,Site próprio,Moda,Produto C,17,2390.06,40631.0,25522.19,11085.06,13.0,2.86
2019,1,2019-01-01,Sul,PR,Curitiba,Aplicativo,Casa,Produto D,25,898.11,22452.78,14933.35,9584.3,4.6,3.71
2019,1,2019-01-01,Sul,PR,Londrina,Site próprio,Beleza,Produto C,5,1269.57,6347.87,4539.13,2782.02,6.2,3.53
2019,1,2019-01-01,Sul,SC,Florianópolis,Aplicativo,Beleza,Produto C,10,1409.78,14097.81,8067.8,6094.18,3.7,4.72
2019,1,2019-01-01,Sul,SC,Joinville,Marketplace,Eletrônicos,Produto D,19,1928.15,36634.92,22955.38,11779.4,13.2,4.24
2019,1,2019-01-01,Sul,RS,Porto Alegre,Aplicativo,Casa,Produto A,9,1939.76,17457.87,10854.11,5655.33,12.8,4.15
2019,1,2019-01-01,Sul,RS,Caxias do Sul,Marketplace,Livros,Produto D,19,1346.79,25588.94,16652.34,10347.32,13.7,4.76
2019,2,2019-02-01,Norte,AM,Manaus,Marketplace,Livros,Produto B,8,2487.48,19899.84,15166.45,8781.34,14.8,4.06
2019,2,2019-02-01,Norte,PA,Belém,Site próprio,Esporte,Produto D,15,2122.67,31839.98,20950.22,12412.66,4.7,4.93
2019,2,2019-02-01,Norte,PA,Santarém,Site próprio,Moda,Produto A,18,1397.05,25146.92,13986.09,10690.23,13.6,3.59
2019,2,2019-02-01,Norte,RO,Porto Velho,Site próprio,Casa,Produto A,15,2291.71,34375.71,20922.76,7666.2,9.6,4.89
2019,2,2019-02-01,Norte,TO,Palmas,Aplicativo,Eletrônicos,Produto B,11,1710.84,18819.2,13295.59,4701.3,10.5,2.77
2019,2,2019-02-01,Nordeste,BA,Salvador,Marketplace,Beleza,Produto A,24,2242.56,53821.49,30592.71,22857.0,4.6,4.1
2019,2,2019-02-01,Nordeste,BA,Feira de Santana,Marketplace,Beleza,Produto D,28,2151.61,60245.13,34629.06,21786.42,6.0,3.71
2019,2,2019-02-01,Nordeste,PE,Recife,Marketplace,Esporte,Produto C,16,1350.87,21613.96,11962.82,8961.26,5.8,2.55
2019,2,2019-02-01,Nordeste,PE,Jaboatão dos Guararapes,Marketplace,Beleza,Produto D,27,2317.81,62580.79,46361.82,15317.07,7.1,3.99
2019,2,2019-02-01,Nordeste,CE,Fortaleza,Aplicativo,Eletrônicos,Produto A,4,1403.04,5612.15,4512.35,2328.23,12.1,3.04
2019,2,2019-02-01,Nordeste,CE,Juazeiro do Norte,Aplicativo,Eletrônicos,Produto D,5,2258.71,11293.54,6645.92,4348.87,13.5,4.89
2019,2,2019-02-01,Nordeste,MA,São Luís,Site próprio,Moda,Produto C,24,1586.87,38084.89,27669.57,15510.42,2.5,3.45
2019,2,2019-02-01,Nordeste,PB,João Pessoa,Aplicativo,Casa,Produto A,29,98.52,2857.17,2117.57,858.5,6.1,4.52
2019,2,2019-02-01,Centro-Oeste,DF,Brasília,Aplicativo,Casa,Produto D,17,1123.4,19097.8,11209.12,6107.27,11.7,4.84
2019,2,2019-02-01,Centro-Oeste,GO,Goiânia,Aplicativo,Eletrônicos,Produto A,8,525.88,4207.02,2850.24,1426.64,10.7,2.97
2019,2,2019-02-01,Centro-Oeste,GO,Aparecida de Goiânia,Aplicativo,Moda,Produto B,2,422.11,844.22,561.18,154.96,7.5,4.74
2019,2,2019-02-01,Centro-Oeste,MT,Cuiabá,Aplicativo,Livros,Produto D,8,2357.65,18861.24,15117.64,6173.32,6.3,3.96
2019,2,2019-02-01,Centro-Oeste,MS,Campo Grande,Marketplace,Moda,Produto B,2,770.41,1540.82,1038.59,629.78,9.0,4.14
2019,2,2019-02-01,Sudeste,SP,São Paulo,Aplicativo,Livros,Produto A,17,1250.45,21257.6,15862.37,3835.15,7.2,3.59
2019,2,2019-02-01,Sudeste,SP,Campinas,Aplicativo,Beleza,Produto B,16,1396.32,22341.1,16222.09,7956.43,14.0,3.05
2019,2,2019-02-01,Sudeste,SP,Ribeirão Preto,Aplicativo,Beleza,Produto C,1,381.49,381.49,309.62,92.62,11.5,4.76
2019,2,2019-02-01,Sudeste,RJ,Rio de Janeiro,Aplicativo,Moda,Produto C,16,943.11,15089.69,9090.22,5911.33,5.2,3.71
2019,2,2019-02-01,Sudeste,RJ,Niterói,Site próprio,Eletrônicos,Produto C,23,855.14,19668.21,12913.42,5600.23,14.2,3.84
2019,2,2019-02-01,Sudeste,RJ,Nova Iguaçu,Marketplace,Casa,Produto D,16,2448.48,39175.68,26030.87,15424.28,12.7,3.61
2019,2,2019-02-01,Sudeste,RJ,Petrópolis,Aplicativo,Moda,Produto C,15,1679.43,25191.44,15926.13,10709.51,6.3,3.87
2019,2,2019-02-01,Sudeste,MG,Belo Horizonte,Marketplace,Esporte,Produto A,17,2426.13,41244.19,32401.78,10958.28,4.5,4.98
2019,2,2019-02-01,Sudeste,MG,Uberlândia,Site próprio,Moda,Produto A,16,228.93,3662.87,2877.88,977.37,9.6,2.8
2019,2,2019-02-01,Sudeste,MG,Juiz de Fora,Aplicativo,Casa,Produto A,9,1804.92,16244.31,12120.54,4899.21,11.3,2.71
2019,2,2019-02-01,Sudeste,ES,Vitória,Marketplace,Livros,Produto B,7,2472.1,17304.72,10565.14,7347.63,12.0,3.47
2019,2,2019-02-01,Sudeste,ES,Vila Velha,Site próprio,Casa,Produto C,21,1794.6,37686.52,25307.72,8564.01,13.3,3.79
2019,2,2019-02-01,Sudeste,ES,Serra,Site próprio,Casa,Produto A,13,891.32,11587.11,8962.04,4975.39,3.7,4.1
2019,2,2019-02-01,Sul,PR,Curitiba,Marketplace,Eletrônicos,Produto D,23,1363.03,31349.75,19037.24,8365.05,10.8,3.18
2019,2,2019-02-01,Sul,PR,Londrina,Aplicativo,Moda,Produto D,28,959.12,26855.24,18260.9,10231.55,7.1,4.05
2019,2,2019-02-01,Sul,SC,Florianópolis,Aplicativo,Eletrônicos,Produto C,24,1440.17,34564.07,24659.08,9530.87,2.9,2.54
2019,2,2019-02-01,Sul,SC,Joinville,Marketplace,Beleza,Produto C,15,2442.75,36641.22,26030.63,7116.31,14.6,4.02
2019,2,2019-02-01,Sul,RS,Porto Alegre,Marketplace,Eletrônicos,Produto A,29,1909.0,55361.08,37361.86,13133.8,14.4,2.57
2019,2,2019-02-01,Sul,RS,Caxias do Sul,Aplicativo,Beleza,Produto C,21,1246.61,26178.91,14968.17,8355.82,10.7,3.55
2019,3,2019-03-01,Norte,AM,Manaus,Site próprio,Eletrônicos,Produto C,21,1841.74,38676.44,23577.57,9840.24,3.8,3.87
2019,3,2019-03-01,Norte,PA,Belém,Aplicativo,Moda,Produto C,7,1632.56,11427.95,6703.67,2078.89,12.1,4.04
2019,3,2019-03-01,Norte,PA,Santarém,Site próprio,Eletrônicos,Produto A,28,511.91,14333.4,10859.16,3592.29,4.5,4.93
2019,3,2019-03-01,Norte,RO,Porto Velho,Marketplace,Casa,Produto C,1,1027.37,1027.37,760.36,323.46,13.7,4.99
2019,3,2019-03-01,Norte,TO,Palmas,Marketplace,Beleza,Produto A,20,1307.42,26148.47,20654.39,5662.56,13.8,2.76
2019,3,2019-03-01,Nordeste,BA,Salvador,Marketplace,Eletrônicos,Produto B,17,1122.37,19080.32,14137.07,3439.75,2.6,4.57
2019,3,2019-03-01,Nordeste,BA,Feira de Santana,Site próprio,Livros,Produto C,13,682.48,8872.25,7135.86,2421.38,12.7,3.53
2019,3,2019-03-01,Nordeste,PE,Recife,Aplicativo,Moda,Produto B,3,1309.23,3927.7,2629.24,1297.22,8.1,4.29
2019,3,2019-03-01,Nordeste,PE,Jaboatão dos Guararapes,Aplicativo,Esporte,Produto A,19,974.74,18520.05,12771.23,7685.23,6.1,4.35
2019,3,2019-03-01,Nordeste,CE,Fortaleza,Aplicativo,Moda,Produto A,19,1013.28,19252.28,10762.63,4277.49,14.5,4.33
2019,3,2019-03-01,Nordeste,CE,Juazeiro do Norte,Aplicativo,Beleza,Produto D,26,2067.69,53759.89,38000.8,18877.76,7.8,4.4
2019,3,2019-03-01,Nordeste,MA,São Luís,Marketplace,Casa,Produto C,16,1653.63,26458.12,18869.29,6259.8,4.0,3.47
2019,3,2019-03-01,Nordeste,PB,João Pessoa,Marketplace,Eletrônicos,Produto A,27,2063.86,55724.2,41321.95,15027.74,6.8,4.72
2019,3,2019-03-01,Centro-Oeste,DF,Brasília,Site próprio,Eletrônicos,Produto D,18,374.65,6743.67,3969.59,1464.38,13.5,4.4
2019,3,2019-03-01,Centro-Oeste,GO,Goiânia,Site próprio,Esporte,Produto A,9,125.72,1131.49,851.04,332.31,5.0,2.55
2019,3,2019-03-01,Centro-Oeste,GO,Aparecida de Goiânia,Aplicativo,Moda,Produto C,2,2384.03,4768.06,3595.9,1426.5,12.0,3.58
2019,3,2019-03-01,Centro-Oeste,MT,Cuiabá,Aplicativo,Casa,Produto D,25,1124.15,28103.72,21510.09,8232.62,5.9,3.02
2019,3,2019-03-01,Centro-Oeste,MS,Campo Grande,Site próprio,Eletrônicos,Produto C,13,2257.85,29352.08,23011.49,9464.45,6.9,3.81
2019,3,2019-03-01,Sudeste,SP,São Paulo,Site próprio,Eletrônicos,Produto B,7,1891.09,13237.6,10081.86,3174.34,6.1,2.54
2019,3,2019-03-01,Sudeste,SP,Campinas,Marketplace,Esporte,Produto B,2,2030.71,4061.43,2973.48,926.96,13.8,3.53
2019,3,2019-03-01,Sudeste,SP,Ribeirão Preto,Site próprio,Moda,Produto D,24,1347.22,32333.26,19797.3,10502.0,8.8,3.17
2019,3,2019-03-01,Sudeste,RJ,Rio de Janeiro,Aplicativo,Livros,Produto B,21,381.9,8019.89,5270.41,2536.12,2.8,4.02
2019,3,2019-03-01,Sudeste,RJ,Niterói,Site próprio,Moda,Produto B,5,440.01,2200.03,1276.52,777.27,9.7,2.79
2019,3,2019-03-01,Sudeste,RJ,Nova Iguaçu,Marketplace,Esporte,Produto C,28,1875.82,52523.01,28977.85,12004.27,14.7,3.59
2019,3,2019-03-01,Sudeste,RJ,Petrópolis,Marketplace,Eletrônicos,Produto A,18,204.75,3685.5,2165.61,697.37,3.8,2.67
2019,3,2019-03-01,Sudeste,MG,Belo Horizonte,Site próprio,Esporte,Produto B,21,840.02,17640.37,11475.43,5381.58,4.7,3.61
2019,3,2019-03-01,Sudeste,MG,Uberlândia,Marketplace,Casa,Produto D,29,2032.2,58933.91,35322.69,12369.82,7.5,4.89
2019,3,2019-03-01,Sudeste,MG,Juiz de Fora,Site próprio,Casa,Produto A,25,990.04,24751.06,19260.95,7569.24,14.7,4.29
2019,3,2019-03-01,Sudeste,ES,Vitória,Aplicativo,Beleza,Produto D,5,596.08,2980.41,2101.14,1295.44,10.8,2.64
2019,3,2019-03-01,Sudeste,ES,Vila Velha,Aplicativo,Beleza,Produto B,12,1723.74,20684.91,15951.0,7358.5,5.3,2.59
2019,3,2019-03-01,Sudeste,ES,Serra,Aplicativo,Casa,Produto D,27,201.23,5433.31,4177.69,1075.05,10.8,4.28
2019,3,2019-03-01,Sul,PR,Curitiba,Marketplace,Beleza,Produto B,20,2326.04,46520.81,36445.47,9272.59,4.0,3.76
2019,3,2019-03-01,Sul,PR,Londrina,Site próprio,Beleza,Produto A,27,2318.56,62601.04,47845.43,22631.02,14.2,3.36
2019,3,2019-03-01,Sul,SC,Florianópolis,Marketplace,Esporte,Produto C,12,1660.31,19923.76,12067.99,7955.94,10.5,3.49
2019,3,2019-03-01,Sul,SC,Joinville,Site próprio,Moda,Produto C,24,293.76,7050.14,4562.58,1769.38,5.3,3.77
2019,3,2019-03-01,Sul,RS,Porto Alegre,Aplicativo,Moda,Produto B,9,1384.93,12464.35,8382.94,4074.36,2.7,3.46
2019,3,2019-03-01,Sul,RS,Caxias do Sul,Aplicativo,Moda,Produto D,17,1079.44,18350.48,14928.1,8135.7,8.6,3.43
2019,4,2019-04-01,Norte,AM,Manaus,Site próprio,Moda,Produto B,19,2147.47,40801.96,28033.56,10813.13,8.4,4.04
2019,4,2019-04-01,Norte,PA,Belém,Site próprio,Livros,Produto D,14,911.05,12754.77,8454.31,4540.22,10.1,2.66
2019,4,2019-04-01,Norte,PA,Santarém,Site próprio,Esporte,Produto D,7,1574.25,11019.77,8712.97,2629.91,14.3,2.81
2019,4,2019-04-01,Norte,RO,Porto Velho,Marketplace,Eletrônicos,Produto B,24,2113.02,50712.42,33629.96,13507.89,2.8,4.01
2019,4,2019-04-01,Norte,TO,Palmas,Aplicativo,Eletrônicos,Produto C,25,1342.79,33569.65,22909.35,9113.45,2.9,3.93
2019,4,2019-04-01,Nordeste,BA,Salvador,Marketplace,Moda,Produto D,14,1664.54,23303.6,14217.61,7333.38,9.8,4.95
2019,4,2019-04-01,Nordeste,BA,Feira de Santana,Marketplace,Beleza,Produto A,17,1578.63,26836.7,18735.89,10788.51,5.5,4.17
2019,4,2019-04-01,Nordeste,PE,Recife,Marketplace,Beleza,Produto B,13,1175.75,15284.69,11931.29,5906.71,7.2,3.55
2019,4,2019-04-01,Nordeste,PE,Jaboatão dos Guararapes,Site próprio,Beleza,Produto B,7,935.46,6548.2,5164.9,2152.01,4.4,4.16
2019,4,2019-04-01,Nordeste,CE,Fortaleza,Site próprio,Casa,Produto B,12,951.02,11412.19,7653.72,2623.99,8.6,3.33
2019,4,2019-04-01,Nordeste,CE,Juazeiro do Norte,Aplicativo,Casa,Produto C,13,1488.89,19355.54,11585.84,5382.17,9.8,3.74
2019,4,2019-04-01,Nordeste,MA,São Luís,Site próprio,Moda,Produto B,6,2128.46,12770.76,9381.0,2692.54,14.1,3.37
2019,4,2019-04-01,Nordeste,PB,João Pessoa,Marketplace,Eletrônicos,Produto A,18,178.28,3209.1,2083.75,1298.62,12.5,4.28
2019,4,2019-04-01,Centro-Oeste,DF,Brasília,Marketplace,Moda,Produto B,26,1968.97,51193.3,41230.0,22760.93,13.0,3.85
2019,4,2019-04-01,Centro-Oeste,GO,Goiânia,Site próprio,Moda,Produto B,13,1665.52,21651.8,15597.89,8826.68,12.1,4.36
2019,4,2019-04-01,Centro-Oeste,GO,Aparecida de Goiânia,Aplicativo,Esporte,Produto C,10,987.61,9876.1,6906.28,2517.93,6.5,4.64
2019,4,2019-04-01,Centro-Oeste,MT,Cuiabá,Marketplace,Eletrônicos,Produto C,4,1889.27,7557.09,5474.7,2448.59,2.4,4.68
2019,4,2019-04-01,Centro-Oeste,MS,Campo Grande,Site próprio,Beleza,Produto C,11,567.95,6247.4,4826.45,2298.53,7.0,4.82
2019,4,2019-04-01,Sudeste,SP,São Paulo,Aplicativo,Casa,Produto A,17,565.19,9608.15,7608.73,2634.47,8.0,4.78
2019,4,2019-04-01,Sudeste,SP,Campinas,Aplicativo,Moda,Produto B,5,2074.39,10371.95,7639.66,3411.98,9.8,4.72
2019,4,2019-04-01,Sudeste,SP,Ribeirão Preto,Site próprio,Moda,Produto B,12,875.84,10510.04,6030.27,3276.03,14.8,3.49
2019,4,2019-04-01,Sudeste,RJ,Rio de Janeiro,Aplicativo,Beleza,Produto C,16,366.83,5869.23,3883.74,1642.39,3.1,3.99
2019,4,2019-04-01,Sudeste,RJ,Niterói,Aplicativo,Eletrônicos,Produto B,27,2149.08,58025.27,45552.69,10728.81,3.5,2.96
2019,4,2019-04-01,Sudeste,RJ,Nova Iguaçu,Site próprio,Beleza,Produto C,9,1421.39,12792.48,9259.73,5261.22,2.3,3.02
2019,4,2019-04-01,Sudeste,RJ,Petrópolis,Site próprio,Eletrônicos,Produto B,8,1654.19,13233.52,9102.71,5266.29,11.1,4.95
2019,4,2019-04-01,Sudeste,MG,Belo Horizonte,Marketplace,Casa,Produto A,19,265.69,5048.13,2777.04,1780.67,11.9,3.12
2019,4,2019-04-01,Sudeste,MG,Uberlândia,Aplicativo,Moda,Produto C,18,755.4,13597.18,10100.91,5306.61,4.0,3.22
2019,4,2019-04-01,Sudeste,MG,Juiz de Fora,Marketplace,Esporte,Produto D,17,1165.76,19817.88,12914.73,7801.32,9.1,3.42
2019,4,2019-04-01,Sudeste,ES,Vitória,Site próprio,Eletrônicos,Produto D,8,954.79,7638.28,4307.51,3059.16,4.0,4.05
2019,4,2019-04-01,Sudeste,ES,Vila Velha,Site próprio,Esporte,Produto C,12,1141.58,13698.97,11077.86,5142.03,3.6,4.55
2019,4,2019-04-01,Sudeste,ES,Serra,Site próprio,Beleza,Produto D,24,2084.96,50039.1,30916.95,9828.72,14.7,4.28
2019,4,2019-04-01,Sul,PR,Curitiba,Aplicativo,Livros,Produto C,17,1480.32,25165.5,17369.29,6724.14,3.2,4.19
2019,4,2019-04-01,Sul,PR,Londrina,Marketplace,Moda,Produto B,5,510.48,2552.39,1793.99,794.64,13.0,4.91
2019,4,2019-04-01,Sul,SC,Florianópolis,Aplicativo,Casa,Produto B,27,2449.13,66126.58,43245.14,18003.06,13.3,4.05
2019,4,2019-04-01,Sul,SC,Joinville,Site próprio,Moda,Produto D,29,1967.55,57058.92,45997.6,24524.16,5.8,4.99
2019,4,2019-04-01,Sul,RS,Porto Alegre,Marketplace,Esporte,Produto B,23,1693.58,38952.35,30368.46,13885.29,5.8,4.63
2019,4,2019-04-01,Sul,RS,Caxias do Sul,Site próprio,Esporte,Produto C,24,704.14,16899.48,10304.44,6381.27,5.0,3.44
2019,5,2019-05-01,Norte,AM,Manaus,Site próprio,Livros,Produto B,23,868.02,19964.51,12359.65,7408.2,12.1,4.25
2019,5,2019-05-01,Norte,PA,Belém,Marketplace,Livros,Produto C,19,1512.39,28735.4,16722.13,11991.58,5.3,2.52
2019,5,2019-05-01,Norte,PA,Santarém,Aplicativo,Eletrônicos,Produto A,6,2319.75,13918.53,10568.96,5154.3,6.3,3.36
2019,5,2019-05-01,Norte,RO,Porto Velho,Site próprio,Moda,Produto D,10,1732.88,17328.83,14123.15,6804.57,11.1,2.94
2019,5,2019-05-01,Norte,TO,Palmas,Site próprio,Eletrônicos,Produto A,15,832.72,12490.86,9441.82,4004.18,9.3,2.86
2019,5,2019-05-01,Nordeste,BA,Salvador,Aplicativo,Casa,Produto C,4,1110.8,4443.19,3484.36,996.02,2.4,3.87
2019,5,2019-05-01,Nordeste,BA,Feira de Santana,Marketplace,Moda,Produto D,19,324.68,6169.01,4628.74,2286.9,7.1,4.76
2019,5,2019-05-01,Nordeste,PE,Recife,Site próprio,Eletrônicos,Produto A,21,1334.94,28033.82,22727.62,7040.52,6.5,2.68
2019,5,2019-05-01,Nordeste,PE,Jaboatão dos Guararapes,Site próprio,Esporte,Produto D,27,2179.65,58850.58,38611.06,10678.73,9.3,3.06
2019,5,2019-05-01,Nordeste,CE,Fortaleza,Marketplace,Livros,Produto B,25,1384.14,34603.55,27125.89,8339.5,3.9,4.51
2019,5,2019-05-01,Nordeste,CE,Juazeiro do Norte,Site próprio,Eletrônicos,Produto D,24,593.16,14235.81,8497.66,5367.75,13.9,3.06
2019,5,2019-05-01,Nordeste,MA,São Luís,Aplicativo,Beleza,Produto B,12,1192.13,14305.62,10166.06,3604.34,11.1,3.23
2019,5,2019-05-01,Nordeste,PB,João Pessoa,Aplicativo,Beleza,Produto D,28,931.37,26078.31,16544.64,6045.81,12.3,4.34
2019,5,2019-05-01,Centro-Oeste,DF,Brasília,Site próprio,Eletrônicos,Produto B,1,1439.49,1439.49,828.35,619.65,5.2,4.56
2019,5,2019-05-01,Centro-Oeste,GO,Goiânia,Site próprio,Esporte,Produto C,12,1117.21,13406.51,9809.5,5947.62,13.2,4.18
2019,5,2019-05-01,Centro-Oeste,GO,Aparecida de Goiânia,Marketplace,Eletrônicos,Produto A,27,357.47,9651.65,6316.53,2752.6,5.6,4.48
2019,5,2019-05-01,Centro-Oeste,MT,Cuiabá,Marketplace,Livros,Produto D,2,2187.66,4375.32,3431.45,1016.58,12.8,4.73
2019,5,2019-05-01,Centro-Oeste,MS,Campo Grande,Marketplace,Beleza,Produto D,10,2382.4,23823.96,17255.82,6986.64,8.9,3.23
2019,5,2019-05-01,Sudeste,SP,São Paulo,Marketplace,Esporte,Produto A,15,1331.61,19974.22,13567.22,4386.54,14.8,3.87
2019,5,2019-05-01,Sudeste,SP,Campinas,Aplicativo,Beleza,Produto C,10,678.06,6780.61,3761.43,1532.71,4.3,3.31
2019,5,2019-05-01,Sudeste,SP,Ribeirão Preto,Site próprio,Beleza,Produto A,11,791.84,8710.19,6930.39,2888.99,4.5,4.21
2019,5,2019-05-01,Sudeste,RJ,Rio de Janeiro,Site próprio,Livros,Produto C,13,1559.05,20267.64,11973.49,3675.81,2.1,4.2
2019,5,2019-05-01,Sudeste,RJ,Niterói,Aplicativo,Esporte,Produto C,18,463.92,8350.54,5945.08,1684.48,8.0,4.31
2019,5,2019-05-01,Sudeste,RJ,Nova Iguaçu,Aplicativo,Casa,Produto A,10,1055.14,10551.38,7852.82,3333.79,8.2,4.99
2019,5,2019-05-01,Sudeste,RJ,Petrópolis,Aplicativo,Esporte,Produto C,20,803.86,16077.23,12564.76,6190.06,9.0,3.59
2019,5,2019-05-01,Sudeste,MG,Belo Horizonte,Site próprio,Livros,Produto A,1,1178.99,1178.99,725.6,311.49,11.6,3.33
2019,5,2019-05-01,Sudeste,MG,Uberlândia,Marketplace,Moda,Produto B,18,1249.58,22492.38,12690.12,8233.35,8.7,3.1
2019,5,2019-05-01,Sudeste,MG,Juiz de Fora,Marketplace,Eletrônicos,Produto B,10,688.75,6887.5,5120.8,1717.85,2.8,2.79
2019,5,2019-05-01,Sudeste,ES,Vitória,Aplicativo,Casa,Produto A,17,1025.35,17430.93,13799.69,5286.62,5.0,2.88
2019,5,2019-05-01,Sudeste,ES,Vila Velha,Marketplace,Beleza,Produto A,18,2253.89,40570.09,33025.6,12999.05,3.9,3.38
2019,5,2019-05-01,Sudeste,ES,Serra,Marketplace,Moda,Produto C,10,295.75,2957.52,2057.26,883.8,4.6,2.52
2019,5,2019-05-01,Sul,PR,Curitiba,Site próprio,Beleza,Produto C,23,312.46,7186.62,4288.1,3131.69,14.2,2.72
2019,5,2019-05-01,Sul,PR,Londrina,Site próprio,Esporte,Produto B,20,2415.5,48309.96,38870.14,15229.98,3.0,4.49
2019,5,2019-05-01,Sul,SC,Florianópolis,Aplicativo,Casa,Produto A,8,1021.97,8175.77,4551.7,2065.25,6.6,2.87
2019,5,2019-05-01,Sul,SC,Joinville,Site próprio,Beleza,Produto A,8,2291.49,18331.93,11688.56,4719.28,4.0,4.19
2019,5,2019-05-01,Sul,RS,Porto Alegre,Marketplace,Livros,Produto A,29,1397.63,40531.3,27734.99,14632.89,9.5,4.48
2019,5,2019-05-01,Sul,RS,Caxias do Sul,Aplicativo,Livros,Produto A,3,1814.9,5444.71,3350.08,1600.84,4.7,4.47
2019,6,2019-06-01,Norte,AM,Manaus,Site próprio,Moda,Produto C,22,760.18,16723.98,12739.41,4992.65,9.5,4.99
2019,6,2019-06-01,Norte,PA,Belém,Aplicativo,Esporte,Produto B,12,424.8,5097.55,2881.06,1159.0,2.4,3.13
2019,6,2019-06-01,Norte,PA,Santarém,Marketplace,Livros,Produto A,14,1298.36,18177.01,13672.75,5744.27,2.3,5.0
2019,6,2019-06-01,Norte,RO,Porto Velho,Marketplace,Livros,Produto C,5,494.69,2473.47,1911.62,864.16,12.7,4.64
2019,6,2019-06-01,Norte,TO,Palmas,Marketplace,Esporte,Produto D,22,977.82,21512.04,14231.31,5904.78,8.8,4.07
2019,6,2019-06-01,Nordeste,BA,Salvador,Aplicativo,Livros,Produto A,19,122.36,2324.89,1813.82,465.97,7.0,4.72
2019,6,2019-06-01,Nordeste,BA,Feira de Santana,Site próprio,Eletrônicos,Produto B,18,493.8,8888.32,6329.05,2552.2,10.6,3.47
2019,6,2019-06-01,Nordeste,PE,Recife,Aplicativo,Esporte,Produto C,16,570.68,9130.89,6331.12,3290.3,10.2,2.96
2019,6,2019-06-01,Nordeste,PE,Jaboatão dos Guararapes,Site próprio,Livros,Produto A,24,210.68,5056.34,3739.81,1029.25,2.1,3.67
2019,6,2019-06-01,Nordeste,CE,Fortaleza,Aplicativo,Esporte,Produto A,28,275.06,7701.67,6104.29,1696.94,5.4,3.86
2019,6,2019-06-01,Nordeste,CE,Juazeiro do Norte,Marketplace,Moda,Produto D,1,311.97,311.97,224.77,57.51,4.9,3.37
2019,6,2019-06-01,Nordeste,MA,São Luís,Marketplace,Esporte,Produto C,27,1482.69,40032.72,29974.29,11291.4,13.6,4.56
2019,6,2019-06-01,Nordeste,PB,João Pessoa,Marketplace,Eletrônicos,Produto A,17,1388.47,23604.0,18532.75,6028.17,9.6,4.16
2019,6,2019-06-01,Centro-Oeste,DF,Brasília,Aplicativo,Esporte,Produto B,11,847.21,9319.26,6761.61,3044.67,10.5,3.54
2019,6,2019-06-01,Centro-Oeste,GO,Goiânia,Aplicativo,Esporte,Produto B,23,1532.4,35245.18,24619.84,15518.59,5.9,3.32
2019,6,2019-06-01,Centro-Oeste,GO,Aparecida de Goiânia,Aplicativo,Casa,Produto D,14,221.59,3102.31,1944.43,1227.06,6.8,3.97
2019,6,2019-06-01,Centro-Oeste,MT,Cuiabá,Site próprio,Eletrônicos,Produto B,8,2054.88,16439.03,10548.11,6581.81,13.9,4.09
2019,6,2019-06-01,Centro-Oeste,MS,Campo Grande,Aplicativo,Eletrônicos,Produto B,5,523.79,2618.96,1968.18,1097.26,4.6,3.76
2019,6,2019-06-01,Sudeste,SP,São Paulo,Marketplace,Esporte,Produto C,6,2398.05,14388.32,10892.56,5708.55,8.4,2.53
2019,6,2019-06-01,Sudeste,SP,Campinas,Marketplace,Casa,Produto C,28,763.83,21387.13,15468.52,5837.55,8.8,3.07
2019,6,2019-06-01,Sudeste,SP,Ribeirão Preto,Marketplace,Livros,Produto D,11,874.0,9613.95,6821.6,3731.81,4.7,3.94
2019,6,2019-06-01,Sudeste,RJ,Rio de Janeiro,Aplicativo,Esporte,Produto A,26,2470.15,64223.89,38594.72,26897.0,11.3,3.2
2019,6,2019-06-01,Sudeste,RJ,Niterói,Aplicativo,Eletrônicos,Produto A,11,333.57,3669.32,2237.64,767.52,11.9,3.64
2019,6,2019-06-01,Sudeste,RJ,Nova Iguaçu,Marketplace,Casa,Produto A,18,1832.95,32993.18,25174.75,14582.31,2.9,3.64
2019,6,2019-06-01,Sudeste,RJ,Petrópolis,Aplicativo,Livros,Produto B,29,592.53,17183.33,11302.66,4023.0,5.0,3.22
2019,6,2019-06-01,Sudeste,MG,Belo Horizonte,Site próprio,Eletrônicos,Produto A,1,1902.56,1902.56,1091.9,373.13,5.3,4.25
2019,6,2019-06-01,Sudeste,MG,Uberlândia,Site próprio,Esporte,Produto B,8,644.58,5156.63,3559.97,1631.04,2.2,4.28
2019,6,2019-06-01,Sudeste,MG,Juiz de Fora,Marketplace,Beleza,Produto B,5,2160.59,10802.94,6287.71,2142.41,3.3,3.01
2019,6,2019-06-01,Sudeste,ES,Vitória,Aplicativo,Esporte,Produto A,10,566.93,5669.35,3635.19,1216.98,5.2,4.76
2019,6,2019-06-01,Sudeste,ES,Vila Velha,Marketplace,Esporte,Produto D,24,1139.7,27352.84,18290.32,6999.86,10.9,2.79
2019,6,2019-06-01,Sudeste,ES,Serra,Site próprio,Moda,Produto A,29,180.49,5234.15,4082.22,2106.94,14.4,2.95
2019,6,2019-06-01,Sul,PR,Curitiba,Marketplace,Moda,Produto D,10,1061.96,10619.57,8632.97,3858.99,4.1,3.8
2019,6,2019-06-01,Sul,PR,Londrina,Aplicativo,Eletrônicos,Produto B,4,1588.72,6354.88,4588.91,2502.44,2.4,4.92
2019,6,2019-06-01,Sul,SC,Florianópolis,Aplicativo,Eletrônicos,Produto D,9,1179.63,10616.67,6099.36,4159.4,8.4,3.92
2019,6,2019-06-01,Sul,SC,Joinville,Aplicativo,Beleza,Produto C,5,192.67,963.36,648.49,283.21,14.3,2.87
2019,6,2019-06-01,Sul,RS,Porto Alegre,Marketplace,Moda,Produto C,2,384.3,768.59,532.59,313.01,6.7,4.29
2019,6,2019-06-01,Sul,RS,Caxias do Sul,Marketplace,Beleza,Produto A,9,1875.67,16881.01,12490.77,4048.78,4.7,3.45
2019,7,2019-07-01,Norte,AM,Manaus,Site próprio,Casa,Produto D,16,344.72,5515.56,3141.82,2165.87,10.4,4.71
2019,7,2019-07-01,Norte,PA,Belém,Marketplace,Casa,Produto C,29,72.96,2115.73,1395.68,471.38,8.0,4.32
2019,7,2019-07-01,Norte,PA,Santarém,Aplicativo,Beleza,Produto A,4,2330.37,9321.49,5450.69,2149.59,4.6,4.41
2019,7,2019-07-01,Norte,RO,Porto Velho,Aplicativo,Beleza,Produto A,25,63.6,1590.11,1106.51,565.2,11.2,4.21
2019,7,2019-07-01,Norte,TO,Palmas,Marketplace,Livros,Produto A,10,2487.95,24879.49,17780.59,8298.72,14.8,4.95
2019,7,2019-07-01,Nordeste,BA,Salvador,Aplicativo,Beleza,Produto B,12,1234.5,14814.06,10390.62,4358.3,7.7,3.77
2019,7,2019-07-01,Nordeste,BA,Feira de Santana,Marketplace,Livros,Produto C,10,2313.6,23136.03,14636.93,4603.25,4.0,2.78
2019,7,2019-07-01,Nordeste,PE,Recife,Site próprio,Esporte,Produto A,23,2424.01,55752.2,38064.07,24662.16,11.2,3.35
2019,7,2019-07-01,Nordeste,PE,Jaboatão dos Guararapes,Aplicativo,Livros,Produto B,25,110.04,2751.08,1915.17,943.92,12.9,3.79
2019,7,2019-07-01,Nordeste,CE,Fortaleza,Site próprio,Esporte,Produto B,1,477.95,477.95,272.1,118.92,3.0,3.3
2019,7,2019-07-01,Nordeste,CE,Juazeiro do Norte,Site próprio,Livros,Produto D,27,2490.26,67237.13,54569.46,12562.83,5.3,3.02
2019,7,2019-07-01,Nordeste,MA,São Luís,Marketplace,Casa,Produto A,19,129.54,2461.34,1980.55,1075.47,3.3,2.6
2019,7,2019-07-01,Nordeste,PB,João Pessoa,Site próprio,Esporte,Produto D,24,707.21,16972.96,11708.66,4735.83,10.4,2.65
2019,7,2019-07-01,Centro-Oeste,DF,Brasília,Marketplace,Casa,Produto B,23,1086.83,24997.14,15862.08,7431.68,9.6,2.57
2019,7,2019-07-01,Centro-Oeste,GO,Goiânia,Aplicativo,Beleza,Produto A,14,2094.88,29328.38,17179.73,8660.12,5.2,2.83
2019,7,2019-07-01,Centro-Oeste,GO,Aparecida de Goiânia,Marketplace,Esporte,Produto C,8,1978.08,15824.64,12143.92,3069.18,3.3,3.97
2019,7,2019-07-01,Centro-Oeste,MT,Cuiabá,Aplicativo,Beleza,Produto B,7,105.11,735.74,530.56,157.31,11.8,4.35
2019,7,2019-07-01,Centro-Oeste,MS,Campo Grande,Aplicativo,Eletrônicos,Produto A,26,835.55,21724.23,16577.9,6622.71,11.9,4.19
2019,7,2019-07-01,Sudeste,SP,São Paulo,Marketplace,Casa,Produto A,28,102.39,2866.93,2194.33,802.23,12.4,3.95
2019,7,2019-07-01,Sudeste,SP,Campinas,Site próprio,Beleza,Produto D,19,318.76,6056.49,4697.5,2005.24,8.2,2.54
2019,7,2019-07-01,Sudeste,SP,Ribeirão Preto,Site próprio,Moda,Produto C,28,1753.6,49100.7,27429.44,17391.54,8.1,2.53
2019,7,2019-07-01,Sudeste,RJ,Rio de Janeiro,Site próprio,Esporte,Produto C,20,2326.05,46521.07,32102.14,11145.5,7.0,4.07
2019,7,2019-07-01,Sudeste,RJ,Niterói,Aplicativo,Casa,Produto C,12,521.8,6261.6,5022.7,2632.56,13.1,3.18
2019,7,2019-07-01,Sudeste,RJ,Nova Iguaçu,Marketplace,Eletrônicos,Produto A,7,1753.18,12272.25,8527.79,5265.69,13.6,4.05
2019,7,2019-07-01,Sudeste,RJ,Petrópolis,Marketplace,Esporte,Produto C,17,1270.7,21601.86,13738.47,7132.83,14.3,4.47
2019,7,2019-07-01,Sudeste,MG,Belo Horizonte,Marketplace,Eletrônicos,Produto B,29,1861.89,53994.78,37132.94,15950.45,9.2,4.17
2019,7,2019-07-01,Sudeste,MG,Uberlândia,Marketplace,Moda,Produto D,28,2497.02,69916.49,55780.84,19017.83,14.7,4.15
2019,7,2019-07-01,Sudeste,MG,Juiz de Fora,Site próprio,Casa,Produto D,29,1992.7,57788.2,36361.57,23450.64,7.0,2.62
2019,7,2019-07-01,Sudeste,ES,Vitória,Marketplace,Beleza,Produto B,21,65.54,1376.41,1000.07,455.0,6.7,2.9
2019,7,2019-07-01,Sudeste,ES,Vila Velha,Aplicativo,Esporte,Produto A,1,1850.68,1850.68,1167.33,438.32,7.9,2.79
2019,7,2019-07-01,Sudeste,ES,Serra,Aplicativo,Beleza,Produto C,6,406.99,2441.93,1550.89,842.28,13.5,4.24
2019,7,2019-07-01,Sul,PR,Curitiba,Marketplace,Esporte,Produto D,19,1313.36,24953.93,18472.46,4925.81,5.8,4.33
2019,7,2019-07-01,Sul,PR,Londrina,Site próprio,Esporte,Produto A,16,190.29,3044.66,2257.55,718.26,7.9,4.62
2019,7,2019-07-01,Sul,SC,Florianópolis,Marketplace,Casa,Produto A,14,883.26,12365.63,7310.13,5033.92,9.3,3.47
2019,7,2019-07-01,Sul,SC,Joinville,Marketplace,Esporte,Produto D,4,2213.09,8852.34,6808.5,3904.59,11.0,2.96
2019,7,2019-07-01,Sul,RS,Porto Alegre,Marketplace,Casa,Produto C,10,961.11,9611.08,7053.46,2915.43,6.8,2.7
2019,7,2019-07-01,Sul,RS,Caxias do Sul,Marketplace,Esporte,Produto B,24,2130.02,51120.59,41053.72,17515.08,14.8,3.42
2019,8,2019-08-01,Norte,AM,Manaus,Marketplace,Casa,Produto B,24,1120.14,26883.28,17466.42,8537.64,13.7,2.88
2019,8,2019-08-01,Norte,PA,Belém,Marketplace,Beleza,Produto B,5,1064.2,5320.99,3988.03,2364.6,6.4,4.33
2019,8,2019-08-01,Norte,PA,Santarém,Marketplace,Esporte,Produto C,12,2413.29,28959.43,22376.74,9800.32,7.2,3.74
2019,8,2019-08-01,Norte,RO,Porto Velho,Aplicativo,Livros,Produto A,12,117.06,1404.72,788.93,444.98,11.3,4.6
2019,8,2019-08-01,Norte,TO,Palmas,Marketplace,Moda,Produto C,9,558.45,5026.04,3595.51,1830.07,8.7,4.58
2019,8,2019-08-01,Nordeste,BA,Salvador,Marketplace,Moda,Produto C,28,1832.57,51312.08,31898.53,22803.73,14.1,2.51
2019,8,2019-08-01,Nordeste,BA,Feira de Santana,Marketplace,Livros,Produto A,27,1660.12,44823.25,34053.41,10151.45,7.1,2.78
2019,8,2019-08-01,Nordeste,PE,Recife,Aplicativo,Moda,Produto B,27,1955.57,52800.43,31866.35,23073.17,6.3,4.2
2019,8,2019-08-01,Nordeste,PE,Jaboatão dos Guararapes,Marketplace,Beleza,Produto A,9,143.41,1290.71,1034.46,261.44,9.3,4.78
2019,8,2019-08-01,Nordeste,CE,Fortaleza,Marketplace,Eletrônicos,Produto C,26,2491.01,64766.38,36855.59,17072.88,2.6,3.65
2019,8,2019-08-01,Nordeste,CE,Juazeiro do Norte,Aplicativo,Eletrônicos,Produto C,4,126.66,506.65,329.75,224.29,9.4,3.23
2019,8,2019-08-01,Nordeste,MA,São Luís,Aplicativo,Livros,Produto B,9,2268.08,20412.74,14136.95,4356.43,9.2,3.05
2019,8,2019-08-01,Nordeste,PB,João Pessoa,Site próprio,Eletrônicos,Produto D,27,1674.46,45210.51,26860.85,15431.52,14.4,4.75
2019,8,2019-08-01,Centro-Oeste,DF,Brasília,Aplicativo,Esporte,Produto A,22,275.42,6059.17,4419.96,1897.41,2.6,2.93
2019,8,2019-08-01,Centro-Oeste,GO,Goiânia,Site próprio,Livros,Produto C,4,1483.15,5932.58,4329.22,1805.74,14.9,4.94
2019,8,2019-08-01,Centro-Oeste,GO,Aparecida de Goiânia,Aplicativo,Esporte,Produto C,8,1971.91,15775.24,9506.25,4979.5,11.0,3.59
2019,8,2019-08-01,Centro-Oeste,MT,Cuiabá,Marketplace,Moda,Produto B,1,336.08,336.08,222.59,98.32,2.9,4.84
2019,8,2019-08-01,Centro-Oeste,MS,Campo Grande,Marketplace,Livros,Produto D,7,307.97,2155.82,1335.1,795.56,13.7,3.43
2019,8,2019-08-01,Sudeste,SP,São Paulo,Aplicativo,Beleza,Produto D,10,2478.27,24782.66,15524.38,9068.35,4.6,3.77
2019,8,2019-08-01,Sudeste,SP,Campinas,Marketplace,Moda,Produto A,9,1728.18,15553.58,9655.38,6270.38,12.9,4.18
2019,8,2019-08-01,Sudeste,SP,Ribeirão Preto,Aplicativo,Moda,Produto D,18,2251.71,40530.69,33232.38,8402.39,10.1,3.08
2019,8,2019-08-01,Sudeste,RJ,Rio de Janeiro,Site próprio,Esporte,Produto C,25,1166.93,29173.2,17650.96,9077.34,12.6,2.93
2019,8,2019-08-01,Sudeste,RJ,Niterói,Site próprio,Casa,Produto D,25,832.49,20812.25,13301.09,7788.83,6.9,4.28
2019,8,2019-08-01,Sudeste,RJ,Nova Iguaçu,Site próprio,Eletrônicos,Produto C,14,504.56,7063.82,4189.83,2597.1,6.0,3.03
2019,8,2019-08-01,Sudeste,RJ,Petrópolis,Marketplace,Beleza,Produto C,17,1456.12,24754.01,16577.56,7014.0,10.0,4.81
2019,8,2019-08-01,Sudeste,MG,Belo Horizonte,Site próprio,Livros,Produto A,26,383.33,9966.62,7433.84,4051.62,10.5,4.93
2019,8,2019-08-01,Sudeste,MG,Uberlândia,Marketplace,Beleza,Produto D,7,1623.34,11363.39,9190.87,2168.93,11.0,4.51
2019,8,2019-08-01,Sudeste,MG,Juiz de Fora,Aplicativo,Casa,Produto B,12,2090.75,25089.03,17176.42,9978.89,7.6,3.86
2019,8,2019-08-01,Sudeste,ES,Vitória,Site próprio,Esporte,Produto C,23,2018.75,46431.26,34861.27,15166.26,10.5,4.2
2019,8,2019-08-01,Sudeste,ES,Vila Velha,Site próprio,Eletrônicos,Produto C,15,637.12,9556.74,6604.17,1740.96,10.2,3.33
2019,8,2019-08-01,Sudeste,ES,Serra,Aplicativo,Beleza,Produto D,25,2484.94,62123.52,49694.86,27020.87,5.5,4.97
2019,8,2019-08-01,Sul,PR,Curitiba,Aplicativo,Casa,Produto D,10,2004.09,20040.93,13728.85,7004.63,10.8,3.37
2019,8,2019-08-01,Sul,PR,Londrina,Aplicativo,Beleza,Produto A,22,1066.74,23468.34,17774.02,9788.64,14.8,2.97
2019,8,2019-08-01,Sul,SC,Florianópolis,Aplicativo,Livros,Produto A,26,1617.87,42064.67,28789.61,15742.32,11.3,4.8
2019,8,2019-08-01,Sul,SC,Joinville,Marketplace,Esporte,Produto D,12,2236.75,26840.95,17400.56,10522.92,5.3,2.59
2019,8,2019-08-01,Sul,RS,Porto Alegre,Marketplace,Eletrônicos,Produto D,1,1705.29,1705.29,1348.25,359.97,12.8,4.98
2019,8,2019-08-01,Sul,RS,Caxias do Sul,Site próprio,Livros,Produto C,16,1065.83,17053.22,13677.69,3743.92,4.0,4.33
2019,9,2019-09-01,Norte,AM,Manaus,Marketplace,Livros,Produto A,16,528.4,8454.48,5719.92,2636.33,8.6,2.64
2019,9,2019-09-01,Norte,PA,Belém,Site próprio,Beleza,Produto B,3,83.92,251.75,155.96,110.14,9.1,3.74
2019,9,2019-09-01,Norte,PA,Santarém,Aplicativo,Livros,Produto A,13,878.22,11416.88,8443.54,4827.32,13.4,4.28
2019,9,2019-09-01,Norte,RO,Porto Velho,Site próprio,Eletrônicos,Produto A,26,2284.64,59400.67,43688.65,18929.11,10.3,3.3
2019,9,2019-09-01,Norte,TO,Palmas,Aplicativo,Esporte,Produto B,19,280.55,5330.46,4118.32,2381.09,3.4,4.86
2019,9,2019-09-01,Nordeste,BA,Salvador,Aplicativo,Moda,Produto B,7,2236.23,15653.58,12561.88,4089.88,8.1,4.57
2019,9,2019-09-01,Nordeste,BA,Feira de Santana,Aplicativo,Esporte,Produto B,23,2194.69,50477.94,34474.25,10357.15,11.8,3.34
2019,9,2019-09-01,Nordeste,PE,Recife,Marketplace,Casa,Produto C,14,228.62,3200.75,2345.9,764.32,11.7,3.93
2019,9,2019-09-01,Nordeste,PE,Jaboatão dos Guararapes,Marketplace,Eletrônicos,Produto D,1,2301.55,2301.55,1766.44,461.58,14.4,3.95
2019,9,2019-09-01,Nordeste,CE,Fortaleza,Marketplace,Esporte,Produto B,21,1002.46,21051.6,16354.68,4372.1,14.5,4.45
2019,9,2019-09-01,Nordeste,CE,Juazeiro do Norte,Aplicativo,Casa,Produto A,1,1503.38,1503.38,1231.85,543.27,2.2,3.65
2019,9,2019-09-01,Nordeste,MA,São Luís,Marketplace,Livros,Produto B,15,147.37,2210.52,1317.14,873.34,2.2,2.75
2019,9,2019-09-01,Nordeste,PB,João Pessoa,Marketplace,Livros,Produto D,2,2107.61,4215.21,3437.21,1678.5,9.3,4.96
2019,9,2019-09-01,Centro-Oeste,DF,Brasília,Marketplace,Esporte,Produto A,21,1382.9,29040.91,18651.57,6202.7,13.0,4.67
2019,9,2019-09-01,Centro-Oeste,GO,Goiânia,Site próprio,Casa,Produto C,25,2104.7,52617.44,37194.97,22330.46,14.3,3.18
2019,9,2019-09-01,Centro-Oeste,GO,Aparecida de Goiânia,Site próprio,Livros,Produto C,4,435.53,1742.11,1105.56,768.07,5.8,4.12
2019,9,2019-09-01,Centro-Oeste,MT,Cuiabá,Marketplace,Esporte,Produto D,1,573.11,573.11,372.13,148.11,4.5,2.8
2019,9,2019-09-01,Centro-Oeste,MS,Campo Grande,Marketplace,Esporte,Produto B,19,552.82,10503.57,7095.97,1910.45,9.8,2.64
2019,9,2019-09-01,Sudeste,SP,São Paulo,Site próprio,Casa,Produto D,9,1269.53,11425.75,8498.54,5115.08,9.9,2.61
2019,9,2019-09-01,Sudeste,SP,Campinas,Marketplace,Casa,Produto C,15,2224.24,33363.62,18359.29,14918.0,5.5,2.76
2019,9,2019-09-01,Sudeste,SP,Ribeirão Preto,Aplicativo,Esporte,Produto A,16,1458.77,23340.24,13413.89,5053.72,10.9,2.94
2019,9,2019-09-01,Sudeste,RJ,Rio de Janeiro,Aplicativo,Moda,Produto C,2,1033.59,2067.19,1534.04,379.03,12.2,4.45
2019,9,2019-09-01,Sudeste,RJ,Niterói,Marketplace,Eletrônicos,Produto A,22,1844.41,40577.0,23395.08,12419.25,3.1,3.01
2019,9,2019-09-01,Sudeste,RJ,Nova Iguaçu,Marketplace,Beleza,Produto B,25,2040.11,51002.7,30677.21,19002.91,11.4,4.45
2019,9,2019-09-01,Sudeste,RJ,Petrópolis,Marketplace,Esporte,Produto A,20,614.58,12291.66,9532.29,3101.6,12.2,4.4
2019,9,2019-09-01,Sudeste,MG,Belo Horizonte,Marketplace,Casa,Produto B,13,1696.47,22054.05,13753.7,8996.94,4.8,3.89
2019,9,2019-09-01,Sudeste,MG,Uberlândia,Marketplace,Beleza,Produto A,8,2085.34,16682.74,12151.93,3460.72,3.1,3.47
2019,9,2019-09-01,Sudeste,MG,Juiz de Fora,Aplicativo,Eletrônicos,Produto D,15,1012.66,15189.87,8727.11,4145.95,13.3,4.43
2019,9,2019-09-01,Sudeste,ES,Vitória,Marketplace,Eletrônicos,Produto C,22,1888.14,41539.15,27074.91,14492.55,2.3,4.57
2019,9,2019-09-01,Sudeste,ES,Vila Velha,Marketplace,Esporte,Produto A,16,956.94,15310.98,10498.53,5116.09,6.0,3.38
2019,9,2019-09-01,Sudeste,ES,Serra,Marketplace,Beleza,Produto D,1,1586.46,1586.46,1096.87,361.33,7.6,3.63
2019,9,2019-09-01,Sul,PR,Curitiba,Marketplace,Esporte,Produto D,13,58.91,765.86,544.68,226.53,8.6,3.6
2019,9,2019-09-01,Sul,PR,Londrina,Site próprio,Esporte,Produto A,20,482.82,9656.45,7839.89,2427.54,11.7,2.87
2019,9,2019-09-01,Sul,SC,Florianópolis,Aplicativo,Moda,Produto C,18,2425.26,43654.62,34894.31,14894.23,5.5,3.8
2019,9,2019-09-01,Sul,SC,Joinville,Marketplace,Eletrônicos,Produto D,8,2337.19,18697.52,12959.83,4305.99,8.9,4.76
2019,9,2019-09-01,Sul,RS,Porto Alegre,Marketplace,Eletrônicos,Produto D,23,1164.72,26788.45,15292.52,7567.31,11.4,4.13
2019,9,2019-09-01,Sul,RS,Caxias do Sul,Aplicativo,Casa,Produto B,19,2349.02,44631.32,28039.14,18696.91,11.0,3.41
2019,10,2019-10-01,Norte,AM,Manaus,Aplicativo,Beleza,Produto C,22,370.95,8160.83,5934.31,1771.51,6.8,3.94
2019,10,2019-10-01,Norte,PA,Belém,Marketplace,Casa,Produto C,28,1036.7,29027.61,17509.77,9282.64,9.8,3.56
2019,10,2019-10-01,Norte,PA,Santarém,Aplicativo,Livros,Produto D,19,1249.08,23732.43,17455.43,5328.5,3.3,3.44
2019,10,2019-10-01,Norte,RO,Porto Velho,Marketplace,Moda,Produto A,24,955.36,22928.64,14102.56,4505.23,2.5,4.39
2019,10,2019-10-01,Norte,TO,Palmas,Site próprio,Beleza,Produto C,7,474.21,3319.49,1904.51,1472.57,7.5,4.29
2019,10,2019-10-01,Nordeste,BA,Salvador,Site próprio,Esporte,Produto D,3,1203.95,3611.85,2116.32,1272.26,6.8,3.28
2019,10,2019-10-01,Nordeste,BA,Feira de Santana,Aplicativo,Eletrônicos,Produto B,4,578.41,2313.63,1772.39,968.81,7.5,3.37
2019,10,2019-10-01,Nordeste,PE,Recife,Aplicativo,Casa,Produto D,11,818.88,9007.73,5635.94,1780.96,6.0,4.7
2019,10,2019-10-01,Nordeste,PE,Jaboatão dos Guararapes,Site próprio,Casa,Produto D,9,285.71,2571.35,1487.24,756.79,9.5,2.59
2019,10,2019-10-01,Nordeste,CE,Fortaleza,Aplicativo,Moda,Produto A,13,2062.57,26813.47,18839.2,7595.11,12.8,3.72
2019,10,2019-10-01,Nordeste,CE,Juazeiro do Norte,Marketplace,Beleza,Produto C,7,1848.15,12937.08,7533.4,5639.9,7.5,3.63
2019,10,2019-10-01,Nordeste,MA,São Luís,Marketplace,Livros,Produto B,29,2262.89,65623.93,45141.87,29375.91,6.7,4.69
2019,10,2019-10-01,Nordeste,PB,João Pessoa,Aplicativo,Beleza,Produto A,26,2111.02,54886.61,43540.94,19273.4,5.7,3.91
2019,10,2019-10-01,Centro-Oeste,DF,Brasília,Marketplace,Eletrônicos,Produto C,10,576.61,5766.13,4568.73,2161.48,4.0,2.77
2019,10,2019-10-01,Centro-Oeste,GO,Goiânia,Aplicativo,Livros,Produto A,5,169.06,845.28,486.58,171.62,7.9,3.39
2019,10,2019-10-01,Centro-Oeste,GO,Aparecida de Goiânia,Marketplace,Beleza,Produto D,29,1827.54,52998.59,34050.13,22682.78,6.1,2.51
2019,10,2019-10-01,Centro-Oeste,MT,Cuiabá,Site próprio,Casa,Produto C,20,1886.68,37733.65,27758.33,11382.55,6.7,3.11
2019,10,2019-10-01,Centro-Oeste,MS,Campo Grande,Aplicativo,Moda,Produto A,20,740.77,14815.33,11278.1,3662.63,2.4,3.48
2019,10,2019-10-01,Sudeste,SP,São Paulo,Marketplace,Casa,Produto D,12,494.44,5933.23,4843.09,1196.25,11.8,3.74
2019,10,2019-10-01,Sudeste,SP,Campinas,Marketplace,Esporte,Produto B,22,1137.58,25026.66,19401.66,5050.68,13.7,4.78
2019,10,2019-10-01,Sudeste,SP,Ribeirão Preto,Aplicativo,Casa,Produto A,9,1697.9,15281.1,8658.42,2785.5,13.0,4.51
2019,10,2019-10-01,Sudeste,RJ,Rio de Janeiro,Aplicativo,Casa,Produto C,13,1293.19,16811.42,9616.44,5748.12,9.9,4.09
2019,10,2019-10-01,Sudeste,RJ,Niterói,Site próprio,Beleza,Produto B,23,291.3,6699.79,3703.0,2896.83,9.6,3.01
2019,10,2019-10-01,Sudeste,RJ,Nova Iguaçu,Site próprio,Beleza,Produto B,22,1849.99,40699.84,26378.63,13014.69,6.9,2.93
2019,10,2019-10-01,Sudeste,RJ,Petrópolis,Marketplace,Beleza,Produto A,15,1941.35,29120.31,23266.75,9064.86,6.3,3.64
2019,10,2019-10-01,Sudeste,MG,Belo Horizonte,Aplicativo,Beleza,Produto D,27,2475.46,66837.35,44748.89,20637.78,9.5,4.74
2019,10,2019-10-01,Sudeste,MG,Uberlândia,Aplicativo,Eletrônicos,Produto A,15,323.21,4848.18,2871.05,2023.81,7.1,3.12
2019,10,2019-10-01,Sudeste,MG,Juiz de Fora,Aplicativo,Beleza,Produto C,18,2097.75,37759.57,21751.97,15136.8,13.3,4.16
2019,10,2019-10-01,Sudeste,ES,Vitória,Site próprio,Casa,Produto C,4,1721.45,6885.8,5423.59,2163.35,7.0,3.84
2019,10,2019-10-01,Sudeste,ES,Vila Velha,Site próprio,Beleza,Produto C,26,1614.57,41978.74,29767.55,14632.92,11.8,4.07
2019,10,2019-10-01,Sudeste,ES,Serra,Site próprio,Casa,Produto D,22,2492.58,54836.72,41995.68,14382.02,3.8,3.16
2019,10,2019-10-01,Sul,PR,Curitiba,Site próprio,Eletrônicos,Produto B,14,2171.8,30405.16,20613.38,13111.72,12.4,3.79
2019,10,2019-10-01,Sul,PR,Londrina,Site próprio,Eletrônicos,Produto B,8,2435.34,19482.75,14060.47,5335.38,10.6,2.52
2019,10,2019-10-01,Sul,SC,Florianópolis,Aplicativo,Esporte,Produto A,15,239.02,3585.35,2027.93,1084.24,13.6,3.49
2019,10,2019-10-01,Sul,SC,Joinville,Marketplace,Livros,Produto A,7,1674.77,11723.37,6649.4,4505.86,2.4,4.02
2019,10,2019-10-01,Sul,RS,Porto Alegre,Aplicativo,Livros,Produto D,15,1535.11,23026.72,16001.82,8892.14,13.9,2.76
2019,10,2019-10-01,Sul,RS,Caxias do Sul,Site próprio,Esporte,Produto D,17,1436.22,24415.7,16660.52,9067.12,6.7,3.02
2019,11,2019-11-01,Norte,AM,Manaus,Marketplace,Casa,Produto A,16,2382.56,38120.9,30596.51,9927.13,4.3,4.37
2019,11,2019-11-01,Norte,PA,Belém,Aplicativo,Beleza,Produto A,29,2356.16,68328.59,49286.12,22786.53,3.4,4.61
2019,11,2019-11-01,Norte,PA,Santarém,Marketplace,Moda,Produto B,8,972.27,7778.2,5121.05,3407.83,7.1,4.55
2019,11,2019-11-01,Norte,RO,Porto Velho,Site próprio,Eletrônicos,Produto B,8,840.58,6724.66,5174.92,1844.34,13.3,2.52
2019,11,2019-11-01,Norte,TO,Palmas,Site próprio,Eletrônicos,Produto C,7,1544.57,10811.97,6143.46,2163.09,14.1,4.06
2019,11,2019-11-01,Nordeste,BA,Salvador,Site próprio,Casa,Produto B,16,1182.53,18920.55,12293.91,3616.24,9.9,4.32
2019,11,2019-11-01,Nordeste,BA,Feira de Santana,Site próprio,Beleza,Produto D,21,317.0,6657.05,5149.88,2931.45,2.8,3.2
2019,11,2019-11-01,Nordeste,PE,Recife,Marketplace,Moda,Produto D,7,1863.69,13045.8,10090.32,5802.77,3.7,4.82
2019,11,2019-11-01,Nordeste,PE,Jaboatão dos Guararapes,Marketplace,Livros,Produto B,20,94.45,1888.92,1043.61,838.42,4.7,4.13
2019,11,2019-11-01,Nordeste,CE,Fortaleza,Aplicativo,Eletrônicos,Produto D,28,1916.03,53648.88,31585.4,17994.1,5.0,3.76
2019,11,2019-11-01,Nordeste,CE,Juazeiro do Norte,Site próprio,Livros,Produto B,8,2083.59,16668.73,11489.54,4064.63,11.2,4.72
2019,11,2019-11-01,Nordeste,MA,São Luís,Aplicativo,Eletrônicos,Produto D,5,2068.67,10343.36,7680.83,4179.57,7.4,2.67
2019,11,2019-11-01,Nordeste,PB,João Pessoa,Site próprio,Casa,Produto B,20,1023.86,20477.11,12214.08,7005.38,5.3,3.89
2019,11,2019-11-01,Centro-Oeste,DF,Brasília,Aplicativo,Eletrônicos,Produto D,10,1020.49,10204.89,8187.19,4000.6,9.6,4.4
2019,11,2019-11-01,Centro-Oeste,GO,Goiânia,Aplicativo,Esporte,Produto D,23,436.97,10050.39,7699.85,2697.6,8.9,3.53
2019,11,2019-11-01,Centro-Oeste,GO,Aparecida de Goiânia,Marketplace,Beleza,Produto D,16,1065.63,17050.07,12363.61,3850.31,7.0,3.75
2019,11,2019-11-01,Centro-Oeste,MT,Cuiabá,Marketplace,Beleza,Produto C,5,1220.97,6104.85,4106.63,1557.12,4.7,4.55
2019,11,2019-11-01,Centro-Oeste,MS,Campo Grande,Aplicativo,Eletrônicos,Produto A,7,2213.13,15491.89,10265.04,6672.93,6.0,3.75
2019,11,2019-11-01,Sudeste,SP,São Paulo,Aplicativo,Livros,Produto D,26,196.64,5112.58,2911.72,1061.38,7.0,2.67
2019,11,2019-11-01,Sudeste,SP,Campinas,Marketplace,Beleza,Produto B,11,1572.54,17297.94,10381.22,5452.57,3.2,4.12
2019,11,2019-11-01,Sudeste,SP,Ribeirão Preto,Aplicativo,Livros,Produto A,18,2160.29,38885.25,27267.33,14817.14,12.0,4.13
2019,11,2019-11-01,Sudeste,RJ,Rio de Janeiro,Aplicativo,Beleza,Produto A,26,157.97,4107.3,2636.86,899.2,8.2,3.77
2019,11,2019-11-01,Sudeste,RJ,Niterói,Site próprio,Casa,Produto C,26,1496.79,38916.46,27523.52,12611.27,3.1,2.52
2019,11,2019-11-01,Sudeste,RJ,Nova Iguaçu,Aplicativo,Moda,Produto C,29,1472.28,42696.16,33518.0,15575.89,2.2,3.57
2019,11,2019-11-01,Sudeste,RJ,Petrópolis,Aplicativo,Esporte,Produto B,28,2048.74,57364.71,37304.65,20570.67,3.0,3.21
2019,11,2019-11-01,Sudeste,MG,Belo Horizonte,Aplicativo,Moda,Produto D,25,795.0,19874.92,16082.45,5103.22,13.9,4.72
2019,11,2019-11-01,Sudeste,MG,Uberlândia,Aplicativo,Eletrônicos,Produto D,6,1249.19,7495.13,5812.77,2015.39,9.4,2.63
2019,11,2019-11-01,Sudeste,MG,Juiz de Fora,Aplicativo,Eletrônicos,Produto B,19,1314.96,24984.26,16558.01,8582.58,8.6,3.78
2019,11,2019-11-01,Sudeste,ES,Vitória,Marketplace,Moda,Produto C,23,2190.19,50374.28,31438.92,12427.38,11.7,3.93
2019,11,2019-11-01,Sudeste,ES,Vila Velha,Site próprio,Moda,Produto A,23,525.96,12097.11,7828.71,3543.17,11.5,4.31
2019,11,2019-11-01,Sudeste,ES,Serra,Aplicativo,Moda,Produto A,25,2353.93,58848.19,42693.89,17574.81,4.7,3.79
2019,11,2019-11-01,Sul,PR,Curitiba,Aplicativo,Casa,Produto C,26,1155.06,30031.55,16613.77,8439.8,10.1,4.24
2019,11,2019-11-01,Sul,PR,Londrina,Site próprio,Livros,Produto B,21,2044.2,42928.17,27886.34,10850.37,6.0,4.02
2019,11,2019-11-01,Sul,SC,Florianópolis,Site próprio,Esporte,Produto C,9,539.27,4853.46,2864.31,1560.28,14.2,3.74
2019,11,2019-11-01,Sul,SC,Joinville,Aplicativo,Eletrônicos,Produto C,6,1133.98,6803.91,4915.79,2848.93,5.1,3.12
2019,11,2019-11-01,Sul,RS,Porto Alegre,Marketplace,Moda,Produto D,11,2216.3,24379.27,14960.47,5886.41,8.1,3.95
2019,11,2019-11-01,Sul,RS,Caxias do Sul,Marketplace,Moda,Produto D,26,1888.45,49099.75,33888.52,14681.6,11.2,2.51
2019,12,2019-12-01,Norte,AM,Manaus,Marketplace,Livros,Produto B,14,2219.16,31068.24,21405.0,8219.74,11.5,3.47
2019,12,2019-12-01,Norte,PA,Belém,Aplicativo,Moda,Produto C,29,1399.54,40586.79,31092.02,14494.2,5.9,3.41
2019,12,2019-12-01,Norte,PA,Santarém,Aplicativo,Casa,Produto A,21,2486.93,52225.44,29895.7,21618.2,2.6,3.88
2019,12,2019-12-01,Norte,RO,Porto Velho,Aplicativo,Esporte,Produto B,16,1659.86,26557.81,20165.89,10284.94,5.4,3.69
2019,12,2019-12-01,Norte,TO,Palmas,Site próprio,Esporte,Produto C,11,1108.91,12198.0,8747.35,4321.94,10.1,3.09
2019,12,2019-12-01,Nordeste,BA,Salvador,Aplicativo,Moda,Produto D,24,2065.93,49582.35,33681.81,21923.63,11.1,4.74
2019,12,2019-12-01,Nordeste,BA,Feira de Santana,Marketplace,Moda,Produto D,29,1225.53,35540.38,23612.05,8789.48,4.1,3.51
2019,12,2019-12-01,Nordeste,PE,Recife,Aplicativo,Beleza,Produto C,8,2340.67,18725.36,10617.32,4699.55,13.9,3.5
2019,12,2019-12-01,Nordeste,PE,Jaboatão dos Guararapes,Site próprio,Moda,Produto D,5,444.55,2222.77,1497.66,405.64,13.3,4.56
2019,12,2019-12-01,Nordeste,CE,Fortaleza,Site próprio,Esporte,Produto C,6,1082.99,6497.94,4845.51,1538.53,8.4,4.16
2019,12,2019-12-01,Nordeste,CE,Juazeiro do Norte,Aplicativo,Casa,Produto D,27,2158.55,58280.72,35366.18,20131.93,5.4,3.85
2019,12,2019-12-01,Nordeste,MA,São Luís,Site próprio,Casa,Produto D,12,199.01,2388.08,1944.2,608.58,6.3,3.63
2019,12,2019-12-01,Nordeste,PB,João Pessoa,Aplicativo,Beleza,Produto A,2,2217.92,4435.84,3017.01,897.61,11.7,2.79
2019,12,2019-12-01,Centro-Oeste,DF,Brasília,Site próprio,Esporte,Produto D,13,1490.03,19370.37,14330.9,8261.52,12.3,3.68
2019,12,2019-12-01,Centro-Oeste,GO,Goiânia,Marketplace,Casa,Produto A,1,599.54,599.54,417.45,121.79,12.8,3.06
2019,12,2019-12-01,Centro-Oeste,GO,Aparecida de Goiânia,Marketplace,Eletrônicos,Produto C,19,1130.25,21474.79,13550.64,5246.54,10.1,2.72
2019,12,2019-12-01,Centro-Oeste,MT,Cuiabá,Aplicativo,Beleza,Produto B,7,2199.71,15398.0,12581.44,5764.0,4.0,4.6
2019,12,2019-12-01,Centro-Oeste,MS,Campo Grande,Aplicativo,Esporte,Produto A,22,307.6,6767.16,5348.8,1699.38,8.9,3.58
2019,12,2019-12-01,Sudeste,SP,São Paulo,Aplicativo,Beleza,Produto A,9,1043.52,9391.7,7623.09,2911.19,4.5,2.91
2019,12,2019-12-01,Sudeste,SP,Campinas,Site próprio,Beleza,Produto A,27,1963.83,53023.39,29441.94,17070.78,13.3,3.83
2019,12,2019-12-01,Sudeste,SP,Ribeirão Preto,Site próprio,Eletrônicos,Produto B,4,1211.4,4845.6,3117.97,1632.76,6.1,4.39
2019,12,2019-12-01,Sudeste,RJ,Rio de Janeiro,Aplicativo,Casa,Produto A,12,1225.47,14705.67,10747.99,4663.04,13.1,3.21
2019,12,2019-12-01,Sudeste,RJ,Niterói,Aplicativo,Livros,Produto B,8,2397.83,19182.61,12665.34,5925.02,2.6,3.21
2019,12,2019-12-01,Sudeste,RJ,Nova Iguaçu,Site próprio,Eletrônicos,Produto B,26,2034.03,52884.83,31931.91,20524.12,5.1,3.23
2019,12,2019-12-01,Sudeste,RJ,Petrópolis,Aplicativo,Moda,Produto C,11,958.22,10540.42,6227.46,2900.98,4.8,3.02
2019,12,2019-12-01,Sudeste,MG,Belo Horizonte,Aplicativo,Eletrônicos,Produto B,7,1533.92,10737.41,6708.36,3814.09,6.0,3.28
2019,12,2019-12-01,Sudeste,MG,Uberlândia,Marketplace,Eletrônicos,Produto A,18,530.3,9545.48,7170.36,2942.69,14.3,4.04
2019,12,2019-12-01,Sudeste,MG,Juiz de Fora,Site próprio,Eletrônicos,Produto D,14,957.92,13410.87,9515.16,4541.4,3.3,3.44
2019,12,2019-12-01,Sudeste,ES,Vitória,Site próprio,Casa,Produto D,6,1875.63,11253.8,7333.28,3873.94,10.5,4.5
2019,12,2019-12-01,Sudeste,ES,Vila Velha,Aplicativo,Esporte,Produto B,16,320.29,5124.69,2953.29,1802.76,6.4,3.03
2019,12,2019-12-01,Sudeste,ES,Serra,Marketplace,Esporte,Produto D,14,2137.53,29925.42,18525.06,7714.2,2.9,4.21
2019,12,2019-12-01,Sul,PR,Curitiba,Site próprio,Beleza,Produto B,20,1707.11,34142.15,26941.34,10186.48,3.7,4.43
2019,12,2019-12-01,Sul,PR,Londrina,Marketplace,Eletrônicos,Produto C,18,1378.04,24804.72,18067.85,9220.45,4.1,4.24
2019,12,2019-12-01,Sul,SC,Florianópolis,Marketplace,Eletrônicos,Produto C,14,265.13,3711.86,2476.54,1611.93,12.3,2.68
2019,12,2019-12-01,Sul,SC,Joinville,Site próprio,Esporte,Produto B,28,642.99,18003.65,10649.58,5467.75,9.4,4.14
2019,12,2019-12-01,Sul,RS,Porto Alegre,Aplicativo,Eletrônicos,Produto D,20,979.58,19591.62,11017.61,8687.54,4.1,4.84
2019,12,2019-12-01,Sul,RS,Caxias do Sul,Marketplace,Eletrônicos,Produto D,7,2023.37,14163.56,10777.3,4443.48,11.8,4.57
2020,1,2020-01-01,Norte,AM,Manaus,Site próprio,Esporte,Produto D,1,1660.59,1660.59,1359.93,336.54,2.1,4.04
2020,1,2020-01-01,Norte,PA,Belém,Site próprio,Esporte,Produto A,24,386.36,9272.57,5830.68,3570.71,2.1,3.74
2020,1,2020-01-01,Norte,PA,Santarém,Marketplace,Livros,Produto C,2,1876.96,3753.92,2713.29,840.26,9.5,2.82
2020,1,2020-01-01,Norte,RO,Porto Velho,Site próprio,Esporte,Produto A,19,1948.59,37023.22,21817.25,11665.85,8.7,3.39
2020,1,2020-01-01,Norte,TO,Palmas,Site próprio,Livros,Produto C,23,1463.23,33654.23,24313.73,13886.11,14.2,3.03
2020,1,2020-01-01,Nordeste,BA,Salvador,Marketplace,Beleza,Produto C,11,1862.0,20482.03,13221.83,4677.52,9.7,2.9
2020,1,2020-01-01,Nordeste,BA,Feira de Santana,Site próprio,Casa,Produto B,22,1579.48,34748.65,26180.75,8013.12,3.4,4.32
2020,1,2020-01-01,Nordeste,PE,Recife,Marketplace,Moda,Produto A,24,970.14,23283.38,19050.84,4756.29,3.2,4.17
2020,1,2020-01-01,Nordeste,PE,Jaboatão dos Guararapes,Site próprio,Eletrônicos,Produto A,24,1947.67,46744.12,38289.24,11332.37,5.8,4.63
2020,1,2020-01-01,Nordeste,CE,Fortaleza,Site próprio,Beleza,Produto D,13,1869.72,24306.3,14855.1,6038.75,7.1,4.88
2020,1,2020-01-01,Nordeste,CE,Juazeiro do Norte,Site próprio,Casa,Produto D,27,540.67,14598.05,10437.98,6260.64,7.9,3.85
2020,1,2020-01-01,Nordeste,MA,São Luís,Marketplace,Beleza,Produto A,3,1840.9,5522.71,3306.95,1436.69,8.9,2.9
2020,1,2020-01-01,Nordeste,PB,João Pessoa,Site próprio,Moda,Produto A,3,1834.9,5504.69,3135.84,1952.32,7.1,3.89
2020,1,2020-01-01,Centro-Oeste,DF,Brasília,Marketplace,Eletrônicos,Produto A,28,1474.43,41284.02,31717.46,18533.23,8.4,3.61
2020,1,2020-01-01,Centro-Oeste,GO,Goiânia,Aplicativo,Eletrônicos,Produto D,19,843.44,16025.41,11336.0,3470.62,4.1,3.76
2020,1,2020-01-01,Centro-Oeste,GO,Aparecida de Goiânia,Aplicativo,Esporte,Produto C,20,1131.58,22631.6,17304.15,9792.28,10.6,4.18
2020,1,2020-01-01,Centro-Oeste,MT,Cuiabá,Aplicativo,Beleza,Produto B,23,2234.83,51401.18,40701.39,20903.14,7.0,3.69
2020,1,2020-01-01,Centro-Oeste,MS,Campo Grande,Aplicativo,Beleza,Produto A,1,247.41,247.41,145.19,57.2,2.7,3.31
2020,1,2020-01-01,Sudeste,SP,São Paulo,Site próprio,Beleza,Produto D,8,2205.33,17642.66,12681.59,6287.58,2.9,3.51
2020,1,2020-01-01,Sudeste,SP,Campinas,Site próprio,Beleza,Produto B,10,726.18,7261.79,5364.7,2914.51,9.9,3.4
2020,1,2020-01-01,Sudeste,SP,Ribeirão Preto,Site próprio,Casa,Produto B,17,1459.52,24811.84,15638.23,9318.75,5.2,3.34
2020,1,2020-01-01,Sudeste,RJ,Rio de Janeiro,Aplicativo,Eletrônicos,Produto A,7,299.46,2096.19,1322.88,544.37,10.0,3.26
2020,1,2020-01-01,Sudeste,RJ,Niterói,Site próprio,Casa,Produto C,8,664.0,5311.98,3822.78,1643.7,14.0,3.16
2020,1,2020-01-01,Sudeste,RJ,Nova Iguaçu,Site próprio,Moda,Produto A,26,297.02,7722.57,5723.81,1450.54,9.3,3.18
2020,1,2020-01-01,Sudeste,RJ,Petrópolis,Marketplace,Casa,Produto D,14,724.37,10141.18,7584.2,2268.03,6.9,3.94
2020,1,2020-01-01,Sudeste,MG,Belo Horizonte,Marketplace,Casa,Produto D,16,2305.35,36885.63,20850.08,15224.26,3.9,2.58
2020,1,2020-01-01,Sudeste,MG,Uberlândia,Aplicativo,Moda,Produto D,29,1845.57,53521.53,43768.86,12506.29,2.6,2.99
2020,1,2020-01-01,Sudeste,MG,Juiz de Fora,Aplicativo,Esporte,Produto D,26,1133.33,29466.66,20914.5,10318.39,2.4,4.42
2020,1,2020-01-01,Sudeste,ES,Vitória,Marketplace,Casa,Produto A,3,2190.89,6572.67,4307.88,2653.61,12.7,4.28
2020,1,2020-01-01,Sudeste,ES,Vila Velha,Site próprio,Livros,Produto D,12,1836.74,22040.83,16868.37,9316.54,14.8,4.66
2020,1,2020-01-01,Sudeste,ES,Serra,Marketplace,Beleza,Produto B,21,1299.94,27298.7,18799.27,5380.36,5.4,4.09
2020,1,2020-01-01,Sul,PR,Curitiba,Aplicativo,Casa,Produto D,23,1464.18,33676.15,25205.58,12490.77,8.0,4.19
2020,1,2020-01-01,Sul,PR,Londrina,Site próprio,Eletrônicos,Produto A,24,447.5,10739.94,8200.21,3768.77,2.1,3.85
2020,1,2020-01-01,Sul,SC,Florianópolis,Marketplace,Eletrônicos,Produto C,6,1513.14,9078.85,6170.75,3150.23,6.5,3.16
2020,1,2020-01-01,Sul,SC,Joinville,Aplicativo,Livros,Produto C,12,128.4,1540.75,980.94,606.06,13.0,2.99
2020,1,2020-01-01,Sul,RS,Porto Alegre,Aplicativo,Esporte,Produto B,28,1705.42,47751.65,30336.84,15689.33,6.1,4.78
2020,1,2020-01-01,Sul,RS,Caxias do Sul,Site próprio,Moda,Produto B,13,281.21,3655.76,2656.62,1251.38,10.1,4.45
2020,2,2020-02-01,Norte,AM,Manaus,Site próprio,Moda,Produto C,5,355.44,1777.22,1455.53,351.49,3.7,3.84
2020,2,2020-02-01,Norte,PA,Belém,Site próprio,Livros,Produto C,28,1416.08,39650.27,26142.09,15269.62,11.2,2.65
2020,2,2020-02-01,Norte,PA,Santarém,Site próprio,Livros,Produto A,3,2252.58,6757.74,4285.07,2484.08,11.3,3.4
2020,2,2020-02-01,Norte,RO,Porto Velho,Site próprio,Livros,Produto D,4,1337.46,5349.85,4367.51,2123.1,7.5,4.67
2020,2,2020-02-01,Norte,TO,Palmas,Aplicativo,Beleza,Produto D,19,1173.01,22287.27,18097.51,5042.71,3.6,4.66
2020,2,2020-02-01,Nordeste,BA,Salvador,Site próprio,Moda,Produto D,6,794.78,4768.68,3125.02,914.62,7.9,3.86
2020,2,2020-02-01,Nordeste,BA,Feira de Santana,Site próprio,Moda,Produto D,5,1436.7,7183.5,5125.18,3058.61,8.9,4.9
2020,2,2020-02-01,Nordeste,PE,Recife,Marketplace,Esporte,Produto B,25,334.25,8356.37,4914.3,2662.61,6.6,2.56
2020,2,2020-02-01,Nordeste,PE,Jaboatão dos Guararapes,Aplicativo,Beleza,Produto A,28,187.03,5236.79,3013.04,1220.16,7.8,4.21
2020,2,2020-02-01,Nordeste,CE,Fortaleza,Site próprio,Eletrônicos,Produto A,21,1824.3,38310.39,28628.84,13031.23,12.8,2.55
2020,2,2020-02-01,Nordeste,CE,Juazeiro do Norte,Marketplace,Livros,Produto D,28,1836.96,51434.78,35198.19,14734.13,2.0,3.3
2020,2,2020-02-01,Nordeste,MA,São Luís,Aplicativo,Moda,Produto A,15,1429.42,21441.28,16972.6,6594.28,11.8,3.52
2020,2,2020-02-01,Nordeste,PB,João Pessoa,Marketplace,Moda,Produto A,4,2143.45,8573.8,6110.24,1884.35,8.2,4.44
2020,2,2020-02-01,Centro-Oeste,DF,Brasília,Site próprio,Casa,Produto B,12,182.61,2191.32,1504.35,738.57,12.2,3.1
2020,2,2020-02-01,Centro-Oeste,GO,Goiânia,Site próprio,Eletrônicos,Produto C,5,2234.93,11174.64,7263.86,2341.81,5.9,4.3
2020,2,2020-02-01,Centro-Oeste,GO,Aparecida de Goiânia,Site próprio,Eletrônicos,Produto B,2,2412.55,4825.1,3249.5,1356.06,8.1,2.74
2020,2,2020-02-01,Centro-Oeste,MT,Cuiabá,Site próprio,Eletrônicos,Produto B,16,2011.35,32181.67,19033.56,14446.61,5.3,3.62
2020,2,2020-02-01,Centro-Oeste,MS,Campo Grande,Site próprio,Beleza,Produto A,5,2303.08,11515.42,7386.9,4955.77,4.6,4.24
2020,2,2020-02-01,Sudeste,SP,São Paulo,Marketplace,Moda,Produto A,3,880.55,2641.64,1804.94,787.24,8.8,2.89
2020,2,2020-02-01,Sudeste,SP,Campinas,Aplicativo,Livros,Produto C,9,165.01,1485.07,1063.5,439.66,11.3,3.45
2020,2,2020-02-01,Sudeste,SP,Ribeirão Preto,Marketplace,Moda,Produto C,2,2085.75,4171.51,2515.22,1691.34,14.3,4.95
2020,2,2020-02-01,Sudeste,RJ,Rio de Janeiro,Site próprio,Beleza,Produto B,7,447.87,3135.07,1763.4,691.47,12.7,3.19
2020,2,2020-02-01,Sudeste,RJ,Niterói,Marketplace,Esporte,Produto B,16,1151.89,18430.26,11692.01,7829.94,11.9,3.08
2020,2,2020-02-01,Sudeste,RJ,Nova Iguaçu,Marketplace,Moda,Produto B,26,2022.78,52592.18,39900.21,20430.93,14.8,4.85
2020,2,2020-02-01,Sudeste,RJ,Petrópolis,Marketplace,Casa,Produto A,24,1576.78,37842.73,22771.09,14678.26,13.4,3.95
2020,2,2020-02-01,Sudeste,MG,Belo Horizonte,Marketplace,Moda,Produto D,29,144.59,4193.23,3433.75,882.07,4.8,3.12
2020,2,2020-02-01,Sudeste,MG,Uberlândia,Aplicativo,Moda,Produto D,17,2447.95,41615.21,30759.54,8659.78,6.6,3.85
2020,2,2020-02-01,Sudeste,MG,Juiz de Fora,Aplicativo,Livros,Produto C,17,566.96,9638.3,5409.95,2665.82,6.4,4.58
2020,2,2020-02-01,Sudeste,ES,Vitória,Marketplace,Moda,Produto C,29,846.64,24552.56,15285.83,10294.2,5.2,3.8
2020,2,2020-02-01,Sudeste,ES,Vila Velha,Marketplace,Livros,Produto C,7,416.38,2914.64,1652.31,1114.51,12.8,2.6
2020,2,2020-02-01,Sudeste,ES,Serra,Aplicativo,Beleza,Produto D,16,1758.1,28129.61,21303.79,6202.79,4.8,3.75
2020,2,2020-02-01,Sul,PR,Curitiba,Aplicativo,Eletrônicos,Produto B,13,2497.86,32472.18,20688.52,10049.67,9.7,3.96
2020,2,2020-02-01,Sul,PR,Londrina,Marketplace,Esporte,Produto B,2,1532.74,3065.47,2234.6,909.54,13.3,4.65
2020,2,2020-02-01,Sul,SC,Florianópolis,Aplicativo,Livros,Produto C,10,2277.64,22776.4,14911.87,7399.47,8.3,4.86
2020,2,2020-02-01,Sul,SC,Joinville,Marketplace,Livros,Produto A,28,1211.5,33922.12,27573.55,15032.85,9.9,4.15
2020,2,2020-02-01,Sul,RS,Porto Alegre,Site próprio,Casa,Produto B,2,729.51,1459.01,1017.54,262.71,2.2,2.97
2020,2,2020-02-01,Sul,RS,Caxias do Sul,Site próprio,Casa,Produto C,21,2112.82,44369.17,25955.04,13414.69,6.3,3.89
2020,3,2020-03-01,Norte,AM,Manaus,Marketplace,Beleza,Produto B,27,1681.5,45400.43,35673.7,9898.12,14.4,4.9
2020,3,2020-03-01,Norte,PA,Belém,Marketplace,Livros,Produto A,17,186.8,3175.64,2518.45,972.95,12.2,4.5
2020,3,2020-03-01,Norte,PA,Santarém,Aplicativo,Livros,Produto A,1,404.36,404.36,229.66,144.1,5.5,3.39
2020,3,2020-03-01,Norte,RO,Porto Velho,Aplicativo,Casa,Produto B,11,82.4,906.35,542.96,350.24,10.8,4.38
2020,3,2020-03-01,Norte,TO,Palmas,Aplicativo,Beleza,Produto D,21,729.85,15326.79,12052.74,5552.15,4.3,4.94
2020,3,2020-03-01,Nordeste,BA,Salvador,Site próprio,Eletrônicos,Produto B,25,1724.87,43121.79,28186.6,17081.3,7.6,2.79
2020,3,2020-03-01,Nordeste,BA,Feira de Santana,Aplicativo,Beleza,Produto B,8,1386.14,11089.11,8186.42,2992.07,10.9,2.64
2020,3,2020-03-01,Nordeste,PE,Recife,Site próprio,Moda,Produto A,19,703.64,13369.22,10711.01,5147.91,15.0,3.67
2020,3,2020-03-01,Nordeste,PE,Jaboatão dos Guararapes,Site próprio,Esporte,Produto A,16,280.68,4490.86,2574.57,1227.96,13.1,3.47
2020,3,2020-03-01,Nordeste,CE,Fortaleza,Site próprio,Moda,Produto B,28,2198.35,61553.74,47132.37,24184.95,7.6,4.48
2020,3,2020-03-01,Nordeste,CE,Juazeiro do Norte,Marketplace,Casa,Produto C,10,530.79,5307.92,4095.9,1161.66,14.9,3.86
2020,3,2020-03-01,Nordeste,MA,São Luís,Site próprio,Casa,Produto B,19,2208.02,41952.43,33150.09,10998.55,13.1,3.25
2020,3,2020-03-01,Nordeste,PB,João Pessoa,Site próprio,Casa,Produto D,5,2276.52,11382.61,6549.83,2638.4,9.8,3.75
2020,3,2020-03-01,Centro-Oeste,DF,Brasília,Site próprio,Moda,Produto D,18,742.03,13356.53,9132.51,4167.23,11.5,4.14
2020,3,2020-03-01,Centro-Oeste,GO,Goiânia,Aplicativo,Beleza,Produto B,7,2318.87,16232.09,13309.28,7107.02,12.6,4.13
2020,3,2020-03-01,Centro-Oeste,GO,Aparecida de Goiânia,Marketplace,Moda,Produto B,25,1426.97,35674.31,27283.41,14276.35,3.0,3.77
2020,3,2020-03-01,Centro-Oeste,MT,Cuiabá,Marketplace,Casa,Produto A,18,268.49,4832.91,3035.51,1487.95,6.3,4.41
2020,3,2020-03-01,Centro-Oeste,MS,Campo Grande,Aplicativo,Moda,Produto C,22,259.53,5709.61,3882.88,1893.96,2.2,2.92
2020,3,2020-03-01,Sudeste,SP,São Paulo,Marketplace,Moda,Produto C,10,2402.28,24022.8,15217.49,5708.81,11.3,4.09
2020,3,2020-03-01,Sudeste,SP,Campinas,Aplicativo,Casa,Produto B,15,793.23,11898.5,7485.07,4176.48,9.4,4.36
2020,3,2020-03-01,Sudeste,SP,Ribeirão Preto,Site próprio,Esporte,Produto D,6,1603.62,9621.71,7368.41,1854.02,9.7,4.97
2020,3,2020-03-01,Sudeste,RJ,Rio de Janeiro,Site próprio,Eletrônicos,Produto D,6,2263.9,13583.39,10702.84,4846.53,6.8,4.08
2020,3,2020-03-01,Sudeste,RJ,Niterói,Aplicativo,Esporte,Produto A,1,1470.75,1470.75,1108.89,455.23,7.0,3.54
2020,3,2020-03-01,Sudeste,RJ,Nova Iguaçu,Marketplace,Livros,Produto B,15,1271.61,19074.09,11250.78,7363.35,9.5,3.78
2020,3,2020-03-01,Sudeste,RJ,Petrópolis,Aplicativo,Livros,Produto C,23,862.81,19844.74,14685.27,5880.5,6.6,3.09
2020,3,2020-03-01,Sudeste,MG,Belo Horizonte,Marketplace,Eletrônicos,Produto D,4,805.25,3221.0,2614.82,1011.14,5.1,4.99
2020,3,2020-03-01,Sudeste,MG,Uberlândia,Marketplace,Beleza,Produto D,28,101.32,2836.94,2002.36,1035.16,9.4,4.71
2020,3,2020-03-01,Sudeste,MG,Juiz de Fora,Marketplace,Esporte,Produto D,23,2143.37,49297.54,36617.39,16337.66,13.4,2.58
2020,3,2020-03-01,Sudeste,ES,Vitória,Site próprio,Esporte,Produto B,8,2072.33,16578.65,12440.76,7051.73,14.0,3.57
2020,3,2020-03-01,Sudeste,ES,Vila Velha,Aplicativo,Eletrônicos,Produto B,20,1067.78,21355.67,12059.63,5066.96,5.7,2.67
2020,3,2020-03-01,Sudeste,ES,Serra,Aplicativo,Esporte,Produto B,4,303.37,1213.48,825.9,304.43,10.2,3.71
2020,3,2020-03-01,Sul,PR,Curitiba,Aplicativo,Beleza,Produto B,24,2164.72,51953.23,42053.55,19220.44,11.9,4.02
2020,3,2020-03-01,Sul,PR,Londrina,Site próprio,Beleza,Produto D,15,1755.6,26333.94,19401.24,8491.15,9.3,3.89
2020,3,2020-03-01,Sul,SC,Florianópolis,Site próprio,Casa,Produto C,29,614.2,17811.78,11033.08,7957.05,9.2,4.66
2020,3,2020-03-01,Sul,SC,Joinville,Aplicativo,Moda,Produto A,11,1501.78,16519.56,9582.77,6787.26,3.3,3.09
2020,3,2020-03-01,Sul,RS,Porto Alegre,Site próprio,Moda,Produto A,23,323.26,7434.95,4542.86,1610.66,4.5,4.84
2020,3,2020-03-01,Sul,RS,Caxias do Sul,Site próprio,Casa,Produto C,26,1710.84,44481.74,30406.6,19553.75,13.0,4.36
2020,4,2020-04-01,Norte,AM,Manaus,Site próprio,Beleza,Produto D,22,1690.66,37194.49,29875.9,10752.55,13.9,3.17
2020,4,2020-04-01,Norte,PA,Belém,Marketplace,Casa,Produto A,21,348.64,7321.54,4809.0,1713.7,14.1,4.36
2020,4,2020-04-01,Norte,PA,Santarém,Marketplace,Moda,Produto B,26,155.99,4055.83,2664.42,924.57,8.0,4.96
2020,4,2020-04-01,Norte,RO,Porto Velho,Site próprio,Beleza,Produto D,12,694.82,8337.85,4914.1,1829.26,8.0,3.37
2020,4,2020-04-01,Norte,TO,Palmas,Site próprio,Beleza,Produto B,11,2255.86,24814.42,17260.93,8167.6,12.2,3.41
2020,4,2020-04-01,Nordeste,BA,Salvador,Aplicativo,Beleza,Produto C,21,2059.65,43252.68,27138.5,8187.79,7.8,3.45
2020,4,2020-04-01,Nordeste,BA,Feira de Santana,Aplicativo,Moda,Produto D,5,855.04,4275.18,3143.63,1905.61,12.8,3.31
2020,4,2020-04-01,Nordeste,PE,Recife,Site próprio,Moda,Produto A,21,1523.95,32002.92,23030.56,8250.0,4.5,4.39
2020,4,2020-04-01,Nordeste,PE,Jaboatão dos Guararapes,Site próprio,Casa,Produto C,12,1242.45,14909.39,8622.89,4274.05,5.2,4.43
2020,4,2020-04-01,Nordeste,CE,Fortaleza,Aplicativo,Beleza,Produto C,4,1992.88,7971.51,6041.84,2601.99,5.0,2.95
2020,4,2020-04-01,Nordeste,CE,Juazeiro do Norte,Site próprio,Esporte,Produto A,20,65.57,1311.47,990.25,320.78,2.5,4.11
2020,4,2020-04-01,Nordeste,MA,São Luís,Aplicativo,Beleza,Produto D,23,2366.82,54436.85,44242.74,15129.8,13.9,4.61
2020,4,2020-04-01,Nordeste,PB,João Pessoa,Site próprio,Esporte,Produto B,4,2092.4,8369.59,5937.23,2376.68,5.5,3.77
2020,4,2020-04-01,Centro-Oeste,DF,Brasília,Aplicativo,Eletrônicos,Produto A,11,393.45,4327.93,3034.83,940.15,6.5,2.58
2020,4,2020-04-01,Centro-Oeste,GO,Goiânia,Aplicativo,Beleza,Produto D,3,1013.51,3040.52,2047.5,911.7,2.1,4.54
2020,4,2020-04-01,Centro-Oeste,GO,Aparecida de Goiânia,Marketplace,Eletrônicos,Produto D,3,1534.2,4602.6,2808.56,936.4,2.6,3.94
2020,4,2020-04-01,Centro-Oeste,MT,Cuiabá,Site próprio,Esporte,Produto B,4,1407.79,5631.15,3317.15,2292.87,6.0,3.43
2020,4,2020-04-01,Centro-Oeste,MS,Campo Grande,Marketplace,Beleza,Produto A,10,2129.09,21290.89,14422.75,8011.28,9.3,3.44
2020,4,2020-04-01,Sudeste,SP,São Paulo,Site próprio,Casa,Produto B,5,796.95,3984.74,2394.77,1335.23,2.8,2.67
2020,4,2020-04-01,Sudeste,SP,Campinas,Aplicativo,Livros,Produto D,12,628.33,7540.0,4182.46,1427.96,7.4,3.53
2020,4,2020-04-01,Sudeste,SP,Ribeirão Preto,Marketplace,Esporte,Produto D,18,1142.48,20564.61,12816.81,7148.77,11.9,2.68
2020,4,2020-04-01,Sudeste,RJ,Rio de Janeiro,Aplicativo,Esporte,Produto B,12,620.99,7451.94,4995.01,1939.03,3.6,3.61
2020,4,2020-04-01,Sudeste,RJ,Niterói,Aplicativo,Esporte,Produto A,11,1062.61,11688.75,7744.47,2627.44,8.3,4.85
2020,4,2020-04-01,Sudeste,RJ,Nova Iguaçu,Marketplace,Casa,Produto D,23,1865.98,42917.59,29902.61,19069.25,2.1,3.26
2020,4,2020-04-01,Sudeste,RJ,Petrópolis,Marketplace,Casa,Produto B,15,2470.25,37053.68,27115.24,8889.33,2.8,3.91
2020,4,2020-04-01,Sudeste,MG,Belo Horizonte,Aplicativo,Eletrônicos,Produto B,3,2029.39,6088.16,4601.27,1884.22,13.5,3.33
2020,4,2020-04-01,Sudeste,MG,Uberlândia,Marketplace,Esporte,Produto B,21,2281.16,47904.33,35746.69,12018.94,13.3,3.49
2020,4,2020-04-01,Sudeste,MG,Juiz de Fora,Aplicativo,Esporte,Produto D,18,1154.73,20785.11,16417.86,5161.42,6.4,4.35
2020,4,2020-04-01,Sudeste,ES,Vitória,Aplicativo,Moda,Produto A,21,2306.72,48441.05,33695.63,10203.75,8.0,3.47
2020,4,2020-04-01,Sudeste,ES,Vila Velha,Aplicativo,Moda,Produto C,15,2142.82,32142.33,18516.39,9439.16,11.4,4.42
2020,4,2020-04-01,Sudeste,ES,Serra,Marketplace,Esporte,Produto C,12,195.29,2343.48,1491.38,624.98,6.3,2.8
2020,4,2020-04-01,Sul,PR,Curitiba,Site próprio,Eletrônicos,Produto B,14,2226.08,31165.14,21676.24,5931.97,11.1,3.82
2020,4,2020-04-01,Sul,PR,Londrina,Site próprio,Beleza,Produto A,6,617.53,3705.19,2988.14,1448.71,14.6,3.36
2020,4,2020-04-01,Sul,SC,Florianópolis,Marketplace,Esporte,Produto D,18,488.8,8798.48,6545.46,2931.75,11.3,3.09
2020,4,2020-04-01,Sul,SC,Joinville,Site próprio,Moda,Produto D,16,836.82,13389.19,9251.8,3850.4,5.5,2.8
2020,4,2020-04-01,Sul,RS,Porto Alegre,Aplicativo,Casa,Produto B,25,95.57,2389.36,1727.96,482.89,12.7,4.95
2020,4,2020-04-01,Sul,RS,Caxias do Sul,Aplicativo,Livros,Produto C,24,590.08,14161.85,9463.02,5306.11,13.5,2.78
2020,5,2020-05-01,Norte,AM,Manaus,Marketplace,Moda,Produto C,16,651.17,10418.7,6405.72,3250.32,14.4,4.77
2020,5,2020-05-01,Norte,PA,Belém,Aplicativo,Moda,Produto C,10,1068.53,10685.34,8208.33,3566.26,4.1,4.16
2020,5,2020-05-01,Norte,PA,Santarém,Marketplace,Moda,Produto A,18,621.42,11185.58,6880.51,3444.98,4.0,4.02
2020,5,2020-05-01,Norte,RO,Porto Velho,Aplicativo,Livros,Produto B,25,758.41,18960.27,12290.07,7242.17,4.5,3.69
2020,5,2020-05-01,Norte,TO,Palmas,Aplicativo,Esporte,Produto A,6,2264.15,13584.88,8682.59,2532.48,8.7,4.73
2020,5,2020-05-01,Nordeste,BA,Salvador,Marketplace,Moda,Produto A,14,1472.9,20620.58,15589.47,7796.2,8.3,3.94
2020,5,2020-05-01,Nordeste,BA,Feira de Santana,Aplicativo,Eletrônicos,Produto C,8,1759.8,14078.4,11112.34,4083.71,10.4,3.03
2020,5,2020-05-01,Nordeste,PE,Recife,Site próprio,Moda,Produto A,3,1237.42,3712.27,2928.69,943.74,4.7,4.84
2020,5,2020-05-01,Nordeste,PE,Jaboatão dos Guararapes,Site próprio,Casa,Produto B,11,840.76,9248.35,6054.41,3407.42,3.2,4.96
2020,5,2020-05-01,Nordeste,CE,Fortaleza,Marketplace,Moda,Produto A,26,180.01,4680.35,2774.03,1600.19,9.5,4.33
2020,5,2020-05-01,Nordeste,CE,Juazeiro do Norte,Aplicativo,Casa,Produto D,11,177.28,1950.06,1307.3,753.45,12.1,4.78
2020,5,2020-05-01,Nordeste,MA,São Luís,Marketplace,Esporte,Produto C,14,1394.0,19515.95,12321.11,3980.48,7.9,4.27
2020,5,2020-05-01,Nordeste,PB,João Pessoa,Marketplace,Esporte,Produto D,6,1991.02,11946.09,9656.84,5339.64,3.0,2.89
2020,5,2020-05-01,Centro-Oeste,DF,Brasília,Aplicativo,Beleza,Produto D,28,1761.78,49329.95,38859.38,17920.32,13.4,3.8
2020,5,2020-05-01,Centro-Oeste,GO,Goiânia,Aplicativo,Livros,Produto C,14,2209.15,30928.14,21599.33,13755.87,13.3,3.93
2020,5,2020-05-01,Centro-Oeste,GO,Aparecida de Goiânia,Marketplace,Esporte,Produto B,28,2427.56,67971.66,51609.66,19603.08,14.8,4.13
2020,5,2020-05-01,Centro-Oeste,MT,Cuiabá,Marketplace,Moda,Produto D,14,2372.31,33212.36,20706.37,10917.66,12.3,3.02
2020,5,2020-05-01,Centro-Oeste,MS,Campo Grande,Marketplace,Moda,Produto C,16,2140.2,34243.13,25090.56,11136.61,14.4,4.34
2020,5,2020-05-01,Sudeste,SP,São Paulo,Site próprio,Livros,Produto C,10,2318.64,23186.4,16132.11,5474.19,12.1,2.88
2020,5,2020-05-01,Sudeste,SP,Campinas,Aplicativo,Livros,Produto C,18,846.93,15244.82,9736.78,3018.2,2.2,3.26
2020,5,2020-05-01,Sudeste,SP,Ribeirão Preto,Aplicativo,Beleza,Produto B,28,2094.37,58642.33,43412.76,12551.69,7.8,2.69
2020,5,2020-05-01,Sudeste,RJ,Rio de Janeiro,Site próprio,Beleza,Produto A,15,956.9,14353.56,10952.86,3212.56,13.2,4.53
2020,5,2020-05-01,Sudeste,RJ,Niterói,Site próprio,Moda,Produto D,13,104.71,1361.25,982.68,604.3,12.3,2.72
2020,5,2020-05-01,Sudeste,RJ,Nova Iguaçu,Marketplace,Beleza,Produto B,9,1752.08,15768.71,10116.98,6933.87,13.3,4.42
2020,5,2020-05-01,Sudeste,RJ,Petrópolis,Marketplace,Beleza,Produto B,2,2168.94,4337.88,3080.83,1105.88,2.4,4.61
2020,5,2020-05-01,Sudeste,MG,Belo Horizonte,Aplicativo,Livros,Produto A,26,1217.37,31651.7,18794.62,7048.94,11.0,4.19
2020,5,2020-05-01,Sudeste,MG,Uberlândia,Site próprio,Beleza,Produto C,18,1902.33,34241.89,22840.15,7922.44,12.2,3.75
2020,5,2020-05-01,Sudeste,MG,Juiz de Fora,Site próprio,Esporte,Produto D,9,643.86,5794.76,4584.43,1659.02,2.4,3.28
2020,5,2020-05-01,Sudeste,ES,Vitória,Site próprio,Casa,Produto A,2,2129.35,4258.71,3460.69,1438.62,10.3,4.01
2020,5,2020-05-01,Sudeste,ES,Vila Velha,Aplicativo,Moda,Produto A,5,1246.41,6232.05,3985.66,1612.7,7.1,4.82
2020,5,2020-05-01,Sudeste,ES,Serra,Aplicativo,Livros,Produto C,27,607.15,16392.96,12933.24,7011.36,3.8,3.15
2020,5,2020-05-01,Sul,PR,Curitiba,Aplicativo,Eletrônicos,Produto D,6,2160.12,12960.7,8304.77,4459.34,7.7,3.61
2020,5,2020-05-01,Sul,PR,Londrina,Aplicativo,Livros,Produto D,18,2258.18,40647.17,30869.29,11224.47,13.3,2.98
2020,5,2020-05-01,Sul,SC,Florianópolis,Site próprio,Moda,Produto C,19,1036.03,19684.66,15554.62,7522.98,13.9,3.8
2020,5,2020-05-01,Sul,SC,Joinville,Site próprio,Esporte,Produto B,11,1686.13,18547.44,14220.35,7666.95,10.9,4.01
2020,5,2020-05-01,Sul,RS,Porto Alegre,Aplicativo,Eletrônicos,Produto D,28,2255.94,63166.31,50650.27,21398.78,11.3,4.96
2020,5,2020-05-01,Sul,RS,Caxias do Sul,Aplicativo,Casa,Produto D,9,531.5,4783.54,3428.25,1352.23,8.1,3.89
2020,6,2020-06-01,Norte,AM,Manaus,Aplicativo,Livros,Produto B,27,1184.66,31985.72,19412.58,12489.31,5.3,4.31
2020,6,2020-06-01,Norte,PA,Belém,Aplicativo,Eletrônicos,Produto B,11,1706.03,18766.38,10577.12,6229.21,3.8,2.52
2020,6,2020-06-01,Norte,PA,Santarém,Marketplace,Eletrônicos,Produto A,9,211.8,1906.22,1501.42,587.96,5.2,4.31
2020,6,2020-06-01,Norte,RO,Porto Velho,Marketplace,Eletrônicos,Produto C,1,700.42,700.42,392.68,229.6,13.4,2.8
2020,6,2020-06-01,Norte,TO,Palmas,Site próprio,Beleza,Produto C,18,1121.94,20194.89,11269.52,5650.89,11.5,3.48
2020,6,2020-06-01,Nordeste,BA,Salvador,Marketplace,Beleza,Produto C,22,2464.03,54208.6,38683.24,17305.38,5.5,3.57
2020,6,2020-06-01,Nordeste,BA,Feira de Santana,Site próprio,Casa,Produto B,11,1008.97,11098.66,7234.52,4131.2,11.2,2.87
2020,6,2020-06-01,Nordeste,PE,Recife,Aplicativo,Esporte,Produto A,24,1980.88,47541.13,37155.68,12165.82,10.2,4.84
2020,6,2020-06-01,Nordeste,PE,Jaboatão dos Guararapes,Marketplace,Beleza,Produto A,7,2433.51,17034.55,10827.09,3486.21,11.4,3.63
2020,6,2020-06-01,Nordeste,CE,Fortaleza,Aplicativo,Eletrônicos,Produto D,14,1685.46,23596.43,14798.25,8293.89,14.4,2.68
2020,6,2020-06-01,Nordeste,CE,Juazeiro do Norte,Aplicativo,Eletrônicos,Produto A,16,1622.64,25962.24,16240.66,5035.95,5.0,2.78
2020,6,2020-06-01,Nordeste,MA,São Luís,Site próprio,Beleza,Produto D,22,287.03,6314.65,4703.46,1819.61,5.5,4.64
2020,6,2020-06-01,Nordeste,PB,João Pessoa,Marketplace,Eletrônicos,Produto B,21,537.63,11290.25,7065.17,3218.06,2.0,3.29
2020,6,2020-06-01,Centro-Oeste,DF,Brasília,Marketplace,Eletrônicos,Produto A,21,337.75,7092.72,4252.59,2461.28,12.1,4.93
2020,6,2020-06-01,Centro-Oeste,GO,Goiânia,Marketplace,Casa,Produto B,6,1625.32,9751.92,6063.21,1855.94,7.2,4.01
2020,6,2020-06-01,Centro-Oeste,GO,Aparecida de Goiânia,Site próprio,Livros,Produto A,4,2071.19,8284.77,6401.65,2194.67,9.4,4.45
2020,6,2020-06-01,Centro-Oeste,MT,Cuiabá,Aplicativo,Beleza,Produto B,26,769.45,20005.75,14655.53,5456.0,11.3,2.59
2020,6,2020-06-01,Centro-Oeste,MS,Campo Grande,Aplicativo,Beleza,Produto A,9,1759.89,15839.04,11931.85,3915.98,14.8,4.58
2020,6,2020-06-01,Sudeste,SP,São Paulo,Marketplace,Beleza,Produto A,27,813.42,21962.23,16638.83,6111.53,7.7,4.31
2020,6,2020-06-01,Sudeste,SP,Campinas,Aplicativo,Livros,Produto A,28,1384.56,38767.8,30322.3,7238.41,8.5,4.41
2020,6,2020-06-01,Sudeste,SP,Ribeirão Preto,Marketplace,Casa,Produto B,9,795.18,7156.66,4723.55,2500.07,10.5,3.54
2020,6,2020-06-01,Sudeste,RJ,Rio de Janeiro,Marketplace,Casa,Produto A,13,1318.68,17142.88,12409.13,3184.64,12.9,2.52
2020,6,2020-06-01,Sudeste,RJ,Niterói,Aplicativo,Eletrônicos,Produto D,23,179.35,4124.94,2606.1,908.85,3.7,4.63
2020,6,2020-06-01,Sudeste,RJ,Nova Iguaçu,Site próprio,Livros,Produto C,6,360.16,2160.99,1341.37,600.06,2.8,3.82
2020,6,2020-06-01,Sudeste,RJ,Petrópolis,Aplicativo,Beleza,Produto C,14,164.36,2301.06,1843.24,586.74,5.4,4.09
2020,6,2020-06-01,Sudeste,MG,Belo Horizonte,Aplicativo,Esporte,Produto C,8,77.66,621.31,474.8,171.02,9.4,4.13
2020,6,2020-06-01,Sudeste,MG,Uberlândia,Aplicativo,Esporte,Produto D,18,686.24,12352.32,8300.94,3174.45,15.0,3.46
2020,6,2020-06-01,Sudeste,MG,Juiz de Fora,Aplicativo,Moda,Produto C,28,1070.73,29980.31,23570.13,11515.45,4.2,3.53
2020,6,2020-06-01,Sudeste,ES,Vitória,Site próprio,Livros,Produto A,25,465.37,11634.18,8863.41,3384.24,10.2,2.7
2020,6,2020-06-01,Sudeste,ES,Vila Velha,Marketplace,Moda,Produto B,3,1281.32,3843.97,2173.13,911.46,7.6,3.19
2020,6,2020-06-01,Sudeste,ES,Serra,Aplicativo,Moda,Produto D,15,339.76,5096.36,3379.18,971.3,11.0,2.69
2020,6,2020-06-01,Sul,PR,Curitiba,Site próprio,Eletrônicos,Produto B,19,211.18,4012.35,3105.65,1727.63,10.9,4.86
2020,6,2020-06-01,Sul,PR,Londrina,Marketplace,Eletrônicos,Produto D,10,1647.43,16474.31,10647.75,3483.04,5.4,4.37
2020,6,2020-06-01,Sul,SC,Florianópolis,Site próprio,Livros,Produto B,15,419.75,6296.23,3582.29,1734.27,13.2,4.11
2020,6,2020-06-01,Sul,SC,Joinville,Aplicativo,Esporte,Produto A,25,214.3,5357.54,3680.46,2203.06,13.7,3.53
2020,6,2020-06-01,Sul,RS,Porto Alegre,Aplicativo,Casa,Produto C,11,140.52,1545.73,1052.23,422.21,5.8,4.88
2020,6,2020-06-01,Sul,RS,Caxias do Sul,Marketplace,Eletrônicos,Produto B,8,1903.54,15228.3,8449.97,6098.82,6.6,3.72
2020,7,2020-07-01,Norte,AM,Manaus,Site próprio,Beleza,Produto C,15,566.76,8501.33,6967.61,2960.91,8.0,3.51
2020,7,2020-07-01,Norte,PA,Belém,Marketplace,Casa,Produto D,14,2058.47,28818.59,18239.02,11362.44,2.9,4.82
2020,7,2020-07-01,Norte,PA,Santarém,Marketplace,Beleza,Produto C,27,2059.07,55594.86,36574.3,18658.36,8.0,2.85
2020,7,2020-07-01,Norte,RO,Porto Velho,Marketplace,Eletrônicos,Produto A,13,507.36,6595.63,3688.61,1952.61,3.2,3.74
2020,7,2020-07-01,Norte,TO,Palmas,Site próprio,Casa,Produto B,11,287.46,3162.01,2169.03,1307.91,2.2,4.95
2020,7,2020-07-01,Nordeste,BA,Salvador,Site próprio,Beleza,Produto A,8,939.39,7515.14,4851.44,3277.71,9.4,4.03
2020,7,2020-07-01,Nordeste,BA,Feira de Santana,Site próprio,Beleza,Produto C,5,767.61,3838.07,2534.95,863.87,8.7,2.52
2020,7,2020-07-01,Nordeste,PE,Recife,Marketplace,Beleza,Produto C,29,1847.71,53583.47,43019.3,15158.12,3.0,2.82
2020,7,2020-07-01,Nordeste,PE,Jaboatão dos Guararapes,Aplicativo,Beleza,Produto B,14,1941.09,27175.2,16245.53,8357.78,8.8,3.32
2020,7,2020-07-01,Nordeste,CE,Fortaleza,Site próprio,Beleza,Produto A,17,1832.86,31158.59,22982.99,12039.29,2.9,3.62
2020,7,2020-07-01,Nordeste,CE,Juazeiro do Norte,Marketplace,Esporte,Produto C,22,1106.73,24347.97,15002.13,10132.24,14.8,2.91
2020,7,2020-07-01,Nordeste,MA,São Luís,Marketplace,Livros,Produto D,26,1543.75,40137.6,30812.31,11791.71,2.7,4.8
2020,7,2020-07-01,Nordeste,PB,João Pessoa,Aplicativo,Casa,Produto A,13,298.02,3874.22,2670.28,909.7,10.3,4.84
2020,7,2020-07-01,Centro-Oeste,DF,Brasília,Aplicativo,Eletrônicos,Produto B,4,739.19,2956.77,1964.17,904.02,10.0,3.32
2020,7,2020-07-01,Centro-Oeste,GO,Goiânia,Marketplace,Casa,Produto D,28,1189.88,33316.68,23460.59,14440.94,13.4,4.37
2020,7,2020-07-01,Centro-Oeste,GO,Aparecida de Goiânia,Site próprio,Esporte,Produto B,27,446.36,12051.72,6847.18,4526.12,14.6,3.98
2020,7,2020-07-01,Centro-Oeste,MT,Cuiabá,Marketplace,Esporte,Produto C,19,2158.69,41015.16,32551.29,14713.15,4.4,3.03
2020,7,2020-07-01,Centro-Oeste,MS,Campo Grande,Marketplace,Livros,Produto B,4,2169.75,8679.0,6368.98,1834.44,9.4,2.66
2020,7,2020-07-01,Sudeste,SP,São Paulo,Site próprio,Livros,Produto B,7,1608.89,11262.22,7339.31,3413.95,2.3,3.46
2020,7,2020-07-01,Sudeste,SP,Campinas,Site próprio,Esporte,Produto D,19,642.56,12208.66,8961.75,3706.55,8.1,3.41
2020,7,2020-07-01,Sudeste,SP,Ribeirão Preto,Site próprio,Eletrônicos,Produto A,2,2321.58,4643.16,3781.67,1789.24,4.2,2.98
2020,7,2020-07-01,Sudeste,RJ,Rio de Janeiro,Marketplace,Casa,Produto C,21,224.27,4709.61,2813.59,1894.21,5.8,2.95
2020,7,2020-07-01,Sudeste,RJ,Niterói,Marketplace,Moda,Produto B,24,639.88,15357.01,11667.9,5977.86,3.2,2.69
2020,7,2020-07-01,Sudeste,RJ,Nova Iguaçu,Site próprio,Moda,Produto C,5,1814.63,9073.15,6695.37,3216.97,5.2,4.95
2020,7,2020-07-01,Sudeste,RJ,Petrópolis,Site próprio,Livros,Produto D,1,1158.9,1158.9,646.15,256.53,7.5,2.67
2020,7,2020-07-01,Sudeste,MG,Belo Horizonte,Site próprio,Beleza,Produto C,15,114.5,1717.53,1259.49,478.55,5.0,4.54
2020,7,2020-07-01,Sudeste,MG,Uberlândia,Aplicativo,Livros,Produto D,17,754.3,12823.14,9626.64,2958.09,7.0,4.49
2020,7,2020-07-01,Sudeste,MG,Juiz de Fora,Aplicativo,Esporte,Produto D,6,2005.99,12035.93,9418.85,3406.31,6.3,3.6
2020,7,2020-07-01,Sudeste,ES,Vitória,Site próprio,Moda,Produto C,10,803.83,8038.25,5294.23,3007.06,13.2,2.67
2020,7,2020-07-01,Sudeste,ES,Vila Velha,Aplicativo,Esporte,Produto A,25,598.03,14950.8,12016.82,6309.47,14.0,2.69
2020,7,2020-07-01,Sudeste,ES,Serra,Aplicativo,Eletrônicos,Produto C,28,2321.06,64989.75,42882.48,16057.36,13.8,2.63
2020,7,2020-07-01,Sul,PR,Curitiba,Marketplace,Casa,Produto C,4,1450.2,5800.8,3551.15,1780.4,5.7,3.95
2020,7,2020-07-01,Sul,PR,Londrina,Marketplace,Esporte,Produto B,10,1099.08,10990.84,7354.23,2676.49,11.7,4.24
2020,7,2020-07-01,Sul,SC,Florianópolis,Site próprio,Esporte,Produto C,15,240.69,3610.31,2675.13,1009.17,12.0,3.86
2020,7,2020-07-01,Sul,SC,Joinville,Site próprio,Casa,Produto D,12,2110.84,25330.03,19502.77,11182.37,4.4,2.79
2020,7,2020-07-01,Sul,RS,Porto Alegre,Site próprio,Livros,Produto D,29,1151.26,33386.4,25102.6,11362.85,4.3,3.38
2020,7,2020-07-01,Sul,RS,Caxias do Sul,Site próprio,Esporte,Produto D,3,1205.86,3617.58,2097.06,826.89,9.4,4.29
2020,8,2020-08-01,Norte,AM,Manaus,Marketplace,Casa,Produto B,8,871.97,6975.77,4378.52,2066.2,6.5,4.97
2020,8,2020-08-01,Norte,PA,Belém,Site próprio,Beleza,Produto D,24,908.7,21808.76,15103.12,9154.07,8.9,2.61
2020,8,2020-08-01,Norte,PA,Santarém,Site próprio,Eletrônicos,Produto D,2,2393.84,4787.68,3070.8,1322.53,4.4,3.48
2020,8,2020-08-01,Norte,RO,Porto Velho,Aplicativo,Esporte,Produto C,1,1658.61,1658.61,997.49,424.35,5.8,3.43
2020,8,2020-08-01,Norte,TO,Palmas,Site próprio,Beleza,Produto A,23,345.73,7951.76,4711.07,2775.7,11.4,4.66
2020,8,2020-08-01,Nordeste,BA,Salvador,Aplicativo,Esporte,Produto C,14,643.02,9002.24,7035.53,3503.21,6.3,3.8
2020,8,2020-08-01,Nordeste,BA,Feira de Santana,Aplicativo,Casa,Produto B,29,1045.61,30322.66,22356.04,9400.48,7.8,4.67
2020,8,2020-08-01,Nordeste,PE,Recife,Aplicativo,Esporte,Produto D,24,629.53,15108.77,9749.25,6314.07,5.0,4.83
2020,8,2020-08-01,Nordeste,PE,Jaboatão dos Guararapes,Site próprio,Beleza,Produto D,25,962.09,24052.36,18058.68,5953.17,3.9,4.65
2020,8,2020-08-01,Nordeste,CE,Fortaleza,Marketplace,Livros,Produto A,4,2030.83,8123.33,6657.16,3645.36,12.1,3.6
2020,8,2020-08-01,Nordeste,CE,Juazeiro do Norte,Aplicativo,Moda,Produto A,3,600.53,1801.58,1431.48,640.55,9.5,2.82
2020,8,2020-08-01,Nordeste,MA,São Luís,Site próprio,Casa,Produto C,27,1443.33,38969.94,28346.03,9822.05,14.3,4.44
2020,8,2020-08-01,Nordeste,PB,João Pessoa,Site próprio,Eletrônicos,Produto D,15,1106.33,16595.01,12195.37,7320.18,8.6,3.38
2020,8,2020-08-01,Centro-Oeste,DF,Brasília,Site próprio,Esporte,Produto B,10,1313.23,13132.26,8821.35,5340.56,8.1,3.71
2020,8,2020-08-01,Centro-Oeste,GO,Goiânia,Marketplace,Moda,Produto A,9,778.47,7006.21,5155.8,2774.33,14.2,3.27
2020,8,2020-08-01,Centro-Oeste,GO,Aparecida de Goiânia,Marketplace,Esporte,Produto A,1,1938.18,1938.18,1239.42,866.76,11.4,4.69
2020,8,2020-08-01,Centro-Oeste,MT,Cuiabá,Site próprio,Casa,Produto D,18,2059.01,37062.14,25093.44,8717.65,10.5,4.07
2020,8,2020-08-01,Centro-Oeste,MS,Campo Grande,Aplicativo,Livros,Produto A,19,1953.76,37121.45,22880.62,16579.26,8.8,4.14
2020,8,2020-08-01,Sudeste,SP,São Paulo,Marketplace,Livros,Produto C,26,1665.25,43296.39,30776.8,14301.27,13.1,2.73
2020,8,2020-08-01,Sudeste,SP,Campinas,Aplicativo,Livros,Produto C,29,1617.86,46918.04,28641.51,19769.24,2.0,2.73
2020,8,2020-08-01,Sudeste,SP,Ribeirão Preto,Site próprio,Beleza,Produto D,5,2488.39,12441.97,9782.93,5132.43,9.0,4.15
2020,8,2020-08-01,Sudeste,RJ,Rio de Janeiro,Site próprio,Moda,Produto C,5,2118.54,10592.69,8369.79,3907.95,14.5,3.67
2020,8,2020-08-01,Sudeste,RJ,Niterói,Marketplace,Esporte,Produto A,8,419.29,3354.34,1990.99,1004.12,9.1,3.73
2020,8,2020-08-01,Sudeste,RJ,Nova Iguaçu,Aplicativo,Livros,Produto B,7,2070.93,14496.48,11724.07,4838.27,5.6,4.48
2020,8,2020-08-01,Sudeste,RJ,Petrópolis,Site próprio,Esporte,Produto B,13,1739.46,22612.93,15205.78,9673.76,14.8,3.29
2020,8,2020-08-01,Sudeste,MG,Belo Horizonte,Site próprio,Eletrônicos,Produto D,15,2005.69,30085.38,17896.69,5436.95,14.1,4.01
2020,8,2020-08-01,Sudeste,MG,Uberlândia,Aplicativo,Esporte,Produto C,19,1699.81,32296.46,19339.04,7627.42,3.8,3.65
2020,8,2020-08-01,Sudeste,MG,Juiz de Fora,Aplicativo,Casa,Produto D,1,2193.36,2193.36,1633.47,854.83,14.2,2.91
2020,8,2020-08-01,Sudeste,ES,Vitória,Site próprio,Beleza,Produto B,3,1929.75,5789.26,3729.66,2255.72,14.7,4.94
2020,8,2020-08-01,Sudeste,ES,Vila Velha,Aplicativo,Moda,Produto C,9,545.89,4912.98,3600.0,1223.92,14.4,4.64
2020,8,2020-08-01,Sudeste,ES,Serra,Site próprio,Moda,Produto D,13,440.7,5729.08,4342.05,2079.36,4.6,4.2
2020,8,2020-08-01,Sul,PR,Curitiba,Aplicativo,Beleza,Produto B,29,449.47,13034.61,8959.06,4523.62,2.3,4.83
2020,8,2020-08-01,Sul,PR,Londrina,Aplicativo,Livros,Produto C,28,2158.11,60427.09,34936.27,23762.97,13.2,3.88
2020,8,2020-08-01,Sul,SC,Florianópolis,Marketplace,Livros,Produto A,6,889.99,5339.91,3801.98,2263.32,13.5,4.17
2020,8,2020-08-01,Sul,SC,Joinville,Marketplace,Esporte,Produto B,9,698.44,6285.93,4113.0,1596.14,2.7,3.69
2020,8,2020-08-01,Sul,RS,Porto Alegre,Marketplace,Esporte,Produto C,11,1086.75,11954.21,8581.69,3886.65,13.8,3.22
2020,8,2020-08-01,Sul,RS,Caxias do Sul,Site próprio,Moda,Produto C,13,1504.54,19558.97,12612.9,5474.44,8.9,4.87
2020,9,2020-09-01,Norte,AM,Manaus,Aplicativo,Casa,Produto A,4,1237.96,4951.85,3237.14,907.04,8.5,3.84
2020,9,2020-09-01,Norte,PA,Belém,Site próprio,Eletrônicos,Produto C,22,208.75,4592.5,3486.01,1189.82,10.2,3.13
2020,9,2020-09-01,Norte,PA,Santarém,Aplicativo,Livros,Produto D,9,2086.57,18779.12,13047.16,3386.48,14.8,3.83
2020,9,2020-09-01,Norte,RO,Porto Velho,Marketplace,Beleza,Produto B,4,1893.74,7574.95,5273.33,1993.26,4.6,3.45
2020,9,2020-09-01,Norte,TO,Palmas,Marketplace,Casa,Produto A,2,943.08,1886.16,1521.85,617.29,7.6,2.84
2020,9,2020-09-01,Nordeste,BA,Salvador,Aplicativo,Esporte,Produto C,22,1219.64,26832.16,19258.16,5386.98,10.3,2.96
2020,9,2020-09-01,Nordeste,BA,Feira de Santana,Site próprio,Livros,Produto D,27,72.81,1965.83,1228.8,529.6,7.4,4.38
2020,9,2020-09-01,Nordeste,PE,Recife,Site próprio,Livros,Produto D,20,2120.29,42405.86,24271.71,14400.85,12.5,2.51
2020,9,2020-09-01,Nordeste,PE,Jaboatão dos Guararapes,Site próprio,Beleza,Produto B,28,329.78,9233.77,6282.11,2893.3,4.1,3.68
2020,9,2020-09-01,Nordeste,CE,Fortaleza,Site próprio,Casa,Produto C,14,1924.49,26942.88,20677.18,10673.34,5.2,4.8
2020,9,2020-09-01,Nordeste,CE,Juazeiro do Norte,Site próprio,Moda,Produto C,21,1121.19,23544.94,16824.39,9135.51,13.5,3.56
2020,9,2020-09-01,Nordeste,MA,São Luís,Site próprio,Casa,Produto A,29,316.05,9165.34,6944.55,3188.48,14.4,3.64
2020,9,2020-09-01,Nordeste,PB,João Pessoa,Aplicativo,Moda,Produto A,14,1879.22,26309.13,20060.49,7312.63,14.3,3.28
2020,9,2020-09-01,Centro-Oeste,DF,Brasília,Site próprio,Esporte,Produto C,2,146.7,293.4,201.94,117.06,4.2,4.06
2020,9,2020-09-01,Centro-Oeste,GO,Goiânia,Aplicativo,Livros,Produto D,26,247.93,6446.11,4893.26,2412.54,5.3,4.35
2020,9,2020-09-01,Centro-Oeste,GO,Aparecida de Goiânia,Aplicativo,Eletrônicos,Produto D,27,1865.21,50360.6,28641.38,19486.49,9.8,4.18
2020,9,2020-09-01,Centro-Oeste,MT,Cuiabá,Site próprio,Beleza,Produto C,29,2489.48,72195.01,52268.73,13335.15,5.0,3.78
2020,9,2020-09-01,Centro-Oeste,MS,Campo Grande,Site próprio,Moda,Produto B,7,1562.75,10939.22,7572.62,3067.5,5.9,3.6
2020,9,2020-09-01,Sudeste,SP,São Paulo,Marketplace,Esporte,Produto A,4,2471.27,9885.08,6683.34,4025.59,10.9,4.52
2020,9,2020-09-01,Sudeste,SP,Campinas,Site próprio,Esporte,Produto C,15,957.4,14361.07,11352.51,5350.49,12.9,3.6
2020,9,2020-09-01,Sudeste,SP,Ribeirão Preto,Marketplace,Moda,Produto D,22,1682.04,37004.96,22294.77,9437.58,9.3,3.32
2020,9,2020-09-01,Sudeste,RJ,Rio de Janeiro,Marketplace,Esporte,Produto B,3,1393.91,4181.74,3296.52,890.56,5.0,2.65
2020,9,2020-09-01,Sudeste,RJ,Niterói,Aplicativo,Livros,Produto A,12,1731.68,20780.14,13929.43,4361.82,10.2,3.46
2020,9,2020-09-01,Sudeste,RJ,Nova Iguaçu,Aplicativo,Casa,Produto D,21,556.11,11678.29,9505.6,4731.25,3.6,4.39
2020,9,2020-09-01,Sudeste,RJ,Petrópolis,Aplicativo,Esporte,Produto B,12,2347.33,28167.92,17049.74,9280.31,6.2,4.86
2020,9,2020-09-01,Sudeste,MG,Belo Horizonte,Site próprio,Livros,Produto D,20,317.08,6341.51,3498.78,1368.64,3.9,3.55
2020,9,2020-09-01,Sudeste,MG,Uberlândia,Site próprio,Beleza,Produto D,10,1484.25,14842.55,8491.51,6299.55,14.1,4.81
2020,9,2020-09-01,Sudeste,MG,Juiz de Fora,Aplicativo,Eletrônicos,Produto A,18,773.55,13923.95,9670.1,4338.2,14.0,3.7
2020,9,2020-09-01,Sudeste,ES,Vitória,Aplicativo,Moda,Produto D,28,956.51,26782.33,19452.06,7365.05,14.1,3.69
2020,9,2020-09-01,Sudeste,ES,Vila Velha,Marketplace,Casa,Produto A,18,779.61,14033.03,10143.8,4738.5,6.1,2.53
2020,9,2020-09-01,Sudeste,ES,Serra,Aplicativo,Esporte,Produto A,28,775.77,21721.53,13674.77,7174.98,9.3,3.91
2020,9,2020-09-01,Sul,PR,Curitiba,Aplicativo,Eletrônicos,Produto D,26,1925.19,50054.81,35814.6,20005.76,14.8,4.77
2020,9,2020-09-01,Sul,PR,Londrina,Marketplace,Beleza,Produto A,13,445.85,5796.0,4500.5,1862.69,8.6,4.19
2020,9,2020-09-01,Sul,SC,Florianópolis,Site próprio,Casa,Produto D,5,1108.66,5543.31,4310.17,2205.66,6.2,4.52
2020,9,2020-09-01,Sul,SC,Joinville,Marketplace,Beleza,Produto B,26,280.04,7281.15,4276.24,2107.12,8.4,2.95
2020,9,2020-09-01,Sul,RS,Porto Alegre,Marketplace,Casa,Produto B,22,1439.42,31667.33,21621.36,6669.54,7.5,2.7
2020,9,2020-09-01,Sul,RS,Caxias do Sul,Site próprio,Esporte,Produto B,25,506.38,12659.6,8207.97,3306.42,9.9,3.24
2020,10,2020-10-01,Norte,AM,Manaus,Site próprio,Livros,Produto A,16,141.33,2261.24,1499.28,650.74,2.8,3.32
2020,10,2020-10-01,Norte,PA,Belém,Marketplace,Moda,Produto C,12,2313.13,27757.61,15470.56,7248.45,7.0,3.59
2020,10,2020-10-01,Norte,PA,Santarém,Marketplace,Eletrônicos,Produto A,27,807.65,21806.54,14850.65,7081.98,4.8,2.81
2020,10,2020-10-01,Norte,RO,Porto Velho,Aplicativo,Eletrônicos,Produto D,15,598.92,8983.84,6910.8,3159.1,2.6,4.67
2020,10,2020-10-01,Norte,TO,Palmas,Site próprio,Casa,Produto A,11,1643.57,18079.25,11028.06,4413.22,13.1,2.81
2020,10,2020-10-01,Nordeste,BA,Salvador,Site próprio,Esporte,Produto D,2,560.97,1121.94,651.87,480.01,14.2,3.99
2020,10,2020-10-01,Nordeste,BA,Feira de Santana,Aplicativo,Beleza,Produto D,2,658.27,1316.55,1005.38,579.5,4.9,3.96
2020,10,2020-10-01,Nordeste,PE,Recife,Marketplace,Livros,Produto A,8,1069.58,8556.66,5941.42,1556.7,3.3,4.77
2020,10,2020-10-01,Nordeste,PE,Jaboatão dos Guararapes,Marketplace,Esporte,Produto A,4,2383.41,9533.63,7239.51,3255.28,12.5,3.19
2020,10,2020-10-01,Nordeste,CE,Fortaleza,Site próprio,Esporte,Produto C,29,1331.35,38609.16,26787.86,10710.16,14.8,4.28
2020,10,2020-10-01,Nordeste,CE,Juazeiro do Norte,Marketplace,Eletrônicos,Produto B,23,1808.39,41593.03,27745.66,17930.81,6.0,4.5
2020,10,2020-10-01,Nordeste,MA,São Luís,Marketplace,Esporte,Produto D,20,676.46,13529.25,8356.16,5240.05,14.4,3.98
2020,10,2020-10-01,Nordeste,PB,João Pessoa,Marketplace,Esporte,Produto D,14,2125.3,29754.15,18448.49,10545.18,9.5,4.03
2020,10,2020-10-01,Centro-Oeste,DF,Brasília,Aplicativo,Beleza,Produto A,10,416.03,4160.34,3284.69,1173.88,9.9,2.64
2020,10,2020-10-01,Centro-Oeste,GO,Goiânia,Marketplace,Esporte,Produto D,16,502.32,8037.17,4595.31,2342.61,4.6,4.92
2020,10,2020-10-01,Centro-Oeste,GO,Aparecida de Goiânia,Marketplace,Casa,Produto C,13,1227.27,15954.52,12910.88,2910.34,14.9,4.09
2020,10,2020-10-01,Centro-Oeste,MT,Cuiabá,Marketplace,Livros,Produto B,27,1969.92,53187.75,43146.11,19087.83,8.9,4.94
2020,10,2020-10-01,Centro-Oeste,MS,Campo Grande,Aplicativo,Moda,Produto B,14,88.57,1240.03,751.45,462.58,4.4,2.6
2020,10,2020-10-01,Sudeste,SP,São Paulo,Marketplace,Eletrônicos,Produto B,2,2260.39,4520.77,3189.37,1889.83,5.5,4.94
2020,10,2020-10-01,Sudeste,SP,Campinas,Marketplace,Beleza,Produto D,12,2248.61,26983.26,16702.74,5788.24,8.6,3.36
2020,10,2020-10-01,Sudeste,SP,Ribeirão Preto,Aplicativo,Beleza,Produto C,15,1536.06,23040.85,13512.84,9074.44,14.1,3.7
2020,10,2020-10-01,Sudeste,RJ,Rio de Janeiro,Marketplace,Livros,Produto A,23,1910.59,43943.55,25817.45,12413.46,2.4,3.51
2020,10,2020-10-01,Sudeste,RJ,Niterói,Site próprio,Casa,Produto B,8,602.52,4820.14,3146.98,1941.04,12.9,4.25
2020,10,2020-10-01,Sudeste,RJ,Nova Iguaçu,Site próprio,Esporte,Produto B,11,1708.92,18798.14,11764.79,8338.95,4.1,4.12
2020,10,2020-10-01,Sudeste,RJ,Petrópolis,Aplicativo,Beleza,Produto D,14,2209.66,30935.29,25251.23,5890.72,8.6,3.88
2020,10,2020-10-01,Sudeste,MG,Belo Horizonte,Marketplace,Moda,Produto B,2,1423.37,2846.74,1799.07,834.81,11.8,3.05
2020,10,2020-10-01,Sudeste,MG,Uberlândia,Aplicativo,Esporte,Produto D,8,926.79,7414.35,4418.66,2726.64,14.6,2.9
2020,10,2020-10-01,Sudeste,MG,Juiz de Fora,Marketplace,Beleza,Produto A,26,612.22,15917.79,12585.19,7029.81,12.0,2.91
2020,10,2020-10-01,Sudeste,ES,Vitória,Marketplace,Beleza,Produto B,27,1587.39,42859.5,25080.11,15111.55,13.4,3.0
2020,10,2020-10-01,Sudeste,ES,Vila Velha,Aplicativo,Beleza,Produto A,11,492.81,5420.95,3968.94,1771.34,5.3,3.79
2020,10,2020-10-01,Sudeste,ES,Serra,Marketplace,Livros,Produto A,19,1965.8,37350.28,27862.43,12114.78,12.0,2.94
2020,10,2020-10-01,Sul,PR,Curitiba,Marketplace,Livros,Produto B,3,2314.3,6942.9,5606.39,2771.55,3.7,3.01
2020,10,2020-10-01,Sul,PR,Londrina,Site próprio,Eletrônicos,Produto B,3,1802.34,5407.02,3044.71,1247.5,5.5,3.05
2020,10,2020-10-01,Sul,SC,Florianópolis,Marketplace,Moda,Produto A,21,767.51,16117.74,10579.91,4610.47,11.9,2.69
2020,10,2020-10-01,Sul,SC,Joinville,Marketplace,Livros,Produto A,17,2470.0,41990.03,26772.46,13756.88,5.1,4.28
2020,10,2020-10-01,Sul,RS,Porto Alegre,Marketplace,Livros,Produto B,22,929.83,20456.35,13496.74,4895.69,14.6,4.84
2020,10,2020-10-01,Sul,RS,Caxias do Sul,Aplicativo,Moda,Produto D,12,2275.08,27300.94,16340.92,10537.17,14.5,4.71
2020,11,2020-11-01,Norte,AM,Manaus,Marketplace,Livros,Produto D,8,782.56,6260.49,4372.2,1753.95,3.3,3.08
2020,11,2020-11-01,Norte,PA,Belém,Site próprio,Livros,Produto A,9,343.74,3093.69,1767.21,1059.13,15.0,3.18
2020,11,2020-11-01,Norte,PA,Santarém,Marketplace,Esporte,Produto A,12,2490.98,29891.71,23503.9,8855.78,5.3,3.49
2020,11,2020-11-01,Norte,RO,Porto Velho,Marketplace,Casa,Produto B,4,1987.06,7948.23,6402.68,1437.26,8.4,3.22
2020,11,2020-11-01,Norte,TO,Palmas,Aplicativo,Esporte,Produto D,17,2413.72,41033.16,29149.52,10376.74,12.7,4.36
2020,11,2020-11-01,Nordeste,BA,Salvador,Marketplace,Esporte,Produto A,5,431.97,2159.86,1283.25,630.79,7.8,3.23
2020,11,2020-11-01,Nordeste,BA,Feira de Santana,Aplicativo,Beleza,Produto A,10,986.48,9864.76,7724.75,4001.5,10.0,4.9
2020,11,2020-11-01,Nordeste,PE,Recife,Marketplace,Esporte,Produto A,11,588.3,6471.33,5049.93,1825.14,7.2,4.34
2020,11,2020-11-01,Nordeste,PE,Jaboatão dos Guararapes,Marketplace,Moda,Produto B,22,1758.31,38682.76,28092.58,15458.19,2.9,2.56
2020,11,2020-11-01,Nordeste,CE,Fortaleza,Aplicativo,Beleza,Produto D,1,2233.69,2233.69,1692.14,556.02,12.9,3.21
2020,11,2020-11-01,Nordeste,CE,Juazeiro do Norte,Marketplace,Casa,Produto D,22,2342.08,51525.82,32486.95,11538.11,8.3,4.69
2020,11,2020-11-01,Nordeste,MA,São Luís,Site próprio,Esporte,Produto A,4,2251.0,9004.01,6959.55,1939.65,2.1,3.11
2020,11,2020-11-01,Nordeste,PB,João Pessoa,Site próprio,Casa,Produto B,13,529.97,6889.56,4300.2,2411.89,9.2,4.91
2020,11,2020-11-01,Centro-Oeste,DF,Brasília,Marketplace,Esporte,Produto A,29,1825.72,52945.89,38682.63,11124.92,4.5,3.92
2020,11,2020-11-01,Centro-Oeste,GO,Goiânia,Site próprio,Casa,Produto C,15,1607.36,24110.41,19763.03,5166.39,2.5,3.3
2020,11,2020-11-01,Centro-Oeste,GO,Aparecida de Goiânia,Site próprio,Livros,Produto D,2,2345.55,4691.11,3082.49,1549.13,13.1,4.86
2020,11,2020-11-01,Centro-Oeste,MT,Cuiabá,Site próprio,Casa,Produto C,27,2474.32,66806.57,48677.6,19688.4,5.1,3.88
2020,11,2020-11-01,Centro-Oeste,MS,Campo Grande,Marketplace,Beleza,Produto B,15,927.07,13906.12,8770.41,3555.48,13.9,3.8
2020,11,2020-11-01,Sudeste,SP,São Paulo,Site próprio,Esporte,Produto C,9,635.64,5720.8,4319.45,1375.03,10.0,3.31
2020,11,2020-11-01,Sudeste,SP,Campinas,Marketplace,Esporte,Produto D,15,122.69,1840.32,1104.34,779.78,9.4,3.52
2020,11,2020-11-01,Sudeste,SP,Ribeirão Preto,Marketplace,Livros,Produto A,7,1688.76,11821.33,6865.14,4992.98,6.7,2.59
2020,11,2020-11-01,Sudeste,RJ,Rio de Janeiro,Marketplace,Casa,Produto A,17,2112.81,35917.82,21060.75,13372.74,8.6,3.15
2020,11,2020-11-01,Sudeste,RJ,Niterói,Marketplace,Casa,Produto B,13,1374.78,17872.14,14041.19,5243.53,2.2,3.8
2020,11,2020-11-01,Sudeste,RJ,Nova Iguaçu,Site próprio,Livros,Produto C,25,519.6,12990.01,9816.27,3194.18,7.2,3.62
2020,11,2020-11-01,Sudeste,RJ,Petrópolis,Site próprio,Moda,Produto C,14,272.12,3809.68,2988.91,1610.82,9.9,4.59
2020,11,2020-11-01,Sudeste,MG,Belo Horizonte,Site próprio,Casa,Produto B,14,1570.19,21982.61,14611.99,8616.53,8.0,3.6
2020,11,2020-11-01,Sudeste,MG,Uberlândia,Marketplace,Esporte,Produto D,29,1853.04,53738.07,36771.47,20334.3,2.8,4.82
2020,11,2020-11-01,Sudeste,MG,Juiz de Fora,Site próprio,Livros,Produto C,1,2394.17,2394.17,1709.22,773.32,11.1,3.42
2020,11,2020-11-01,Sudeste,ES,Vitória,Aplicativo,Casa,Produto D,3,1051.61,3154.84,2130.24,717.22,14.7,4.84
2020,11,2020-11-01,Sudeste,ES,Vila Velha,Marketplace,Eletrônicos,Produto B,23,1421.12,32685.75,26396.65,6490.55,5.2,2.65
2020,11,2020-11-01,Sudeste,ES,Serra,Aplicativo,Casa,Produto B,5,656.96,3284.8,1976.97,975.2,9.9,4.11
2020,11,2020-11-01,Sul,PR,Curitiba,Aplicativo,Moda,Produto D,7,1475.04,10325.3,5733.37,2736.02,8.0,4.3
2020,11,2020-11-01,Sul,PR,Londrina,Site próprio,Beleza,Produto A,7,230.76,1615.29,1207.15,342.45,9.9,3.14
2020,11,2020-11-01,Sul,SC,Florianópolis,Marketplace,Beleza,Produto A,24,1694.23,40661.43,23783.89,15130.23,9.9,3.69
2020,11,2020-11-01,Sul,SC,Joinville,Marketplace,Eletrônicos,Produto B,23,1986.3,45684.85,30088.76,19089.26,12.7,2.95
2020,11,2020-11-01,Sul,RS,Porto Alegre,Aplicativo,Livros,Produto A,19,1329.16,25254.02,16420.02,9688.07,9.8,4.73
2020,11,2020-11-01,Sul,RS,Caxias do Sul,Aplicativo,Beleza,Produto C,1,380.43,380.43,291.21,79.19,6.7,3.99
2020,12,2020-12-01,Norte,AM,Manaus,Aplicativo,Eletrônicos,Produto D,6,511.79,3070.73,2041.25,1338.72,6.5,4.35
2020,12,2020-12-01,Norte,PA,Belém,Aplicativo,Eletrônicos,Produto C,1,152.87,152.87,87.21,66.8,15.0,3.2
2020,12,2020-12-01,Norte,PA,Santarém,Marketplace,Beleza,Produto C,9,746.78,6721.02,3976.31,1704.39,12.8,3.88
2020,12,2020-12-01,Norte,RO,Porto Velho,Aplicativo,Casa,Produto B,9,2093.75,18843.71,12378.0,6768.48,4.2,2.53
2020,12,2020-12-01,Norte,TO,Palmas,Site próprio,Beleza,Produto B,11,1376.54,15141.93,12329.9,4239.4,8.2,4.41
2020,12,2020-12-01,Nordeste,BA,Salvador,Site próprio,Eletrônicos,Produto D,28,1160.99,32507.7,26542.22,8395.48,10.9,4.3
2020,12,2020-12-01,Nordeste,BA,Feira de Santana,Marketplace,Livros,Produto A,25,1019.82,25495.45,20827.38,8742.82,8.1,2.92
2020,12,2020-12-01,Nordeste,PE,Recife,Marketplace,Livros,Produto A,8,56.44,451.5,322.73,126.48,6.8,3.65
2020,12,2020-12-01,Nordeste,PE,Jaboatão dos Guararapes,Aplicativo,Moda,Produto B,22,1611.25,35447.41,23065.21,12291.52,12.5,2.71
2020,12,2020-12-01,Nordeste,CE,Fortaleza,Site próprio,Casa,Produto C,27,883.24,23847.51,13189.32,8427.98,4.5,3.61
2020,12,2020-12-01,Nordeste,CE,Juazeiro do Norte,Aplicativo,Beleza,Produto B,1,1744.89,1744.89,1026.79,369.91,6.3,3.97
2020,12,2020-12-01,Nordeste,MA,São Luís,Marketplace,Beleza,Produto B,19,1868.22,35496.23,20290.02,12915.77,6.3,4.32
2020,12,2020-12-01,Nordeste,PB,João Pessoa,Site próprio,Eletrônicos,Produto C,19,1412.94,26845.82,17320.66,9388.49,14.1,4.19
2020,12,2020-12-01,Centro-Oeste,DF,Brasília,Site próprio,Eletrônicos,Produto B,23,278.36,6402.23,5167.73,2614.12,11.3,3.2
2020,12,2020-12-01,Centro-Oeste,GO,Goiânia,Site próprio,Moda,Produto B,2,1693.96,3387.93,1899.13,1255.95,5.8,2.53
2020,12,2020-12-01,Centro-Oeste,GO,Aparecida de Goiânia,Marketplace,Esporte,Produto D,21,373.94,7852.75,5204.74,2506.91,8.2,2.7
2020,12,2020-12-01,Centro-Oeste,MT,Cuiabá,Site próprio,Beleza,Produto C,14,786.59,11012.25,7089.01,4763.6,10.1,2.67
2020,12,2020-12-01,Centro-Oeste,MS,Campo Grande,Site próprio,Esporte,Produto A,14,1023.84,14333.69,10665.17,4457.62,11.8,2.99
2020,12,2020-12-01,Sudeste,SP,São Paulo,Marketplace,Moda,Produto C,22,753.86,16584.86,11474.75,3133.25,3.4,3.56
2020,12,2020-12-01,Sudeste,SP,Campinas,Marketplace,Beleza,Produto D,8,664.42,5315.37,2962.05,1254.52,3.2,2.61
2020,12,2020-12-01,Sudeste,SP,Ribeirão Preto,Marketplace,Casa,Produto C,14,2381.71,33343.91,25843.9,9557.33,11.0,3.65
2020,12,2020-12-01,Sudeste,RJ,Rio de Janeiro,Aplicativo,Eletrônicos,Produto B,11,261.6,2877.62,1898.11,1014.24,9.1,3.21
2020,12,2020-12-01,Sudeste,RJ,Niterói,Marketplace,Casa,Produto B,16,1450.76,23212.13,18582.51,5048.01,4.9,4.85
2020,12,2020-12-01,Sudeste,RJ,Nova Iguaçu,Site próprio,Beleza,Produto D,27,1249.81,33744.94,26333.23,12045.35,12.8,3.61
2020,12,2020-12-01,Sudeste,RJ,Petrópolis,Site próprio,Eletrônicos,Produto C,21,310.7,6524.63,5151.83,2738.88,10.4,2.97
2020,12,2020-12-01,Sudeste,MG,Belo Horizonte,Marketplace,Esporte,Produto D,12,2435.64,29227.64,18676.4,9443.74,12.3,4.79
2020,12,2020-12-01,Sudeste,MG,Uberlândia,Aplicativo,Livros,Produto A,23,2146.41,49367.33,39441.15,9562.32,6.5,3.42
2020,12,2020-12-01,Sudeste,MG,Juiz de Fora,Site próprio,Casa,Produto A,29,517.13,14996.83,9333.77,5743.64,11.5,4.84
2020,12,2020-12-01,Sudeste,ES,Vitória,Marketplace,Moda,Produto B,8,1347.85,10782.77,6941.26,2572.1,7.1,3.8
2020,12,2020-12-01,Sudeste,ES,Vila Velha,Marketplace,Esporte,Produto D,8,1590.79,12726.36,8094.51,2501.16,6.6,3.29
2020,12,2020-12-01,Sudeste,ES,Serra,Site próprio,Beleza,Produto B,4,2126.0,8503.98,5839.58,2317.21,13.6,4.75
2020,12,2020-12-01,Sul,PR,Curitiba,Site próprio,Eletrônicos,Produto B,7,1963.75,13746.22,9409.73,3628.75,14.6,4.03
2020,12,2020-12-01,Sul,PR,Londrina,Aplicativo,Livros,Produto D,5,821.2,4106.02,3193.15,1217.06,9.4,4.0
2020,12,2020-12-01,Sul,SC,Florianópolis,Site próprio,Esporte,Produto A,22,1767.34,38881.44,24271.48,10725.95,12.5,3.99
2020,12,2020-12-01,Sul,SC,Joinville,Site próprio,Esporte,Produto C,21,2496.18,52419.71,28872.77,22758.43,14.6,4.49
2020,12,2020-12-01,Sul,RS,Porto Alegre,Marketplace,Livros,Produto B,10,293.35,2933.53,1935.9,1163.14,5.8,4.72
2020,12,2020-12-01,Sul,RS,Caxias do Sul,Site próprio,Livros,Produto A,10,558.29,5582.94,3119.03,1744.02,2.3,3.56
2021,1,2021-01-01,Norte,AM,Manaus,Site próprio,Livros,Produto C,25,1004.67,25116.7,17599.93,11299.85,13.8,4.2
2021,1,2021-01-01,Norte,PA,Belém,Site próprio,Eletrônicos,Produto B,8,2091.01,16728.07,12392.08,7227.86,7.6,2.61
2021,1,2021-01-01,Norte,PA,Santarém,Aplicativo,Beleza,Produto D,18,1601.77,28831.82,20880.22,8085.49,13.5,3.53
2021,1,2021-01-01,Norte,RO,Porto Velho,Marketplace,Casa,Produto D,13,2119.28,27550.6,16624.8,6195.96,4.9,2.71
2021,1,2021-01-01,Norte,TO,Palmas,Marketplace,Casa,Produto A,15,1416.49,21247.4,16124.59,7959.48,7.6,2.82
2021,1,2021-01-01,Nordeste,BA,Salvador,Site próprio,Esporte,Produto C,9,708.55,6376.92,4040.56,2170.72,7.7,3.55
2021,1,2021-01-01,Nordeste,BA,Feira de Santana,Site próprio,Moda,Produto A,20,680.57,13611.37,7716.96,5885.58,9.2,4.57
2021,1,2021-01-01,Nordeste,PE,Recife,Aplicativo,Beleza,Produto B,14,1325.05,18550.67,11327.52,4259.21,14.9,4.53
2021,1,2021-01-01,Nordeste,PE,Jaboatão dos Guararapes,Site próprio,Casa,Produto A,12,258.97,3107.63,2475.23,703.72,14.0,3.09
2021,1,2021-01-01,Nordeste,CE,Fortaleza,Aplicativo,Esporte,Produto C,13,72.45,941.88,642.17,316.08,10.0,3.26
2021,1,2021-01-01,Nordeste,CE,Juazeiro do Norte,Site próprio,Livros,Produto C,20,2256.91,45138.12,24893.03,15467.01,5.2,3.79
2021,1,2021-01-01,Nordeste,MA,São Luís,Site próprio,Beleza,Produto C,18,130.81,2354.56,1500.12,729.77,11.2,2.68
2021,1,2021-01-01,Nordeste,PB,João Pessoa,Site próprio,Esporte,Produto A,16,1846.79,29548.71,23180.51,9223.91,4.3,3.66
2021,1,2021-01-01,Centro-Oeste,DF,Brasília,Marketplace,Casa,Produto C,24,1488.37,35720.96,27778.36,7400.16,14.5,4.35
2021,1,2021-01-01,Centro-Oeste,GO,Goiânia,Aplicativo,Beleza,Produto C,3,595.05,1785.16,1328.66,339.8,11.8,4.13
2021,1,2021-01-01,Centro-Oeste,GO,Aparecida de Goiânia,Site próprio,Eletrônicos,Produto B,4,1853.47,7413.88,4879.19,3130.5,11.1,4.69
2021,1,2021-01-01,Centro-Oeste,MT,Cuiabá,Marketplace,Beleza,Produto C,21,2255.4,47363.5,28830.81,19550.86,14.0,3.33
2021,1,2021-01-01,Centro-Oeste,MS,Campo Grande,Aplicativo,Eletrônicos,Produto C,23,1194.9,27482.64,16241.15,8693.0,6.5,4.68
2021,1,2021-01-01,Sudeste,SP,São Paulo,Marketplace,Beleza,Produto A,11,2469.56,27165.18,20253.92,12171.74,2.1,3.78
2021,1,2021-01-01,Sudeste,SP,Campinas,Aplicativo,Livros,Produto C,8,1631.91,13055.3,7186.25,3001.95,14.3,4.3
2021,1,2021-01-01,Sudeste,SP,Ribeirão Preto,Aplicativo,Beleza,Produto D,4,476.38,1905.54,1226.68,737.43,8.1,3.77
2021,1,2021-01-01,Sudeste,RJ,Rio de Janeiro,Marketplace,Esporte,Produto B,5,1387.9,6939.51,5313.17,2866.57,9.5,4.94
2021,1,2021-01-01,Sudeste,RJ,Niterói,Marketplace,Beleza,Produto A,7,1781.73,12472.08,9433.02,4603.8,9.0,4.22
2021,1,2021-01-01,Sudeste,RJ,Nova Iguaçu,Aplicativo,Eletrônicos,Produto C,22,1362.4,29972.76,19482.68,11385.55,9.0,4.75
2021,1,2021-01-01,Sudeste,RJ,Petrópolis,Aplicativo,Moda,Produto A,8,237.89,1903.08,1164.1,404.08,6.1,2.72
2021,1,2021-01-01,Sudeste,MG,Belo Horizonte,Aplicativo,Beleza,Produto D,14,373.65,5231.15,3643.46,2284.07,3.7,4.97
2021,1,2021-01-01,Sudeste,MG,Uberlândia,Aplicativo,Casa,Produto C,27,1930.18,52114.73,42015.74,13675.63,8.0,3.33
2021,1,2021-01-01,Sudeste,MG,Juiz de Fora,Site próprio,Beleza,Produto A,12,1325.27,15903.27,10292.02,4022.49,6.0,4.63
2021,1,2021-01-01,Sudeste,ES,Vitória,Site próprio,Eletrônicos,Produto D,5,1085.99,5429.93,4253.46,1310.84,10.0,3.82
2021,1,2021-01-01,Sudeste,ES,Vila Velha,Aplicativo,Eletrônicos,Produto C,7,1347.43,9432.03,7146.49,2677.96,5.1,4.38
2021,1,2021-01-01,Sudeste,ES,Serra,Aplicativo,Beleza,Produto D,2,2491.37,4982.75,4026.86,2118.83,5.9,2.53
2021,1,2021-01-01,Sul,PR,Curitiba,Aplicativo,Livros,Produto A,15,431.24,6468.64,4653.3,2478.91,4.8,2.73
2021,1,2021-01-01,Sul,PR,Londrina,Marketplace,Livros,Produto C,14,2135.98,29903.76,18038.95,13321.19,11.4,3.3
2021,1,2021-01-01,Sul,SC,Florianópolis,Site próprio,Beleza,Produto B,20,493.67,9873.43,6543.91,2016.04,12.4,3.89
2021,1,2021-01-01,Sul,SC,Joinville,Aplicativo,Esporte,Produto D,27,117.27,3166.39,2228.94,1216.97,12.1,3.09
2021,1,2021-01-01,Sul,RS,Porto Alegre,Aplicativo,Beleza,Produto A,5,1919.22,9596.1,6289.91,3669.43,4.2,3.21
2021,1,2021-01-01,Sul,RS,Caxias do Sul,Marketplace,Esporte,Produto B,12,2417.15,29005.85,18917.8,8358.0,12.3,4.53
2021,2,2021-02-01,Norte,AM,Manaus,Marketplace,Esporte,Produto B,4,287.4,1149.61,639.04,413.67,13.7,2.92
2021,2,2021-02-01,Norte,PA,Belém,Aplicativo,Moda,Produto B,4,1615.46,6461.82,4595.41,1353.8,5.4,4.85
2021,2,2021-02-01,Norte,PA,Santarém,Marketplace,Livros,Produto C,15,2067.67,31015.04,18941.25,11224.25,12.1,2.7
2021,2,2021-02-01,Norte,RO,Porto Velho,Marketplace,Moda,Produto A,20,2302.2,46043.98,31056.46,15675.65,11.1,3.36
2021,2,2021-02-01,Norte,TO,Palmas,Aplicativo,Esporte,Produto C,25,342.38,8559.41,6543.86,1671.72,14.2,2.71
2021,2,2021-02-01,Nordeste,BA,Salvador,Marketplace,Casa,Produto A,12,898.74,10784.82,5955.34,3572.26,8.5,2.95
2021,2,2021-02-01,Nordeste,BA,Feira de Santana,Marketplace,Moda,Produto A,11,774.61,8520.74,5181.28,3621.86,4.4,2.61
2021,2,2021-02-01,Nordeste,PE,Recife,Aplicativo,Moda,Produto D,5,1963.28,9816.41,6074.77,2915.0,14.3,3.81
2021,2,2021-02-01,Nordeste,PE,Jaboatão dos Guararapes,Marketplace,Casa,Produto B,3,1096.26,3288.79,2384.33,1208.39,12.3,3.74
2021,2,2021-02-01,Nordeste,CE,Fortaleza,Aplicativo,Moda,Produto D,12,976.55,11718.55,7818.43,4211.69,8.5,4.19
2021,2,2021-02-01,Nordeste,CE,Juazeiro do Norte,Marketplace,Livros,Produto B,13,390.9,5081.66,2884.51,1838.74,13.7,2.55
2021,2,2021-02-01,Nordeste,MA,São Luís,Aplicativo,Esporte,Produto C,10,893.37,8933.67,6668.86,1675.22,10.8,3.78
2021,2,2021-02-01,Nordeste,PB,João Pessoa,Marketplace,Esporte,Produto B,13,498.97,6486.64,4888.49,2382.32,4.9,4.86
2021,2,2021-02-01,Centro-Oeste,DF,Brasília,Site próprio,Moda,Produto A,29,2397.38,69523.97,50513.89,28326.68,7.8,4.14
2021,2,2021-02-01,Centro-Oeste,GO,Goiânia,Site próprio,Beleza,Produto B,17,690.27,11734.63,8626.94,4306.21,7.1,3.32
2021,2,2021-02-01,Centro-Oeste,GO,Aparecida de Goiânia,Aplicativo,Casa,Produto B,15,2477.04,37155.57,27800.64,11167.52,4.6,2.91
2021,2,2021-02-01,Centro-Oeste,MT,Cuiabá,Aplicativo,Eletrônicos,Produto A,5,1209.49,6047.45,3402.93,1323.91,4.5,4.36
2021,2,2021-02-01,Centro-Oeste,MS,Campo Grande,Site próprio,Moda,Produto B,11,753.32,8286.56,6094.3,2712.87,12.8,2.51
2021,2,2021-02-01,Sudeste,SP,São Paulo,Marketplace,Eletrônicos,Produto D,13,1263.26,16422.43,12649.28,6814.25,10.7,3.74
2021,2,2021-02-01,Sudeste,SP,Campinas,Aplicativo,Casa,Produto C,26,426.77,11095.92,8173.98,3456.53,9.6,3.28
2021,2,2021-02-01,Sudeste,SP,Ribeirão Preto,Marketplace,Moda,Produto D,5,1199.55,5997.76,4018.66,1351.45,11.6,4.9
2021,2,2021-02-01,Sudeste,RJ,Rio de Janeiro,Marketplace,Moda,Produto A,27,825.41,22286.14,17137.11,7638.96,5.7,4.33
2021,2,2021-02-01,Sudeste,RJ,Niterói,Site próprio,Esporte,Produto C,7,1510.33,10572.3,5981.72,3121.68,5.1,4.84
2021,2,2021-02-01,Sudeste,RJ,Nova Iguaçu,Site próprio,Casa,Produto A,17,1756.39,29858.65,19390.27,5458.48,4.9,3.92
2021,2,2021-02-01,Sudeste,RJ,Petrópolis,Marketplace,Livros,Produto C,16,469.98,7519.68,5195.52,2864.92,6.7,2.52
2021,2,2021-02-01,Sudeste,MG,Belo Horizonte,Aplicativo,Beleza,Produto C,27,1724.72,46567.41,32229.63,13593.45,12.3,3.66
2021,2,2021-02-01,Sudeste,MG,Uberlândia,Site próprio,Casa,Produto A,1,357.7,357.7,278.07,82.09,10.4,4.1
2021,2,2021-02-01,Sudeste,MG,Juiz de Fora,Aplicativo,Moda,Produto C,7,1525.4,10677.8,6598.29,3198.74,7.4,2.97
2021,2,2021-02-01,Sudeste,ES,Vitória,Aplicativo,Esporte,Produto C,19,422.43,8026.12,6359.48,3294.15,11.6,4.95
2021,2,2021-02-01,Sudeste,ES,Vila Velha,Aplicativo,Eletrônicos,Produto C,25,2018.05,50451.16,38675.82,10090.74,11.0,4.43
2021,2,2021-02-01,Sudeste,ES,Serra,Site próprio,Eletrônicos,Produto A,18,1558.9,28060.2,21640.93,7795.14,2.2,3.14
2021,2,2021-02-01,Sul,PR,Curitiba,Site próprio,Moda,Produto C,22,853.12,18768.74,15063.55,8014.63,14.9,2.72
2021,2,2021-02-01,Sul,PR,Londrina,Aplicativo,Beleza,Produto B,17,1886.66,32073.15,18528.54,9358.61,6.6,2.84
2021,2,2021-02-01,Sul,SC,Florianópolis,Site próprio,Beleza,Produto D,22,2334.38,51356.37,41565.3,9978.32,7.9,3.89
2021,2,2021-02-01,Sul,SC,Joinville,Aplicativo,Livros,Produto C,27,587.65,15866.47,12222.01,5991.64,3.3,3.32
2021,2,2021-02-01,Sul,RS,Porto Alegre,Site próprio,Casa,Produto C,23,2030.05,46691.04,30387.49,8627.59,13.7,4.56
2021,2,2021-02-01,Sul,RS,Caxias do Sul,Aplicativo,Esporte,Produto A,12,1884.12,22609.44,12952.28,8994.71,6.8,4.13
2021,3,2021-03-01,Norte,AM,Manaus,Aplicativo,Moda,Produto B,9,1134.22,10207.99,7329.25,3372.88,10.5,3.53
2021,3,2021-03-01,Norte,PA,Belém,Site próprio,Livros,Produto D,12,1907.59,22891.1,15830.6,4545.76,8.7,4.23
2021,3,2021-03-01,Norte,PA,Santarém,Marketplace,Livros,Produto C,24,1394.12,33458.96,24042.95,6904.0,12.1,2.63
2021,3,2021-03-01,Norte,RO,Porto Velho,Marketplace,Casa,Produto C,5,1345.64,6728.21,4152.98,2616.98,2.6,4.21
2021,3,2021-03-01,Norte,TO,Palmas,Site próprio,Eletrônicos,Produto C,6,2173.43,13040.6,7554.6,5758.18,2.1,3.73
2021,3,2021-03-01,Nordeste,BA,Salvador,Marketplace,Eletrônicos,Produto D,18,2419.98,43559.71,32403.79,17739.41,14.2,3.66
2021,3,2021-03-01,Nordeste,BA,Feira de Santana,Aplicativo,Livros,Produto C,20,542.93,10858.5,8266.14,2148.07,9.6,3.65
2021,3,2021-03-01,Nordeste,PE,Recife,Aplicativo,Beleza,Produto C,1,2033.38,2033.38,1328.36,888.99,6.2,3.2
2021,3,2021-03-01,Nordeste,PE,Jaboatão dos Guararapes,Aplicativo,Esporte,Produto A,15,1561.64,23424.61,14961.05,4816.69,2.2,4.22
2021,3,2021-03-01,Nordeste,CE,Fortaleza,Marketplace,Esporte,Produto A,14,590.3,8264.24,6044.69,3534.21,10.9,3.89
2021,3,2021-03-01,Nordeste,CE,Juazeiro do Norte,Aplicativo,Casa,Produto C,17,2474.97,42074.42,28615.44,8486.22,10.9,4.66
2021,3,2021-03-01,Nordeste,MA,São Luís,Site próprio,Eletrônicos,Produto B,5,1987.21,9936.07,7253.39,3475.1,14.0,3.88
2021,3,2021-03-01,Nordeste,PB,João Pessoa,Aplicativo,Beleza,Produto D,28,2061.78,57729.74,33316.31,23702.75,8.4,4.93
2021,3,2021-03-01,Centro-Oeste,DF,Brasília,Marketplace,Casa,Produto C,22,743.51,16357.19,11959.82,3485.68,13.1,4.81
2021,3,2021-03-01,Centro-Oeste,GO,Goiânia,Aplicativo,Livros,Produto C,29,2124.85,61620.78,49542.71,23314.86,2.3,3.71
2021,3,2021-03-01,Centro-Oeste,GO,Aparecida de Goiânia,Marketplace,Livros,Produto D,5,2394.45,11972.27,8574.17,4571.53,10.2,3.07
2021,3,2021-03-01,Centro-Oeste,MT,Cuiabá,Site próprio,Eletrônicos,Produto C,2,1047.44,2094.87,1572.64,659.06,6.5,2.6
2021,3,2021-03-01,Centro-Oeste,MS,Campo Grande,Aplicativo,Moda,Produto D,11,2498.15,27479.7,18963.13,6340.49,7.4,2.61
2021,3,2021-03-01,Sudeste,SP,São Paulo,Aplicativo,Eletrônicos,Produto D,16,1170.27,18724.4,15120.06,4593.31,3.4,3.24
2021,3,2021-03-01,Sudeste,SP,Campinas,Site próprio,Beleza,Produto B,10,2362.15,23621.55,15119.01,10077.42,4.9,4.83
2021,3,2021-03-01,Sudeste,SP,Ribeirão Preto,Marketplace,Eletrônicos,Produto C,15,2167.26,32508.97,25528.29,10109.73,7.8,2.71
2021,3,2021-03-01,Sudeste,RJ,Rio de Janeiro,Site próprio,Eletrônicos,Produto C,13,1234.68,16050.79,11354.11,5414.54,3.4,4.9
2021,3,2021-03-01,Sudeste,RJ,Niterói,Aplicativo,Livros,Produto B,28,1239.52,34706.61,24286.56,9015.33,3.4,2.72
2021,3,2021-03-01,Sudeste,RJ,Nova Iguaçu,Aplicativo,Livros,Produto A,9,547.3,4925.71,3085.46,934.82,10.0,2.71
2021,3,2021-03-01,Sudeste,RJ,Petrópolis,Site próprio,Moda,Produto D,12,1727.02,20724.3,11974.75,4734.37,7.2,4.02
2021,3,2021-03-01,Sudeste,MG,Belo Horizonte,Site próprio,Livros,Produto D,6,727.75,4366.48,2601.75,1479.02,8.4,3.55
2021,3,2021-03-01,Sudeste,MG,Uberlândia,Site próprio,Livros,Produto D,1,1458.57,1458.57,1040.24,297.96,12.7,4.65
2021,3,2021-03-01,Sudeste,MG,Juiz de Fora,Site próprio,Eletrônicos,Produto D,3,499.64,1498.93,867.3,420.84,3.8,4.6
2021,3,2021-03-01,Sudeste,ES,Vitória,Aplicativo,Esporte,Produto D,13,1987.01,25831.15,19565.44,5550.57,10.7,3.11
2021,3,2021-03-01,Sudeste,ES,Vila Velha,Site próprio,Moda,Produto A,15,2157.24,32358.61,21508.61,7452.47,15.0,2.72
2021,3,2021-03-01,Sudeste,ES,Serra,Marketplace,Beleza,Produto B,23,1726.91,39718.83,27958.85,13955.2,4.2,4.77
2021,3,2021-03-01,Sul,PR,Curitiba,Marketplace,Moda,Produto A,29,572.31,16596.9,10820.3,6211.19,7.3,3.01
2021,3,2021-03-01,Sul,PR,Londrina,Marketplace,Livros,Produto C,20,2109.85,42196.97,31069.7,14816.21,8.6,4.34
2021,3,2021-03-01,Sul,SC,Florianópolis,Site próprio,Casa,Produto C,13,2164.0,28132.0,19743.49,11428.04,6.7,4.9
2021,3,2021-03-01,Sul,SC,Joinville,Aplicativo,Beleza,Produto D,26,1361.35,35395.01,24621.8,10876.61,11.7,3.1
2021,3,2021-03-01,Sul,RS,Porto Alegre,Aplicativo,Eletrônicos,Produto C,29,1870.03,54230.96,31382.37,11726.48,8.7,3.57
2021,3,2021-03-01,Sul,RS,Caxias do Sul,Marketplace,Livros,Produto B,7,1641.79,11492.53,8176.16,4940.4,14.0,4.86
2021,4,2021-04-01,Norte,AM,Manaus,Site próprio,Beleza,Produto C,12,1273.53,15282.37,11896.06,5925.71,5.2,2.98
2021,4,2021-04-01,Norte,PA,Belém,Site próprio,Casa,Produto A,14,782.95,10961.27,6050.69,2415.53,13.2,4.31
2021,4,2021-04-01,Norte,PA,Santarém,Aplicativo,Beleza,Produto D,3,787.64,2362.92,1331.41,730.65,9.3,2.88
2021,4,2021-04-01,Norte,RO,Porto Velho,Aplicativo,Livros,Produto D,4,830.05,3320.21,2603.15,1233.9,6.3,3.68
2021,4,2021-04-01,Norte,TO,Palmas,Aplicativo,Esporte,Produto C,19,1259.61,23932.56,19585.32,7349.94,11.0,2.59
2021,4,2021-04-01,Nordeste,BA,Salvador,Site próprio,Eletrônicos,Produto D,23,1400.48,32210.96,23694.11,6096.92,13.3,3.72
2021,4,2021-04-01,Nordeste,BA,Feira de Santana,Aplicativo,Casa,Produto D,1,1976.34,1976.34,1303.29,404.37,5.7,4.37
2021,4,2021-04-01,Nordeste,PE,Recife,Site próprio,Casa,Produto D,29,1281.79,37172.05,22746.56,10478.84,5.7,3.72
2021,4,2021-04-01,Nordeste,PE,Jaboatão dos Guararapes,Aplicativo,Beleza,Produto A,14,1738.36,24336.98,15937.71,4447.16,4.8,4.57
2021,4,2021-04-01,Nordeste,CE,Fortaleza,Aplicativo,Livros,Produto D,27,1130.75,30530.14,18799.51,8231.03,12.7,4.24
2021,4,2021-04-01,Nordeste,CE,Juazeiro do Norte,Marketplace,Beleza,Produto B,15,1068.09,16021.31,11976.89,3721.31,14.9,3.79
2021,4,2021-04-01,Nordeste,MA,São Luís,Marketplace,Esporte,Produto A,29,2417.79,70115.98,47430.71,22084.29,12.6,3.53
2021,4,2021-04-01,Nordeste,PB,João Pessoa,Marketplace,Beleza,Produto C,17,1520.81,25853.73,18125.96,10624.11,2.4,4.05
2021,4,2021-04-01,Centro-Oeste,DF,Brasília,Marketplace,Casa,Produto D,2,470.77,941.55,678.74,238.51,14.0,4.31
2021,4,2021-04-01,Centro-Oeste,GO,Goiânia,Aplicativo,Livros,Produto B,8,771.85,6174.77,3653.98,2272.43,3.4,4.17
2021,4,2021-04-01,Centro-Oeste,GO,Aparecida de Goiânia,Aplicativo,Moda,Produto C,26,1075.72,27968.71,16847.65,12208.69,2.3,3.48
2021,4,2021-04-01,Centro-Oeste,MT,Cuiabá,Site próprio,Beleza,Produto D,28,1043.77,29225.57,17547.22,7453.13,5.5,2.9
2021,4,2021-04-01,Centro-Oeste,MS,Campo Grande,Site próprio,Livros,Produto A,8,1768.23,14145.85,8152.93,6336.72,13.7,3.63
2021,4,2021-04-01,Sudeste,SP,São Paulo,Marketplace,Casa,Produto C,5,1883.12,9415.59,5810.54,3826.84,14.0,4.43
2021,4,2021-04-01,Sudeste,SP,Campinas,Marketplace,Beleza,Produto D,14,484.03,6776.49,3865.47,1678.03,9.6,3.24
2021,4,2021-04-01,Sudeste,SP,Ribeirão Preto,Aplicativo,Eletrônicos,Produto A,16,2451.92,39230.69,24603.49,13054.58,2.7,4.1
2021,4,2021-04-01,Sudeste,RJ,Rio de Janeiro,Site próprio,Casa,Produto C,16,915.55,14648.85,9014.07,2638.5,10.9,2.72
2021,4,2021-04-01,Sudeste,RJ,Niterói,Site próprio,Eletrônicos,Produto C,15,1244.58,18668.7,11480.47,6699.63,15.0,4.55
2021,4,2021-04-01,Sudeste,RJ,Nova Iguaçu,Aplicativo,Beleza,Produto B,14,1865.0,26109.95,20858.04,7570.48,13.1,4.12
2021,4,2021-04-01,Sudeste,RJ,Petrópolis,Aplicativo,Beleza,Produto A,22,827.09,18195.93,10019.91,7314.09,13.1,3.02
2021,4,2021-04-01,Sudeste,MG,Belo Horizonte,Site próprio,Esporte,Produto A,5,600.1,3000.5,1960.47,1298.65,13.4,4.91
2021,4,2021-04-01,Sudeste,MG,Uberlândia,Site próprio,Livros,Produto D,5,2476.33,12381.66,6823.22,3064.3,11.7,4.06
2021,4,2021-04-01,Sudeste,MG,Juiz de Fora,Marketplace,Casa,Produto D,6,1154.76,6928.55,4006.29,2605.7,5.5,4.96
2021,4,2021-04-01,Sudeste,ES,Vitória,Aplicativo,Beleza,Produto D,21,2304.69,48398.48,39448.74,11596.69,3.2,4.06
2021,4,2021-04-01,Sudeste,ES,Vila Velha,Marketplace,Livros,Produto C,18,1329.98,23939.71,18403.18,7597.26,3.0,3.1
2021,4,2021-04-01,Sudeste,ES,Serra,Aplicativo,Casa,Produto C,4,2389.98,9559.94,6439.36,1990.07,8.7,4.08
2021,4,2021-04-01,Sul,PR,Curitiba,Marketplace,Eletrônicos,Produto B,17,690.48,11738.19,6537.03,3932.02,8.2,2.62
2021,4,2021-04-01,Sul,PR,Londrina,Marketplace,Moda,Produto C,20,2451.7,49033.99,36837.13,12467.57,3.6,4.47
2021,4,2021-04-01,Sul,SC,Florianópolis,Marketplace,Livros,Produto B,9,659.29,5933.6,4696.18,2504.6,14.0,4.74
2021,4,2021-04-01,Sul,SC,Joinville,Site próprio,Livros,Produto C,23,1174.1,27004.29,20896.06,6001.46,11.5,3.46
2021,4,2021-04-01,Sul,RS,Porto Alegre,Aplicativo,Moda,Produto C,26,915.27,23796.93,15173.15,8469.47,7.6,2.62
2021,4,2021-04-01,Sul,RS,Caxias do Sul,Aplicativo,Casa,Produto A,16,1562.72,25003.47,15011.68,9179.6,12.9,3.01
2021,5,2021-05-01,Norte,AM,Manaus,Aplicativo,Moda,Produto B,17,2300.57,39109.67,27913.86,15622.52,9.6,3.71
2021,5,2021-05-01,Norte,PA,Belém,Site próprio,Eletrônicos,Produto A,20,2251.04,45020.75,34760.26,10146.4,2.7,3.99
2021,5,2021-05-01,Norte,PA,Santarém,Site próprio,Moda,Produto A,16,2439.11,39025.76,27095.94,10048.1,11.6,2.68
2021,5,2021-05-01,Norte,RO,Porto Velho,Site próprio,Livros,Produto C,26,1255.32,32638.32,21636.29,9534.43,10.7,4.83
2021,5,2021-05-01,Norte,TO,Palmas,Marketplace,Eletrônicos,Produto B,5,842.03,4210.15,2685.65,1141.76,11.5,3.53
2021,5,2021-05-01,Nordeste,BA,Salvador,Site próprio,Eletrônicos,Produto B,20,475.75,9515.06,5889.37,3193.86,9.7,3.52
2021,5,2021-05-01,Nordeste,BA,Feira de Santana,Aplicativo,Livros,Produto D,16,1319.42,21110.75,14630.07,6965.67,7.1,4.26
2021,5,2021-05-01,Nordeste,PE,Recife,Site próprio,Esporte,Produto B,22,946.09,20813.97,12210.04,5674.32,5.9,3.82
2021,5,2021-05-01,Nordeste,PE,Jaboatão dos Guararapes,Marketplace,Eletrônicos,Produto D,13,1032.07,13416.88,7991.58,3305.53,5.4,3.88
2021,5,2021-05-01,Nordeste,CE,Fortaleza,Marketplace,Casa,Produto D,18,1854.87,33387.73,24704.09,11186.61,3.1,4.32
2021,5,2021-05-01,Nordeste,CE,Juazeiro do Norte,Marketplace,Beleza,Produto A,18,2371.6,42688.87,30378.95,18934.31,10.0,3.32
2021,5,2021-05-01,Nordeste,MA,São Luís,Marketplace,Esporte,Produto A,9,1011.82,9106.37,5937.7,3556.69,12.8,4.79
2021,5,2021-05-01,Nordeste,PB,João Pessoa,Marketplace,Eletrônicos,Produto B,11,2328.3,25611.3,15527.31,7866.38,8.8,4.96
2021,5,2021-05-01,Centro-Oeste,DF,Brasília,Aplicativo,Casa,Produto B,7,1753.3,12273.09,9504.2,3205.09,11.8,3.23
2021,5,2021-05-01,Centro-Oeste,GO,Goiânia,Marketplace,Eletrônicos,Produto B,12,1821.51,21858.08,16489.43,4702.48,3.7,4.72
2021,5,2021-05-01,Centro-Oeste,GO,Aparecida de Goiânia,Site próprio,Eletrônicos,Produto C,5,1609.29,8046.46,4917.15,1814.75,10.4,4.33
2021,5,2021-05-01,Centro-Oeste,MT,Cuiabá,Site próprio,Casa,Produto B,22,228.53,5027.63,3614.46,1310.01,11.1,4.63
2021,5,2021-05-01,Centro-Oeste,MS,Campo Grande,Aplicativo,Esporte,Produto B,5,891.37,4456.85,2821.81,828.81,9.4,3.3
2021,5,2021-05-01,Sudeste,SP,São Paulo,Aplicativo,Casa,Produto B,20,152.15,3042.93,2297.38,1148.46,11.7,3.7
2021,5,2021-05-01,Sudeste,SP,Campinas,Site próprio,Esporte,Produto C,18,1046.01,18828.16,11842.87,5147.49,10.5,4.13
2021,5,2021-05-01,Sudeste,SP,Ribeirão Preto,Site próprio,Casa,Produto B,20,612.49,12249.72,7303.79,3271.74,5.3,4.33
2021,5,2021-05-01,Sudeste,RJ,Rio de Janeiro,Site próprio,Eletrônicos,Produto D,14,895.29,12534.06,9466.22,5423.24,3.7,4.37
2021,5,2021-05-01,Sudeste,RJ,Niterói,Aplicativo,Esporte,Produto C,22,576.01,12672.13,8475.26,3751.06,7.5,3.01
2021,5,2021-05-01,Sudeste,RJ,Nova Iguaçu,Site próprio,Casa,Produto C,20,1446.98,28939.67,19985.4,9969.64,6.1,3.71
2021,5,2021-05-01,Sudeste,RJ,Petrópolis,Marketplace,Moda,Produto B,25,1931.8,48294.95,38096.43,16648.21,2.5,4.1
2021,5,2021-05-01,Sudeste,MG,Belo Horizonte,Aplicativo,Eletrônicos,Produto C,2,2246.83,4493.66,2482.0,942.74,5.4,3.33
2021,5,2021-05-01,Sudeste,MG,Uberlândia,Marketplace,Moda,Produto C,13,1452.59,18883.64,12072.29,6451.46,13.4,2.58
2021,5,2021-05-01,Sudeste,MG,Juiz de Fora,Site próprio,Esporte,Produto A,11,1154.88,12703.68,7472.17,4079.51,7.0,4.53
2021,5,2021-05-01,Sudeste,ES,Vitória,Aplicativo,Eletrônicos,Produto C,18,2057.75,37039.48,27732.23,13429.51,10.0,4.86
2021,5,2021-05-01,Sudeste,ES,Vila Velha,Marketplace,Beleza,Produto D,3,812.11,2436.32,1613.63,1020.5,5.0,4.51
2021,5,2021-05-01,Sudeste,ES,Serra,Site próprio,Livros,Produto B,2,526.14,1052.28,799.64,360.25,3.9,3.73
2021,5,2021-05-01,Sul,PR,Curitiba,Marketplace,Casa,Produto C,13,222.24,2889.09,1983.5,1271.64,13.0,2.91
2021,5,2021-05-01,Sul,PR,Londrina,Site próprio,Eletrônicos,Produto A,22,2395.7,52705.47,31261.78,16706.07,5.1,3.7
2021,5,2021-05-01,Sul,SC,Florianópolis,Aplicativo,Casa,Produto A,20,648.84,12976.74,7386.16,4145.03,4.2,3.83
2021,5,2021-05-01,Sul,SC,Joinville,Marketplace,Beleza,Produto A,17,1853.82,31514.87,21682.26,6469.14,14.6,3.26
2021,5,2021-05-01,Sul,RS,Porto Alegre,Site próprio,Eletrônicos,Produto D,8,1805.78,14446.27,9383.99,3311.8,10.8,3.78
2021,5,2021-05-01,Sul,RS,Caxias do Sul,Marketplace,Livros,Produto C,11,2492.87,27421.61,17416.14,10914.41,8.8,2.51
2021,6,2021-06-01,Norte,AM,Manaus,Aplicativo,Eletrônicos,Produto D,9,892.61,8033.47,4995.61,3481.04,10.6,2.64
2021,6,2021-06-01,Norte,PA,Belém,Aplicativo,Esporte,Produto B,24,1227.17,29452.15,21984.93,7168.61,13.8,4.94
2021,6,2021-06-01,Norte,PA,Santarém,Marketplace,Esporte,Produto B,19,656.45,12472.5,7714.39,2999.59,7.9,2.72
2021,6,2021-06-01,Norte,RO,Porto Velho,Marketplace,Esporte,Produto C,16,1754.61,28073.76,16872.86,12184.44,5.2,3.4
2021,6,2021-06-01,Norte,TO,Palmas,Marketplace,Beleza,Produto D,1,1643.37,1643.37,1280.92,454.05,6.9,2.68
2021,6,2021-06-01,Nordeste,BA,Salvador,Aplicativo,Casa,Produto D,26,1745.87,45392.74,32534.58,8765.33,8.6,3.84
2021,6,2021-06-01,Nordeste,BA,Feira de Santana,Marketplace,Casa,Produto C,27,2398.52,64759.91,37388.87,16334.95,11.4,4.19
2021,6,2021-06-01,Nordeste,PE,Recife,Site próprio,Casa,Produto C,22,924.51,20339.18,15675.81,5104.18,8.9,3.3
2021,6,2021-06-01,Nordeste,PE,Jaboatão dos Guararapes,Aplicativo,Beleza,Produto C,21,452.48,9502.03,5798.6,3590.42,8.2,3.02
2021,6,2021-06-01,Nordeste,CE,Fortaleza,Aplicativo,Eletrônicos,Produto A,6,1913.08,11478.51,6356.28,3619.62,6.5,4.31
2021,6,2021-06-01,Nordeste,CE,Juazeiro do Norte,Site próprio,Esporte,Produto C,21,1661.06,34882.24,28104.42,10247.67,8.9,4.36
2021,6,2021-06-01,Nordeste,MA,São Luís,Aplicativo,Casa,Produto D,10,539.89,5398.88,4404.65,1270.16,6.5,4.58
2021,6,2021-06-01,Nordeste,PB,João Pessoa,Site próprio,Beleza,Produto D,8,810.37,6482.99,5162.02,1755.56,9.3,2.69
2021,6,2021-06-01,Centro-Oeste,DF,Brasília,Marketplace,Moda,Produto A,18,365.75,6583.54,4081.74,2452.14,6.5,4.55
2021,6,2021-06-01,Centro-Oeste,GO,Goiânia,Marketplace,Moda,Produto B,12,1115.76,13389.16,10643.65,3538.26,12.6,4.45
2021,6,2021-06-01,Centro-Oeste,GO,Aparecida de Goiânia,Site próprio,Livros,Produto A,19,2321.54,44109.22,25875.92,13094.33,4.3,4.7
2021,6,2021-06-01,Centro-Oeste,MT,Cuiabá,Site próprio,Eletrônicos,Produto A,4,362.33,1449.33,1020.64,280.34,5.4,4.91
2021,6,2021-06-01,Centro-Oeste,MS,Campo Grande,Aplicativo,Casa,Produto B,18,1414.36,25458.56,16810.37,9781.3,9.0,2.91
2021,6,2021-06-01,Sudeste,SP,São Paulo,Site próprio,Moda,Produto C,21,1221.46,25650.74,16300.26,11076.57,5.9,3.34
2021,6,2021-06-01,Sudeste,SP,Campinas,Site próprio,Esporte,Produto D,15,172.89,2593.31,1973.24,660.73,9.7,2.99
2021,6,2021-06-01,Sudeste,SP,Ribeirão Preto,Marketplace,Moda,Produto A,16,1729.06,27664.94,17041.73,6489.71,8.3,3.14
2021,6,2021-06-01,Sudeste,RJ,Rio de Janeiro,Site próprio,Esporte,Produto D,6,270.4,1622.41,901.62,422.34,6.8,4.44
2021,6,2021-06-01,Sudeste,RJ,Niterói,Site próprio,Beleza,Produto C,7,1849.29,12945.04,7423.52,5171.7,12.1,3.89
2021,6,2021-06-01,Sudeste,RJ,Nova Iguaçu,Marketplace,Casa,Produto D,20,797.32,15946.42,10292.45,4208.77,12.1,4.69
2021,6,2021-06-01,Sudeste,RJ,Petrópolis,Site próprio,Eletrônicos,Produto B,8,1883.04,15064.33,9633.52,6257.17,4.9,3.53
2021,6,2021-06-01,Sudeste,MG,Belo Horizonte,Marketplace,Eletrônicos,Produto B,27,663.82,17923.04,13133.86,4863.03,6.5,4.29
2021,6,2021-06-01,Sudeste,MG,Uberlândia,Aplicativo,Moda,Produto A,6,2366.18,14197.07,9481.78,5825.6,10.9,4.39
2021,6,2021-06-01,Sudeste,MG,Juiz de Fora,Aplicativo,Eletrônicos,Produto D,17,1565.14,26607.36,19604.36,9654.28,5.2,4.31
2021,6,2021-06-01,Sudeste,ES,Vitória,Site próprio,Casa,Produto B,9,2125.89,19132.97,10710.93,3455.91,4.6,3.77
2021,6,2021-06-01,Sudeste,ES,Vila Velha,Site próprio,Eletrônicos,Produto B,17,1104.02,18768.27,14576.62,3899.46,11.3,2.54
2021,6,2021-06-01,Sudeste,ES,Serra,Site próprio,Casa,Produto A,9,1454.97,13094.76,9258.97,3403.16,9.0,3.9
2021,6,2021-06-01,Sul,PR,Curitiba,Aplicativo,Eletrônicos,Produto B,29,1019.58,29567.76,22894.33,7763.0,6.7,3.25
2021,6,2021-06-01,Sul,PR,Londrina,Aplicativo,Casa,Produto B,14,676.52,9471.24,5239.01,2142.69,9.3,4.9
2021,6,2021-06-01,Sul,SC,Florianópolis,Aplicativo,Livros,Produto B,19,601.05,11419.98,7376.25,2825.0,13.3,2.88
2021,6,2021-06-01,Sul,SC,Joinville,Site próprio,Eletrônicos,Produto B,11,2432.96,26762.55,17123.82,7109.89,14.8,3.62
2021,6,2021-06-01,Sul,RS,Porto Alegre,Marketplace,Esporte,Produto B,28,1377.06,38557.76,29256.61,7127.22,8.3,2.72
2021,6,2021-06-01,Sul,RS,Caxias do Sul,Marketplace,Livros,Produto D,2,2012.06,4024.12,2839.72,1354.06,7.8,3.91
2021,7,2021-07-01,Norte,AM,Manaus,Aplicativo,Moda,Produto B,24,1095.37,26288.78,20307.07,8134.58,12.2,4.44
2021,7,2021-07-01,Norte,PA,Belém,Site próprio,Livros,Produto A,11,329.27,3621.98,2531.45,1310.32,12.8,2.8
2021,7,2021-07-01,Norte,PA,Santarém,Aplicativo,Beleza,Produto D,9,1845.68,16611.1,12586.06,5905.1,12.6,3.76
2021,7,2021-07-01,Norte,RO,Porto Velho,Aplicativo,Beleza,Produto C,13,2124.27,27615.55,15609.62,10493.59,10.9,3.45
2021,7,2021-07-01,Norte,TO,Palmas,Site próprio,Livros,Produto D,16,171.96,2751.43,2190.5,788.08,10.9,3.94
2021,7,2021-07-01,Nordeste,BA,Salvador,Aplicativo,Esporte,Produto D,19,1846.87,35090.44,25047.07,14051.6,6.2,4.16
2021,7,2021-07-01,Nordeste,BA,Feira de Santana,Marketplace,Eletrônicos,Produto C,7,1302.66,9118.63,5322.92,2913.55,3.4,3.49
2021,7,2021-07-01,Nordeste,PE,Recife,Aplicativo,Moda,Produto D,18,1742.51,31365.24,22172.92,13734.58,10.1,3.52
2021,7,2021-07-01,Nordeste,PE,Jaboatão dos Guararapes,Marketplace,Eletrônicos,Produto C,9,2439.82,21958.38,17475.31,4108.65,3.3,3.0
2021,7,2021-07-01,Nordeste,CE,Fortaleza,Site próprio,Livros,Produto A,20,1172.75,23454.92,18555.89,5765.67,6.1,4.44
2021,7,2021-07-01,Nordeste,CE,Juazeiro do Norte,Aplicativo,Moda,Produto D,26,494.95,12868.83,7289.41,2734.12,11.6,2.52
2021,7,2021-07-01,Nordeste,MA,São Luís,Aplicativo,Casa,Produto C,17,577.65,9820.09,7932.27,4223.17,6.0,3.04
2021,7,2021-07-01,Nordeste,PB,João Pessoa,Aplicativo,Casa,Produto C,2,2225.66,4451.32,3124.04,1758.54,5.6,2.53
2021,7,2021-07-01,Centro-Oeste,DF,Brasília,Site próprio,Moda,Produto D,1,2444.02,2444.02,1697.02,442.32,4.5,4.3
2021,7,2021-07-01,Centro-Oeste,GO,Goiânia,Site próprio,Casa,Produto C,23,748.44,17214.01,11814.11,5608.07,10.9,4.97
2021,7,2021-07-01,Centro-Oeste,GO,Aparecida de Goiânia,Site próprio,Casa,Produto A,25,2130.49,53262.22,30815.95,23439.92,11.4,4.67
2021,7,2021-07-01,Centro-Oeste,MT,Cuiabá,Site próprio,Moda,Produto B,28,2041.15,57152.15,44120.31,19913.42,6.5,4.82
2021,7,2021-07-01,Centro-Oeste,MS,Campo Grande,Site próprio,Casa,Produto C,6,2388.15,14328.88,9268.73,6071.74,11.0,2.77
2021,7,2021-07-01,Sudeste,SP,São Paulo,Aplicativo,Livros,Produto B,7,2231.33,15619.34,10173.11,5438.93,13.1,4.93
2021,7,2021-07-01,Sudeste,SP,Campinas,Site próprio,Beleza,Produto A,8,499.01,3992.05,2869.25,759.17,8.9,2.94
2021,7,2021-07-01,Sudeste,SP,Ribeirão Preto,Site próprio,Beleza,Produto A,19,192.71,3661.43,2309.2,1258.45,4.1,2.78
2021,7,2021-07-01,Sudeste,RJ,Rio de Janeiro,Marketplace,Eletrônicos,Produto C,27,1003.98,27107.36,21203.43,9946.35,10.8,4.82
2021,7,2021-07-01,Sudeste,RJ,Niterói,Marketplace,Casa,Produto C,22,1042.72,22939.77,14291.48,4592.53,12.0,3.56
2021,7,2021-07-01,Sudeste,RJ,Nova Iguaçu,Site próprio,Eletrônicos,Produto A,11,1100.13,12101.44,7580.18,4743.9,3.1,2.8
2021,7,2021-07-01,Sudeste,RJ,Petrópolis,Aplicativo,Livros,Produto B,11,1555.92,17115.15,13829.59,3989.34,5.6,3.8
2021,7,2021-07-01,Sudeste,MG,Belo Horizonte,Marketplace,Moda,Produto A,13,367.59,4778.62,3107.81,983.39,6.7,2.54
2021,7,2021-07-01,Sudeste,MG,Uberlândia,Site próprio,Moda,Produto C,14,1346.95,18857.31,11838.41,5647.48,10.9,3.15
2021,7,2021-07-01,Sudeste,MG,Juiz de Fora,Aplicativo,Esporte,Produto C,20,580.23,11604.55,8127.41,3549.01,13.8,2.95
2021,7,2021-07-01,Sudeste,ES,Vitória,Aplicativo,Livros,Produto C,3,2329.0,6987.01,4505.28,2973.43,11.9,4.86
2021,7,2021-07-01,Sudeste,ES,Vila Velha,Site próprio,Esporte,Produto D,3,970.54,2911.63,2362.25,1063.87,14.4,4.12
2021,7,2021-07-01,Sudeste,ES,Serra,Site próprio,Livros,Produto D,9,1841.32,16571.85,9904.81,7390.09,9.2,4.72
2021,7,2021-07-01,Sul,PR,Curitiba,Site próprio,Eletrônicos,Produto D,16,1681.93,26910.9,17350.49,10368.09,5.1,3.71
2021,7,2021-07-01,Sul,PR,Londrina,Site próprio,Esporte,Produto A,12,2225.93,26711.17,15215.97,9329.85,10.9,3.75
2021,7,2021-07-01,Sul,SC,Florianópolis,Marketplace,Livros,Produto C,29,1044.99,30304.79,19079.46,13021.29,3.8,4.77
2021,7,2021-07-01,Sul,SC,Joinville,Marketplace,Eletrônicos,Produto A,11,725.98,7985.79,6130.56,2380.3,8.4,2.55
2021,7,2021-07-01,Sul,RS,Porto Alegre,Marketplace,Beleza,Produto C,4,229.02,916.07,670.74,301.72,14.8,4.34
2021,7,2021-07-01,Sul,RS,Caxias do Sul,Site próprio,Livros,Produto C,1,1785.4,1785.4,1265.67,771.04,5.3,4.2
2021,8,2021-08-01,Norte,AM,Manaus,Marketplace,Esporte,Produto A,24,734.26,17622.15,13439.19,6093.2,9.3,3.18
2021,8,2021-08-01,Norte,PA,Belém,Marketplace,Eletrônicos,Produto B,4,705.63,2822.5,1786.45,650.24,8.6,3.47
2021,8,2021-08-01,Norte,PA,Santarém,Aplicativo,Livros,Produto B,2,2480.49,4960.98,3048.91,1163.78,7.1,2.71
2021,8,2021-08-01,Norte,RO,Porto Velho,Aplicativo,Esporte,Produto C,16,923.46,14775.37,9265.45,4703.36,7.8,4.8
2021,8,2021-08-01,Norte,TO,Palmas,Site próprio,Beleza,Produto D,17,284.38,4834.51,3160.35,2092.97,13.5,2.99
2021,8,2021-08-01,Nordeste,BA,Salvador,Marketplace,Eletrônicos,Produto B,10,1145.64,11456.38,6484.86,4881.89,10.9,4.9
2021,8,2021-08-01,Nordeste,BA,Feira de Santana,Aplicativo,Beleza,Produto D,25,1499.89,37497.15,25360.69,14794.09,12.8,3.11
2021,8,2021-08-01,Nordeste,PE,Recife,Aplicativo,Moda,Produto C,29,780.85,22644.79,12781.29,5551.0,8.9,3.77
2021,8,2021-08-01,Nordeste,PE,Jaboatão dos Guararapes,Aplicativo,Esporte,Produto C,12,938.04,11256.46,6678.61,3963.83,12.2,3.82
2021,8,2021-08-01,Nordeste,CE,Fortaleza,Aplicativo,Moda,Produto B,1,2015.82,2015.82,1376.9,888.01,8.6,3.88
2021,8,2021-08-01,Nordeste,CE,Juazeiro do Norte,Aplicativo,Casa,Produto B,28,1508.56,42239.81,31650.96,18859.59,5.9,4.6
2021,8,2021-08-01,Nordeste,MA,São Luís,Marketplace,Beleza,Produto B,3,1173.29,3519.88,2404.16,983.02,3.2,3.68
2021,8,2021-08-01,Nordeste,PB,João Pessoa,Aplicativo,Beleza,Produto C,28,1996.05,55889.43,44686.9,19591.65,9.5,3.79
2021,8,2021-08-01,Centro-Oeste,DF,Brasília,Site próprio,Beleza,Produto D,8,569.89,4559.12,2825.47,1818.25,8.7,4.77
2021,8,2021-08-01,Centro-Oeste,GO,Goiânia,Aplicativo,Eletrônicos,Produto C,20,903.64,18072.82,14667.91,5969.34,3.0,4.97
2021,8,2021-08-01,Centro-Oeste,GO,Aparecida de Goiânia,Marketplace,Beleza,Produto A,25,655.76,16393.98,9488.53,6164.26,7.1,3.01
2021,8,2021-08-01,Centro-Oeste,MT,Cuiabá,Marketplace,Moda,Produto D,15,1140.11,17101.69,10285.86,6282.63,3.4,3.89
2021,8,2021-08-01,Centro-Oeste,MS,Campo Grande,Aplicativo,Casa,Produto A,22,787.76,17330.7,12693.3,5724.75,11.2,4.99
2021,8,2021-08-01,Sudeste,SP,São Paulo,Aplicativo,Beleza,Produto B,8,927.94,7423.5,4801.98,3272.5,8.6,4.7
2021,8,2021-08-01,Sudeste,SP,Campinas,Marketplace,Beleza,Produto A,19,857.57,16293.92,12108.87,4792.98,13.1,3.43
2021,8,2021-08-01,Sudeste,SP,Ribeirão Preto,Site próprio,Esporte,Produto B,18,1353.96,24371.22,16021.3,6767.21,12.8,2.94
2021,8,2021-08-01,Sudeste,RJ,Rio de Janeiro,Site próprio,Moda,Produto C,16,1824.2,29187.17,22040.84,5299.77,4.7,3.55
2021,8,2021-08-01,Sudeste,RJ,Niterói,Aplicativo,Casa,Produto D,11,434.36,4777.97,2682.04,1548.78,7.3,4.1
2021,8,2021-08-01,Sudeste,RJ,Nova Iguaçu,Aplicativo,Casa,Produto D,20,2496.02,49920.31,32338.79,14687.78,2.7,4.59
2021,8,2021-08-01,Sudeste,RJ,Petrópolis,Site próprio,Moda,Produto C,7,400.84,2805.86,1979.06,1199.58,11.3,4.42
2021,8,2021-08-01,Sudeste,MG,Belo Horizonte,Aplicativo,Casa,Produto C,28,868.91,24329.44,16860.48,8331.67,12.7,3.36
2021,8,2021-08-01,Sudeste,MG,Uberlândia,Marketplace,Moda,Produto A,18,1560.57,28090.32,21839.45,8441.02,11.4,4.47
2021,8,2021-08-01,Sudeste,MG,Juiz de Fora,Aplicativo,Eletrônicos,Produto B,25,974.96,24374.09,19474.87,10695.48,6.0,3.84
2021,8,2021-08-01,Sudeste,ES,Vitória,Marketplace,Eletrônicos,Produto B,22,728.62,16029.64,12706.86,4588.51,12.4,3.08
2021,8,2021-08-01,Sudeste,ES,Vila Velha,Marketplace,Beleza,Produto B,11,1583.21,17415.35,11484.2,7789.74,11.1,4.24
2021,8,2021-08-01,Sudeste,ES,Serra,Aplicativo,Moda,Produto B,21,2400.74,50415.59,28910.14,21209.18,2.4,3.34
2021,8,2021-08-01,Sul,PR,Curitiba,Site próprio,Casa,Produto D,10,1387.96,13879.55,10099.22,3385.01,7.5,3.05
2021,8,2021-08-01,Sul,PR,Londrina,Marketplace,Moda,Produto D,19,424.02,8056.41,4469.03,2889.08,14.5,4.39
2021,8,2021-08-01,Sul,SC,Florianópolis,Marketplace,Livros,Produto B,28,1073.3,30052.3,19058.49,13069.55,5.3,3.36
2021,8,2021-08-01,Sul,SC,Joinville,Aplicativo,Casa,Produto B,2,261.12,522.25,292.94,216.87,13.3,3.01
2021,8,2021-08-01,Sul,RS,Porto Alegre,Aplicativo,Casa,Produto C,5,557.76,2788.81,1733.2,1186.58,12.5,3.31
2021,8,2021-08-01,Sul,RS,Caxias do Sul,Site próprio,Eletrônicos,Produto C,28,1463.91,40989.42,26393.41,10730.99,7.7,2.79
2021,9,2021-09-01,Norte,AM,Manaus,Marketplace,Beleza,Produto A,27,1201.02,32427.45,21151.43,14301.01,6.1,3.2
2021,9,2021-09-01,Norte,PA,Belém,Site próprio,Casa,Produto A,6,2175.55,13053.31,7469.35,4553.66,12.2,4.27
2021,9,2021-09-01,Norte,PA,Santarém,Aplicativo,Beleza,Produto D,20,910.42,18208.41,13115.41,4552.31,10.2,4.83
2021,9,2021-09-01,Norte,RO,Porto Velho,Marketplace,Eletrônicos,Produto B,4,597.79,2391.17,1769.15,632.84,5.9,4.73
2021,9,2021-09-01,Norte,TO,Palmas,Site próprio,Livros,Produto D,8,607.4,4859.17,3172.56,1410.16,11.9,4.49
2021,9,2021-09-01,Nordeste,BA,Salvador,Aplicativo,Esporte,Produto B,10,2177.19,21771.94,14124.84,8166.36,11.6,4.97
2021,9,2021-09-01,Nordeste,BA,Feira de Santana,Site próprio,Esporte,Produto A,11,1334.01,14674.13,9729.63,5382.23,5.7,3.28
2021,9,2021-09-01,Nordeste,PE,Recife,Site próprio,Eletrônicos,Produto B,6,2060.94,12365.62,9668.95,2546.93,5.3,3.96
2021,9,2021-09-01,Nordeste,PE,Jaboatão dos Guararapes,Aplicativo,Eletrônicos,Produto B,18,1502.14,27038.47,16530.95,9481.31,9.4,4.15
2021,9,2021-09-01,Nordeste,CE,Fortaleza,Marketplace,Eletrônicos,Produto D,16,1547.06,24752.93,16402.95,9640.82,8.9,3.45
2021,9,2021-09-01,Nordeste,CE,Juazeiro do Norte,Aplicativo,Esporte,Produto A,24,2257.5,54180.03,37784.14,11614.36,5.0,3.35
2021,9,2021-09-01,Nordeste,MA,São Luís,Site próprio,Livros,Produto A,14,2023.98,28335.65,22645.66,9166.51,7.9,4.28
2021,9,2021-09-01,Nordeste,PB,João Pessoa,Aplicativo,Eletrônicos,Produto C,12,2261.73,27140.72,15610.0,8952.01,2.9,3.83
2021,9,2021-09-01,Centro-Oeste,DF,Brasília,Marketplace,Esporte,Produto B,23,1902.31,43753.05,34420.5,16019.46,8.3,4.99
2021,9,2021-09-01,Centro-Oeste,GO,Goiânia,Aplicativo,Moda,Produto C,9,465.69,4191.19,2426.24,1270.68,6.3,3.28
2021,9,2021-09-01,Centro-Oeste,GO,Aparecida de Goiânia,Site próprio,Eletrônicos,Produto B,8,2339.17,18713.34,10640.22,7776.49,6.9,2.67
2021,9,2021-09-01,Centro-Oeste,MT,Cuiabá,Site próprio,Beleza,Produto B,9,2054.21,18487.89,13926.14,4041.37,2.5,4.83
2021,9,2021-09-01,Centro-Oeste,MS,Campo Grande,Site próprio,Casa,Produto A,14,1554.14,21757.94,12416.65,6822.66,13.8,4.73
2021,9,2021-09-01,Sudeste,SP,São Paulo,Aplicativo,Casa,Produto B,11,1370.06,15070.66,10378.18,4283.58,4.9,3.05
2021,9,2021-09-01,Sudeste,SP,Campinas,Marketplace,Livros,Produto D,22,1430.26,31465.81,24726.21,12057.11,10.0,3.24
2021,9,2021-09-01,Sudeste,SP,Ribeirão Preto,Site próprio,Moda,Produto D,9,1008.42,9075.82,7073.34,3387.18,5.8,3.09
2021,9,2021-09-01,Sudeste,RJ,Rio de Janeiro,Aplicativo,Eletrônicos,Produto A,10,742.4,7423.98,5273.0,1547.11,14.9,3.84
2021,9,2021-09-01,Sudeste,RJ,Niterói,Marketplace,Beleza,Produto A,29,165.79,4807.78,3476.85,911.56,11.4,4.19
2021,9,2021-09-01,Sudeste,RJ,Nova Iguaçu,Marketplace,Livros,Produto D,4,2437.79,9751.14,6475.65,2693.21,5.6,3.52
2021,9,2021-09-01,Sudeste,RJ,Petrópolis,Marketplace,Eletrônicos,Produto B,22,1361.98,29963.6,19584.53,11463.44,6.3,4.94
2021,9,2021-09-01,Sudeste,MG,Belo Horizonte,Aplicativo,Casa,Produto B,13,1304.87,16963.3,9802.52,3285.41,8.5,4.31
2021,9,2021-09-01,Sudeste,MG,Uberlândia,Site próprio,Moda,Produto D,9,1919.77,17277.94,10891.55,5430.03,14.2,4.9
2021,9,2021-09-01,Sudeste,MG,Juiz de Fora,Aplicativo,Beleza,Produto C,26,1620.23,42125.89,29692.01,17023.14,4.6,4.4
2021,9,2021-09-01,Sudeste,ES,Vitória,Marketplace,Moda,Produto A,11,1235.76,13593.37,8950.95,3876.04,12.3,3.01
2021,9,2021-09-01,Sudeste,ES,Vila Velha,Aplicativo,Esporte,Produto B,15,2093.11,31396.6,24271.86,6743.39,9.2,4.09
2021,9,2021-09-01,Sudeste,ES,Serra,Site próprio,Esporte,Produto A,6,2167.99,13007.94,8126.75,2466.72,9.7,3.61
2021,9,2021-09-01,Sul,PR,Curitiba,Marketplace,Beleza,Produto B,4,2489.42,9957.67,8099.01,4060.87,8.8,4.02
2021,9,2021-09-01,Sul,PR,Londrina,Site próprio,Moda,Produto A,3,1416.65,4249.94,2627.84,824.68,10.2,4.66
2021,9,2021-09-01,Sul,SC,Florianópolis,Aplicativo,Moda,Produto B,12,428.89,5146.63,3767.62,1408.69,6.4,4.91
2021,9,2021-09-01,Sul,SC,Joinville,Marketplace,Casa,Produto D,24,508.91,12213.83,8174.61,2363.75,11.3,2.76
2021,9,2021-09-01,Sul,RS,Porto Alegre,Site próprio,Moda,Produto C,16,769.37,12309.94,10055.98,2460.35,11.6,2.99
2021,9,2021-09-01,Sul,RS,Caxias do Sul,Aplicativo,Livros,Produto A,10,1211.27,12112.7,6797.18,4452.16,6.3,4.74
2021,10,2021-10-01,Norte,AM,Manaus,Site próprio,Moda,Produto A,13,1113.98,14481.79,9804.36,3737.6,7.8,4.55
2021,10,2021-10-01,Norte,PA,Belém,Marketplace,Livros,Produto A,21,2105.44,44214.32,27982.29,9211.43,5.0,4.32
2021,10,2021-10-01,Norte,PA,Santarém,Aplicativo,Eletrônicos,Produto B,4,268.22,1072.89,718.47,350.83,7.3,4.17
2021,10,2021-10-01,Norte,RO,Porto Velho,Site próprio,Eletrônicos,Produto D,13,2406.62,31286.0,22474.31,9768.7,5.3,4.06
2021,10,2021-10-01,Norte,TO,Palmas,Aplicativo,Livros,Produto B,9,2119.14,19072.3,11308.48,8151.59,3.8,4.44
2021,10,2021-10-01,Nordeste,BA,Salvador,Aplicativo,Moda,Produto A,23,2238.17,51477.9,39808.5,22082.03,14.8,3.69
2021,10,2021-10-01,Nordeste,BA,Feira de Santana,Marketplace,Eletrônicos,Produto C,2,60.57,121.13,91.83,35.79,12.3,4.53
2021,10,2021-10-01,Nordeste,PE,Recife,Aplicativo,Casa,Produto A,19,492.93,9365.74,7499.6,2508.17,11.9,4.39
2021,10,2021-10-01,Nordeste,PE,Jaboatão dos Guararapes,Aplicativo,Esporte,Produto D,24,1202.35,28856.46,16335.71,8997.39,6.0,3.4
2021,10,2021-10-01,Nordeste,CE,Fortaleza,Marketplace,Eletrônicos,Produto A,19,1592.3,30253.74,24112.4,6483.17,13.1,4.19
2021,10,2021-10-01,Nordeste,CE,Juazeiro do Norte,Site próprio,Livros,Produto B,28,532.68,14914.97,11284.1,4981.03,8.3,4.07
2021,10,2021-10-01,Nordeste,MA,São Luís,Marketplace,Moda,Produto A,18,2236.11,40250.06,26135.87,17056.61,13.2,3.11
2021,10,2021-10-01,Nordeste,PB,João Pessoa,Marketplace,Casa,Produto A,15,2252.83,33792.39,21338.48,8911.4,8.8,3.53
2021,10,2021-10-01,Centro-Oeste,DF,Brasília,Site próprio,Beleza,Produto A,16,194.3,3108.73,2224.36,1054.05,3.7,2.52
2021,10,2021-10-01,Centro-Oeste,GO,Goiânia,Site próprio,Eletrônicos,Produto B,20,450.34,9006.85,7286.31,3067.24,3.5,4.72
2021,10,2021-10-01,Centro-Oeste,GO,Aparecida de Goiânia,Site próprio,Livros,Produto C,5,1142.13,5710.65,3643.96,1487.44,2.6,4.97
2021,10,2021-10-01,Centro-Oeste,MT,Cuiabá,Aplicativo,Casa,Produto D,11,1635.66,17992.26,11710.31,4021.74,7.2,4.0
2021,10,2021-10-01,Centro-Oeste,MS,Campo Grande,Aplicativo,Beleza,Produto C,22,681.14,14985.0,11926.92,6271.61,7.1,4.93
2021,10,2021-10-01,Sudeste,SP,São Paulo,Aplicativo,Moda,Produto D,22,505.72,11125.85,6241.82,2227.91,9.6,2.71
2021,10,2021-10-01,Sudeste,SP,Campinas,Aplicativo,Casa,Produto B,20,749.25,14984.98,11591.37,4264.61,11.2,4.14
2021,10,2021-10-01,Sudeste,SP,Ribeirão Preto,Aplicativo,Moda,Produto C,22,572.11,12586.46,8826.39,5637.48,8.7,4.38
2021,10,2021-10-01,Sudeste,RJ,Rio de Janeiro,Aplicativo,Moda,Produto A,24,1346.56,32317.43,20157.04,6563.34,12.0,3.36
2021,10,2021-10-01,Sudeste,RJ,Niterói,Marketplace,Eletrônicos,Produto B,4,2465.85,9863.4,6335.79,2529.9,8.0,4.09
2021,10,2021-10-01,Sudeste,RJ,Nova Iguaçu,Aplicativo,Livros,Produto D,19,81.24,1543.6,868.7,538.35,2.8,3.77
2021,10,2021-10-01,Sudeste,RJ,Petrópolis,Site próprio,Moda,Produto C,17,1504.76,25580.96,14184.12,7226.47,4.2,4.47
2021,10,2021-10-01,Sudeste,MG,Belo Horizonte,Aplicativo,Moda,Produto B,1,1578.09,1578.09,1229.95,300.95,6.2,3.22
2021,10,2021-10-01,Sudeste,MG,Uberlândia,Marketplace,Livros,Produto A,4,1708.61,6834.42,3839.12,1466.85,13.1,2.51
2021,10,2021-10-01,Sudeste,MG,Juiz de Fora,Aplicativo,Esporte,Produto C,6,1249.15,7494.9,5745.61,2802.31,7.4,2.96
2021,10,2021-10-01,Sudeste,ES,Vitória,Site próprio,Livros,Produto C,11,539.76,5937.34,4551.29,2171.91,10.1,4.57
2021,10,2021-10-01,Sudeste,ES,Vila Velha,Site próprio,Livros,Produto D,8,2268.23,18145.86,10186.65,4281.95,5.7,4.58
2021,10,2021-10-01,Sudeste,ES,Serra,Site próprio,Livros,Produto C,25,1232.77,30819.15,20346.57,5620.37,4.7,4.3
2021,10,2021-10-01,Sul,PR,Curitiba,Marketplace,Casa,Produto B,24,1379.93,33118.32,19473.45,13675.26,9.0,3.08
2021,10,2021-10-01,Sul,PR,Londrina,Aplicativo,Beleza,Produto D,1,1377.28,1377.28,905.52,491.45,5.0,3.74
2021,10,2021-10-01,Sul,SC,Florianópolis,Aplicativo,Casa,Produto C,6,1908.0,11447.98,6502.06,4614.28,5.0,3.73
2021,10,2021-10-01,Sul,SC,Joinville,Aplicativo,Esporte,Produto D,28,363.72,10184.17,6791.16,3020.12,9.6,4.81
2021,10,2021-10-01,Sul,RS,Porto Alegre,Aplicativo,Esporte,Produto A,26,50.1,1302.71,812.32,423.33,5.9,2.54
2021,10,2021-10-01,Sul,RS,Caxias do Sul,Site próprio,Eletrônicos,Produto B,18,594.52,10701.27,7222.96,3692.68,7.1,4.44
2021,11,2021-11-01,Norte,AM,Manaus,Marketplace,Beleza,Produto A,24,1637.78,39306.64,25901.52,17434.87,9.9,4.39
2021,11,2021-11-01,Norte,PA,Belém,Site próprio,Beleza,Produto C,9,416.9,3752.11,2256.98,953.2,7.3,2.89
2021,11,2021-11-01,Norte,PA,Santarém,Site próprio,Eletrônicos,Produto C,17,1077.79,18322.4,10720.46,5499.63,10.9,4.11
2021,11,2021-11-01,Norte,RO,Porto Velho,Site próprio,Casa,Produto A,7,1025.03,7175.2,4278.6,1517.41,7.2,2.55
2021,11,2021-11-01,Norte,TO,Palmas,Site próprio,Livros,Produto B,8,2089.21,16713.69,9810.69,5740.74,2.5,5.0
2021,11,2021-11-01,Nordeste,BA,Salvador,Aplicativo,Moda,Produto D,29,496.87,14409.37,8683.59,3174.98,9.9,3.45
2021,11,2021-11-01,Nordeste,BA,Feira de Santana,Aplicativo,Moda,Produto B,1,2316.66,2316.66,1279.61,994.2,11.1,2.77
2021,11,2021-11-01,Nordeste,PE,Recife,Marketplace,Casa,Produto B,9,2446.49,22018.41,15018.82,4768.4,12.1,4.69
2021,11,2021-11-01,Nordeste,PE,Jaboatão dos Guararapes,Site próprio,Beleza,Produto A,14,1203.44,16848.21,11277.27,4203.03,5.5,4.86
2021,11,2021-11-01,Nordeste,CE,Fortaleza,Site próprio,Casa,Produto C,15,2025.0,30375.02,22227.35,7008.47,9.7,4.38
2021,11,2021-11-01,Nordeste,CE,Juazeiro do Norte,Aplicativo,Esporte,Produto B,20,2415.9,48318.02,37464.46,20369.4,14.4,4.18
2021,11,2021-11-01,Nordeste,MA,São Luís,Marketplace,Moda,Produto C,14,921.52,12901.22,9464.08,5266.67,10.6,2.79
2021,11,2021-11-01,Nordeste,PB,João Pessoa,Aplicativo,Eletrônicos,Produto A,28,884.52,24766.7,18824.11,6568.52,10.4,4.34
2021,11,2021-11-01,Centro-Oeste,DF,Brasília,Site próprio,Eletrônicos,Produto B,6,595.14,3570.87,2739.01,784.74,8.8,3.05
2021,11,2021-11-01,Centro-Oeste,GO,Goiânia,Aplicativo,Moda,Produto B,24,1656.64,39759.3,29872.52,13654.82,13.4,4.26
2021,11,2021-11-01,Centro-Oeste,GO,Aparecida de Goiânia,Aplicativo,Livros,Produto C,11,1971.14,21682.5,14174.49,7577.02,3.8,2.65
2021,11,2021-11-01,Centro-Oeste,MT,Cuiabá,Aplicativo,Esporte,Produto D,11,2200.95,24210.42,18847.86,4600.62,6.8,3.47
2021,11,2021-11-01,Centro-Oeste,MS,Campo Grande,Aplicativo,Moda,Produto C,10,802.09,8020.86,4721.6,1851.47,13.4,3.94
2021,11,2021-11-01,Sudeste,SP,São Paulo,Site próprio,Livros,Produto B,13,1998.31,25978.0,17111.83,8922.32,4.6,4.8
2021,11,2021-11-01,Sudeste,SP,Campinas,Site próprio,Livros,Produto B,18,142.42,2563.59,1620.07,1127.2,2.4,4.66
2021,11,2021-11-01,Sudeste,SP,Ribeirão Preto,Marketplace,Moda,Produto A,13,608.68,7912.84,5478.32,3221.14,8.5,4.99
2021,11,2021-11-01,Sudeste,RJ,Rio de Janeiro,Marketplace,Esporte,Produto D,1,1747.18,1747.18,1135.95,501.11,4.0,2.57
2021,11,2021-11-01,Sudeste,RJ,Niterói,Aplicativo,Moda,Produto A,9,963.72,8673.51,5765.46,1584.73,4.6,2.96
2021,11,2021-11-01,Sudeste,RJ,Nova Iguaçu,Marketplace,Moda,Produto C,21,339.66,7132.79,5764.91,1326.71,13.1,4.45
2021,11,2021-11-01,Sudeste,RJ,Petrópolis,Marketplace,Livros,Produto A,9,2005.63,18050.7,13058.46,6908.95,6.5,4.47
2021,11,2021-11-01,Sudeste,MG,Belo Horizonte,Marketplace,Casa,Produto D,1,2167.57,2167.57,1282.95,530.14,3.8,2.51
2021,11,2021-11-01,Sudeste,MG,Uberlândia,Site próprio,Esporte,Produto A,28,2313.25,64771.11,41198.09,28851.33,9.5,5.0
2021,11,2021-11-01,Sudeste,MG,Juiz de Fora,Marketplace,Eletrônicos,Produto A,29,1779.74,51612.43,32554.97,12018.28,9.0,4.26
2021,11,2021-11-01,Sudeste,ES,Vitória,Marketplace,Eletrônicos,Produto A,25,262.22,6555.54,3712.6,2605.42,7.4,3.6
2021,11,2021-11-01,Sudeste,ES,Vila Velha,Marketplace,Moda,Produto C,21,1225.64,25738.38,16850.66,7825.1,13.7,4.65
2021,11,2021-11-01,Sudeste,ES,Serra,Aplicativo,Eletrônicos,Produto B,21,408.18,8571.7,6523.11,2986.21,3.7,4.75
2021,11,2021-11-01,Sul,PR,Curitiba,Marketplace,Moda,Produto A,11,2434.68,26781.47,15264.13,5321.09,11.7,3.94
2021,11,2021-11-01,Sul,PR,Londrina,Aplicativo,Casa,Produto D,11,1465.62,16121.83,10204.95,4190.34,14.8,4.07
2021,11,2021-11-01,Sul,SC,Florianópolis,Site próprio,Eletrônicos,Produto C,7,753.01,5271.04,4284.04,988.41,5.9,4.23
2021,11,2021-11-01,Sul,SC,Joinville,Aplicativo,Esporte,Produto D,28,1901.63,53245.7,30035.75,15309.64,2.4,3.34
2021,11,2021-11-01,Sul,RS,Porto Alegre,Site próprio,Esporte,Produto C,29,648.33,18801.62,10347.75,7081.07,13.5,4.09
2021,11,2021-11-01,Sul,RS,Caxias do Sul,Aplicativo,Casa,Produto D,8,366.81,2934.49,2380.46,780.08,11.9,2.97
2021,12,2021-12-01,Norte,AM,Manaus,Marketplace,Casa,Produto D,22,2221.8,48879.67,27394.69,19887.82,13.8,3.34
2021,12,2021-12-01,Norte,PA,Belém,Aplicativo,Esporte,Produto D,9,2351.58,21164.21,17072.2,4556.08,6.5,4.96
2021,12,2021-12-01,Norte,PA,Santarém,Marketplace,Eletrônicos,Produto B,6,323.7,1942.2,1294.02,446.03,13.4,3.15
2021,12,2021-12-01,Norte,RO,Porto Velho,Marketplace,Casa,Produto D,18,958.42,17251.52,10831.64,7053.16,7.0,3.96
2021,12,2021-12-01,Norte,TO,Palmas,Marketplace,Moda,Produto A,25,1838.21,45955.17,27028.6,8300.08,13.1,4.95
2021,12,2021-12-01,Nordeste,BA,Salvador,Marketplace,Moda,Produto D,21,2006.24,42131.11,27772.52,14115.43,7.7,4.25
2021,12,2021-12-01,Nordeste,BA,Feira de Santana,Site próprio,Moda,Produto C,9,1537.1,13833.9,9305.54,3137.44,12.4,2.97
2021,12,2021-12-01,Nordeste,PE,Recife,Aplicativo,Livros,Produto B,28,140.97,3947.04,2465.02,1601.73,14.4,2.68
2021,12,2021-12-01,Nordeste,PE,Jaboatão dos Guararapes,Aplicativo,Casa,Produto D,22,2282.7,50219.48,32417.84,14079.74,2.9,2.72
2021,12,2021-12-01,Nordeste,CE,Fortaleza,Site próprio,Beleza,Produto B,12,1005.43,12065.21,8293.47,3019.94,11.4,4.13
2021,12,2021-12-01,Nordeste,CE,Juazeiro do Norte,Site próprio,Livros,Produto B,14,2307.15,32300.14,18793.07,11957.26,12.0,3.89
2021,12,2021-12-01,Nordeste,MA,São Luís,Site próprio,Eletrônicos,Produto B,5,1543.2,7715.99,4897.42,3373.37,13.9,4.76
2021,12,2021-12-01,Nordeste,PB,João Pessoa,Site próprio,Livros,Produto A,22,2072.73,45600.07,32175.41,16219.05,4.0,4.14
2021,12,2021-12-01,Centro-Oeste,DF,Brasília,Marketplace,Beleza,Produto D,13,2352.91,30587.77,22804.64,10665.27,7.1,3.33
2021,12,2021-12-01,Centro-Oeste,GO,Goiânia,Marketplace,Moda,Produto D,1,1684.29,1684.29,1113.8,623.29,14.5,4.19
2021,12,2021-12-01,Centro-Oeste,GO,Aparecida de Goiânia,Site próprio,Eletrônicos,Produto D,21,1254.16,26337.26,14740.31,10778.56,10.5,2.61
2021,12,2021-12-01,Centro-Oeste,MT,Cuiabá,Aplicativo,Livros,Produto D,12,2466.89,29602.68,21862.83,5975.08,4.6,2.55
2021,12,2021-12-01,Centro-Oeste,MS,Campo Grande,Marketplace,Beleza,Produto C,22,1987.17,43717.78,34411.3,8556.52,14.1,4.06
2021,12,2021-12-01,Sudeste,SP,São Paulo,Marketplace,Moda,Produto A,19,1767.11,33575.06,19865.97,15041.81,14.4,3.02
2021,12,2021-12-01,Sudeste,SP,Campinas,Aplicativo,Eletrônicos,Produto C,27,264.5,7141.43,5075.22,2225.15,10.1,4.54
2021,12,2021-12-01,Sudeste,SP,Ribeirão Preto,Marketplace,Beleza,Produto D,11,1496.69,16463.64,10707.68,3213.62,8.2,3.7
2021,12,2021-12-01,Sudeste,RJ,Rio de Janeiro,Site próprio,Beleza,Produto B,18,439.94,7918.94,6433.12,1448.9,8.3,4.35
2021,12,2021-12-01,Sudeste,RJ,Niterói,Marketplace,Eletrônicos,Produto A,4,883.66,3534.64,2349.9,1556.67,2.7,3.56
2021,12,2021-12-01,Sudeste,RJ,Nova Iguaçu,Site próprio,Beleza,Produto D,9,260.67,2346.04,1672.87,807.99,14.7,4.25
2021,12,2021-12-01,Sudeste,RJ,Petrópolis,Site próprio,Livros,Produto A,4,1443.21,5772.83,4598.16,2122.02,12.8,4.6
2021,12,2021-12-01,Sudeste,MG,Belo Horizonte,Aplicativo,Esporte,Produto B,3,573.1,1719.31,1207.5,691.14,11.1,2.8
2021,12,2021-12-01,Sudeste,MG,Uberlândia,Marketplace,Beleza,Produto C,24,2426.59,58238.06,43856.95,17661.58,7.1,3.26
2021,12,2021-12-01,Sudeste,MG,Juiz de Fora,Marketplace,Esporte,Produto A,20,1585.84,31716.89,24975.0,13134.53,7.4,4.03
2021,12,2021-12-01,Sudeste,ES,Vitória,Marketplace,Eletrônicos,Produto C,13,338.52,4400.82,3406.41,1877.21,3.3,4.58
2021,12,2021-12-01,Sudeste,ES,Vila Velha,Site próprio,Moda,Produto B,20,429.42,8588.33,5114.03,2840.17,12.5,2.66
2021,12,2021-12-01,Sudeste,ES,Serra,Site próprio,Beleza,Produto A,26,1438.3,37395.88,24415.36,8754.42,3.2,3.47
2021,12,2021-12-01,Sul,PR,Curitiba,Marketplace,Moda,Produto B,7,1718.97,12032.76,8331.16,3345.84,10.9,3.71
2021,12,2021-12-01,Sul,PR,Londrina,Marketplace,Esporte,Produto A,20,88.99,1779.8,1330.88,326.14,8.7,4.92
2021,12,2021-12-01,Sul,SC,Florianópolis,Aplicativo,Moda,Produto A,7,1019.57,7136.97,5134.99,2708.21,14.5,4.93
2021,12,2021-12-01,Sul,SC,Joinville,Marketplace,Eletrônicos,Produto C,26,1824.92,47447.99,28512.35,16373.29,5.1,3.68
2021,12,2021-12-01,Sul,RS,Porto Alegre,Marketplace,Eletrônicos,Produto C,2,277.63,555.25,335.13,100.39,9.3,4.62
2021,12,2021-12-01,Sul,RS,Caxias do Sul,Site próprio,Beleza,Produto B,21,953.17,20016.51,13776.03,8956.71,5.5,4.45
2022,1,2022-01-01,Norte,AM,Manaus,Site próprio,Casa,Produto C,16,2371.38,37942.04,23391.92,10838.03,14.3,4.87
2022,1,2022-01-01,Norte,PA,Belém,Marketplace,Casa,Produto C,19,311.88,5925.65,3796.68,1233.24,4.1,3.69
2022,1,2022-01-01,Norte,PA,Santarém,Aplicativo,Eletrônicos,Produto A,24,81.64,1959.27,1111.77,675.48,12.1,3.59
2022,1,2022-01-01,Norte,RO,Porto Velho,Aplicativo,Esporte,Produto A,10,545.66,5456.58,3362.04,2264.06,2.2,4.28
2022,1,2022-01-01,Norte,TO,Palmas,Aplicativo,Esporte,Produto C,16,343.88,5502.12,4323.89,1261.9,10.6,4.12
2022,1,2022-01-01,Nordeste,BA,Salvador,Aplicativo,Esporte,Produto B,26,325.15,8453.86,6286.22,1542.59,5.0,4.9
2022,1,2022-01-01,Nordeste,BA,Feira de Santana,Aplicativo,Livros,Produto D,15,339.05,5085.78,3585.52,983.55,11.6,4.88
2022,1,2022-01-01,Nordeste,PE,Recife,Aplicativo,Eletrônicos,Produto D,29,928.67,26931.32,18678.27,9852.22,4.7,4.37
2022,1,2022-01-01,Nordeste,PE,Jaboatão dos Guararapes,Marketplace,Eletrônicos,Produto C,12,1455.19,17462.3,10661.58,5265.86,11.0,3.47
2022,1,2022-01-01,Nordeste,CE,Fortaleza,Marketplace,Moda,Produto D,26,1941.42,50476.97,30134.17,21991.93,8.5,4.96
2022,1,2022-01-01,Nordeste,CE,Juazeiro do Norte,Marketplace,Casa,Produto C,23,772.11,17758.53,13490.1,4892.12,13.5,4.01
2022,1,2022-01-01,Nordeste,MA,São Luís,Aplicativo,Moda,Produto C,29,1089.24,31588.08,20510.32,8626.71,7.7,4.05
2022,1,2022-01-01,Nordeste,PB,João Pessoa,Aplicativo,Moda,Produto A,8,1990.83,15926.65,10556.21,6793.22,8.8,2.89
2022,1,2022-01-01,Centro-Oeste,DF,Brasília,Marketplace,Esporte,Produto C,9,212.19,1909.75,1461.72,809.57,2.1,3.15
2022,1,2022-01-01,Centro-Oeste,GO,Goiânia,Marketplace,Casa,Produto D,28,714.59,20008.41,15365.44,5322.67,7.2,2.65
2022,1,2022-01-01,Centro-Oeste,GO,Aparecida de Goiânia,Marketplace,Casa,Produto C,16,1227.27,19636.38,12323.55,5385.63,3.6,3.86
2022,1,2022-01-01,Centro-Oeste,MT,Cuiabá,Aplicativo,Beleza,Produto D,5,1809.39,9046.97,7205.42,3015.97,9.8,2.92
2022,1,2022-01-01,Centro-Oeste,MS,Campo Grande,Site próprio,Beleza,Produto C,9,749.0,6740.96,3989.11,2926.02,4.7,3.37
2022,1,2022-01-01,Sudeste,SP,São Paulo,Aplicativo,Moda,Produto D,2,2348.17,4696.34,3409.33,1119.87,9.9,3.8
2022,1,2022-01-01,Sudeste,SP,Campinas,Site próprio,Beleza,Produto A,11,2201.48,24216.3,14903.59,5352.27,8.2,2.75
2022,1,2022-01-01,Sudeste,SP,Ribeirão Preto,Marketplace,Livros,Produto B,14,1646.22,23047.14,18661.79,5680.9,2.8,4.87
2022,1,2022-01-01,Sudeste,RJ,Rio de Janeiro,Site próprio,Esporte,Produto A,24,2025.09,48602.08,33719.09,11478.23,13.4,4.99
2022,1,2022-01-01,Sudeste,RJ,Niterói,Aplicativo,Moda,Produto D,18,2226.78,40082.0,22455.64,16665.35,9.2,4.12
2022,1,2022-01-01,Sudeste,RJ,Nova Iguaçu,Aplicativo,Livros,Produto A,8,293.75,2349.99,1740.87,573.8,10.9,4.27
2022,1,2022-01-01,Sudeste,RJ,Petrópolis,Marketplace,Moda,Produto A,15,1022.09,15331.32,10752.78,3894.6,10.5,4.47
2022,1,2022-01-01,Sudeste,MG,Belo Horizonte,Marketplace,Beleza,Produto B,18,2255.33,40596.03,28377.93,11666.42,2.5,3.12
2022,1,2022-01-01,Sudeste,MG,Uberlândia,Marketplace,Esporte,Produto C,7,782.11,5474.77,3014.33,1891.49,12.2,2.53
2022,1,2022-01-01,Sudeste,MG,Juiz de Fora,Marketplace,Livros,Produto C,9,1706.82,15361.41,9223.61,5922.72,13.5,3.32
2022,1,2022-01-01,Sudeste,ES,Vitória,Site próprio,Moda,Produto C,27,1408.86,38039.17,29429.57,16436.56,14.4,4.36
2022,1,2022-01-01,Sudeste,ES,Vila Velha,Marketplace,Esporte,Produto B,25,2322.73,58068.34,36035.2,19693.57,2.5,2.92
2022,1,2022-01-01,Sudeste,ES,Serra,Aplicativo,Beleza,Produto D,22,968.02,21296.49,17227.77,9321.31,9.5,3.29
2022,1,2022-01-01,Sul,PR,Curitiba,Aplicativo,Eletrônicos,Produto A,14,2018.94,28265.22,17395.52,5303.91,4.1,4.79
2022,1,2022-01-01,Sul,PR,Londrina,Aplicativo,Eletrônicos,Produto C,28,1225.39,34311.02,20217.51,7076.8,6.0,2.79
2022,1,2022-01-01,Sul,SC,Florianópolis,Marketplace,Livros,Produto B,14,1392.12,19489.66,11691.58,5961.55,13.9,3.99
2022,1,2022-01-01,Sul,SC,Joinville,Marketplace,Moda,Produto C,15,964.72,14470.8,8402.09,5070.9,11.5,3.31
2022,1,2022-01-01,Sul,RS,Porto Alegre,Site próprio,Esporte,Produto C,10,313.78,3137.78,2052.44,1220.77,14.0,4.7
2022,1,2022-01-01,Sul,RS,Caxias do Sul,Marketplace,Moda,Produto C,5,2162.41,10812.05,7540.69,2078.0,2.7,4.85
2022,2,2022-02-01,Norte,AM,Manaus,Marketplace,Beleza,Produto D,4,2230.69,8922.75,6909.92,2184.51,11.7,4.56
2022,2,2022-02-01,Norte,PA,Belém,Aplicativo,Esporte,Produto A,14,1147.23,16061.16,9602.65,5014.41,14.2,4.41
2022,2,2022-02-01,Norte,PA,Santarém,Site próprio,Eletrônicos,Produto C,1,1692.07,1692.07,1010.55,594.04,14.7,2.84
2022,2,2022-02-01,Norte,RO,Porto Velho,Site próprio,Beleza,Produto A,10,369.9,3699.03,2478.61,1125.71,6.8,3.51
2022,2,2022-02-01,Norte,TO,Palmas,Site próprio,Moda,Produto C,25,1017.14,25428.56,14433.52,7711.69,6.1,3.23
2022,2,2022-02-01,Nordeste,BA,Salvador,Aplicativo,Esporte,Produto B,28,266.45,7460.6,4419.54,2974.11,13.4,4.11
2022,2,2022-02-01,Nordeste,BA,Feira de Santana,Aplicativo,Casa,Produto C,5,1915.68,9578.38,7423.63,3163.22,7.3,3.34
2022,2,2022-02-01,Nordeste,PE,Recife,Aplicativo,Beleza,Produto A,18,254.73,4585.07,3505.4,919.01,4.4,3.6
2022,2,2022-02-01,Nordeste,PE,Jaboatão dos Guararapes,Aplicativo,Eletrônicos,Produto D,24,1221.11,29306.61,17759.54,8057.55,7.4,4.22
2022,2,2022-02-01,Nordeste,CE,Fortaleza,Aplicativo,Esporte,Produto D,6,2052.77,12316.62,8574.67,4591.65,2.9,4.01
2022,2,2022-02-01,Nordeste,CE,Juazeiro do Norte,Aplicativo,Casa,Produto C,5,638.98,3194.88,2452.02,766.87,4.9,4.57
2022,2,2022-02-01,Nordeste,MA,São Luís,Aplicativo,Esporte,Produto C,11,1368.45,15052.94,10811.78,4046.84,3.7,2.59
2022,2,2022-02-01,Nordeste,PB,João Pessoa,Site próprio,Livros,Produto C,26,1275.72,33168.64,24585.22,9958.76,8.9,3.72
2022,2,2022-02-01,Centro-Oeste,DF,Brasília,Marketplace,Esporte,Produto B,18,2245.76,40423.64,27543.92,15434.94,4.6,3.16
2022,2,2022-02-01,Centro-Oeste,GO,Goiânia,Marketplace,Moda,Produto C,14,1878.84,26303.75,18580.66,6526.23,9.1,3.4
2022,2,2022-02-01,Centro-Oeste,GO,Aparecida de Goiânia,Aplicativo,Moda,Produto C,2,68.87,137.75,88.28,36.13,5.3,4.26
2022,2,2022-02-01,Centro-Oeste,MT,Cuiabá,Site próprio,Beleza,Produto C,9,1132.55,10192.96,5806.26,2428.07,5.3,2.8
2022,2,2022-02-01,Centro-Oeste,MS,Campo Grande,Aplicativo,Esporte,Produto D,3,1764.2,5292.59,3588.85,1708.19,4.0,4.56
2022,2,2022-02-01,Sudeste,SP,São Paulo,Aplicativo,Livros,Produto B,15,1492.07,22381.03,16960.9,6036.77,10.5,3.91
2022,2,2022-02-01,Sudeste,SP,Campinas,Aplicativo,Moda,Produto B,29,852.91,24734.52,18558.86,10104.53,3.8,4.61
2022,2,2022-02-01,Sudeste,SP,Ribeirão Preto,Marketplace,Casa,Produto C,25,845.12,21128.07,12253.02,9468.63,3.4,3.94
2022,2,2022-02-01,Sudeste,RJ,Rio de Janeiro,Site próprio,Esporte,Produto A,9,1781.38,16032.4,9200.43,3330.67,4.3,2.67
2022,2,2022-02-01,Sudeste,RJ,Niterói,Aplicativo,Esporte,Produto C,29,2080.77,60342.34,45078.66,26782.85,6.2,4.81
2022,2,2022-02-01,Sudeste,RJ,Nova Iguaçu,Marketplace,Esporte,Produto C,21,2130.46,44739.62,32129.69,13091.12,7.4,4.74
2022,2,2022-02-01,Sudeste,RJ,Petrópolis,Aplicativo,Moda,Produto C,25,78.07,1951.63,1491.31,562.44,12.4,3.26
2022,2,2022-02-01,Sudeste,MG,Belo Horizonte,Aplicativo,Esporte,Produto B,26,2273.05,59099.38,35060.25,11500.65,13.3,2.83
2022,2,2022-02-01,Sudeste,MG,Uberlândia,Marketplace,Casa,Produto A,6,400.59,2403.51,1485.99,1036.16,10.3,4.34
2022,2,2022-02-01,Sudeste,MG,Juiz de Fora,Aplicativo,Esporte,Produto D,20,109.96,2199.13,1333.84,524.43,2.1,4.54
2022,2,2022-02-01,Sudeste,ES,Vitória,Marketplace,Livros,Produto B,10,405.01,4050.13,3128.68,1772.39,6.4,3.7
2022,2,2022-02-01,Sudeste,ES,Vila Velha,Aplicativo,Eletrônicos,Produto D,27,1667.91,45033.62,32534.29,19984.0,9.7,3.35
2022,2,2022-02-01,Sudeste,ES,Serra,Marketplace,Esporte,Produto B,23,917.2,21095.58,16196.03,6757.08,14.7,3.87
2022,2,2022-02-01,Sul,PR,Curitiba,Marketplace,Livros,Produto B,7,1386.92,9708.42,7126.54,2421.5,13.1,4.16
2022,2,2022-02-01,Sul,PR,Londrina,Aplicativo,Esporte,Produto C,25,1413.15,35328.87,21720.29,9466.73,11.4,4.28
2022,2,2022-02-01,Sul,SC,Florianópolis,Marketplace,Beleza,Produto C,9,1307.9,11771.13,8140.18,3923.97,2.5,2.75
2022,2,2022-02-01,Sul,SC,Joinville,Site próprio,Casa,Produto A,29,174.96,5073.88,3290.76,1193.65,5.8,4.51
2022,2,2022-02-01,Sul,RS,Porto Alegre,Marketplace,Eletrônicos,Produto C,7,501.23,3508.62,2252.0,1060.3,5.5,3.7
2022,2,2022-02-01,Sul,RS,Caxias do Sul,Site próprio,Casa,Produto D,21,135.1,2837.05,2287.47,1076.54,12.0,4.37
2022,3,2022-03-01,Norte,AM,Manaus,Aplicativo,Beleza,Produto A,22,149.93,3298.42,2013.29,1231.41,10.8,4.09
2022,3,2022-03-01,Norte,PA,Belém,Marketplace,Esporte,Produto D,15,2498.25,37473.8,23878.83,11368.09,13.7,2.71
2022,3,2022-03-01,Norte,PA,Santarém,Site próprio,Casa,Produto D,14,2322.31,32512.3,26130.43,6435.52,12.2,4.84
2022,3,2022-03-01,Norte,RO,Porto Velho,Marketplace,Esporte,Produto B,23,787.9,18121.72,10387.91,6618.4,10.3,4.77
2022,3,2022-03-01,Norte,TO,Palmas,Aplicativo,Eletrônicos,Produto D,25,1172.47,29311.65,19209.8,8642.69,5.3,2.79
2022,3,2022-03-01,Nordeste,BA,Salvador,Aplicativo,Esporte,Produto A,10,1224.47,12244.74,7640.63,2982.74,12.4,3.46
2022,3,2022-03-01,Nordeste,BA,Feira de Santana,Marketplace,Livros,Produto D,19,1929.76,36665.39,28070.99,12946.63,11.4,4.32
2022,3,2022-03-01,Nordeste,PE,Recife,Site próprio,Moda,Produto C,23,2242.03,51566.75,37104.21,15897.72,10.8,4.2
2022,3,2022-03-01,Nordeste,PE,Jaboatão dos Guararapes,Marketplace,Eletrônicos,Produto D,25,652.14,16303.56,10600.55,6497.33,2.1,2.63
2022,3,2022-03-01,Nordeste,CE,Fortaleza,Marketplace,Moda,Produto B,21,1336.6,28068.6,19486.96,7006.28,2.9,4.54
2022,3,2022-03-01,Nordeste,CE,Juazeiro do Norte,Aplicativo,Beleza,Produto A,25,2253.15,56328.85,33617.55,24565.6,9.2,4.09
2022,3,2022-03-01,Nordeste,MA,São Luís,Marketplace,Beleza,Produto B,1,382.86,382.86,277.33,141.44,2.8,3.38
2022,3,2022-03-01,Nordeste,PB,João Pessoa,Aplicativo,Livros,Produto A,12,1708.87,20506.47,14601.1,8088.27,5.0,4.31
2022,3,2022-03-01,Centro-Oeste,DF,Brasília,Aplicativo,Esporte,Produto D,6,1779.04,10674.25,6225.98,2760.73,12.1,2.97
2022,3,2022-03-01,Centro-Oeste,GO,Goiânia,Aplicativo,Eletrônicos,Produto D,11,566.05,6226.58,4691.58,1250.28,12.8,4.14
2022,3,2022-03-01,Centro-Oeste,GO,Aparecida de Goiânia,Site próprio,Esporte,Produto A,23,198.44,4564.03,3706.45,1633.33,12.9,3.11
2022,3,2022-03-01,Centro-Oeste,MT,Cuiabá,Marketplace,Esporte,Produto A,28,671.33,18797.26,13926.89,7889.34,3.6,4.09
2022,3,2022-03-01,Centro-Oeste,MS,Campo Grande,Site próprio,Eletrônicos,Produto C,4,2103.47,8413.89,5107.16,3607.87,13.6,2.59
2022,3,2022-03-01,Sudeste,SP,São Paulo,Aplicativo,Eletrônicos,Produto D,12,1496.66,17959.94,11915.49,6178.39,11.2,4.09
2022,3,2022-03-01,Sudeste,SP,Campinas,Aplicativo,Beleza,Produto A,29,1767.39,51254.27,32253.38,17121.3,12.6,2.94
2022,3,2022-03-01,Sudeste,SP,Ribeirão Preto,Marketplace,Beleza,Produto B,29,1719.55,49866.86,36917.32,18925.17,13.4,3.06
2022,3,2022-03-01,Sudeste,RJ,Rio de Janeiro,Marketplace,Eletrônicos,Produto D,21,2090.29,43896.09,32716.1,18794.44,7.5,3.54
2022,3,2022-03-01,Sudeste,RJ,Niterói,Site próprio,Eletrônicos,Produto B,9,1649.58,14846.18,9382.44,3032.08,2.9,4.41
2022,3,2022-03-01,Sudeste,RJ,Nova Iguaçu,Site próprio,Eletrônicos,Produto B,10,1368.59,13685.93,7644.13,3694.97,13.8,3.49
2022,3,2022-03-01,Sudeste,RJ,Petrópolis,Site próprio,Esporte,Produto D,1,1525.13,1525.13,995.51,625.25,3.6,3.43
2022,3,2022-03-01,Sudeste,MG,Belo Horizonte,Marketplace,Casa,Produto B,12,1675.43,20105.21,11105.54,6863.08,2.7,2.87
2022,3,2022-03-01,Sudeste,MG,Uberlândia,Aplicativo,Moda,Produto B,4,711.17,2844.67,1961.29,1224.43,7.8,4.09
2022,3,2022-03-01,Sudeste,MG,Juiz de Fora,Aplicativo,Beleza,Produto D,21,1891.53,39722.03,30948.04,10683.64,13.2,4.67
2022,3,2022-03-01,Sudeste,ES,Vitória,Aplicativo,Casa,Produto D,15,421.77,6326.6,4020.65,2373.52,5.6,3.56
2022,3,2022-03-01,Sudeste,ES,Vila Velha,Site próprio,Esporte,Produto A,9,1340.11,12061.01,8782.61,3663.58,11.1,2.77
2022,3,2022-03-01,Sudeste,ES,Serra,Aplicativo,Esporte,Produto A,29,1079.29,31299.32,20136.76,14045.24,4.7,4.65
2022,3,2022-03-01,Sul,PR,Curitiba,Marketplace,Esporte,Produto C,10,1965.5,19654.95,12034.06,4397.34,7.8,4.35
2022,3,2022-03-01,Sul,PR,Londrina,Site próprio,Moda,Produto A,1,692.67,692.67,564.18,266.47,10.4,4.1
2022,3,2022-03-01,Sul,SC,Florianópolis,Site próprio,Livros,Produto C,5,1408.83,7044.16,4824.9,2326.21,9.1,3.8
2022,3,2022-03-01,Sul,SC,Joinville,Marketplace,Beleza,Produto A,6,1343.81,8062.85,5830.0,2143.89,6.0,4.12
2022,3,2022-03-01,Sul,RS,Porto Alegre,Marketplace,Eletrônicos,Produto D,26,239.81,6234.94,4727.94,2775.33,12.1,2.93
2022,3,2022-03-01,Sul,RS,Caxias do Sul,Aplicativo,Moda,Produto C,20,1772.94,35458.78,24843.65,10784.02,9.1,4.75
2022,4,2022-04-01,Norte,AM,Manaus,Aplicativo,Eletrônicos,Produto C,8,2386.62,19092.94,14375.17,8543.97,5.6,2.81
2022,4,2022-04-01,Norte,PA,Belém,Marketplace,Moda,Produto C,18,1699.01,30582.12,19727.3,6922.78,10.6,4.89
2022,4,2022-04-01,Norte,PA,Santarém,Aplicativo,Casa,Produto C,27,712.63,19241.04,13263.67,7007.85,6.8,3.82
2022,4,2022-04-01,Norte,RO,Porto Velho,Site próprio,Casa,Produto D,22,2193.35,48253.79,36241.68,15618.69,3.8,2.55
2022,4,2022-04-01,Norte,TO,Palmas,Site próprio,Livros,Produto A,12,1806.95,21683.43,14613.27,9400.88,12.9,4.1
2022,4,2022-04-01,Nordeste,BA,Salvador,Site próprio,Beleza,Produto B,18,1945.38,35016.79,23650.85,15188.36,11.5,3.07
2022,4,2022-04-01,Nordeste,BA,Feira de Santana,Marketplace,Beleza,Produto D,3,1025.09,3075.26,2257.83,998.1,12.8,3.09
2022,4,2022-04-01,Nordeste,PE,Recife,Aplicativo,Livros,Produto A,28,1159.0,32452.14,26597.37,8475.22,2.2,3.63
2022,4,2022-04-01,Nordeste,PE,Jaboatão dos Guararapes,Aplicativo,Livros,Produto A,3,198.31,594.92,401.43,181.93,7.0,4.28
2022,4,2022-04-01,Nordeste,CE,Fortaleza,Site próprio,Esporte,Produto C,17,1223.94,20806.99,12803.79,5941.32,12.0,4.64
2022,4,2022-04-01,Nordeste,CE,Juazeiro do Norte,Aplicativo,Casa,Produto B,22,2345.72,51605.91,40080.87,9857.4,7.8,3.38
2022,4,2022-04-01,Nordeste,MA,São Luís,Aplicativo,Casa,Produto C,22,515.92,11350.35,8003.6,3678.57,14.7,3.93
2022,4,2022-04-01,Nordeste,PB,João Pessoa,Marketplace,Eletrônicos,Produto A,24,2438.45,58522.91,45052.56,20947.39,5.2,4.84
2022,4,2022-04-01,Centro-Oeste,DF,Brasília,Marketplace,Livros,Produto B,6,764.64,4587.84,2968.58,915.77,7.2,4.65
2022,4,2022-04-01,Centro-Oeste,GO,Goiânia,Aplicativo,Beleza,Produto B,22,1975.15,43453.25,28885.41,11971.75,10.3,3.66
2022,4,2022-04-01,Centro-Oeste,GO,Aparecida de Goiânia,Marketplace,Eletrônicos,Produto B,12,331.04,3972.46,3144.28,1095.64,14.0,3.23
2022,4,2022-04-01,Centro-Oeste,MT,Cuiabá,Aplicativo,Beleza,Produto A,24,209.05,5017.16,3149.19,1287.1,11.4,4.71
2022,4,2022-04-01,Centro-Oeste,MS,Campo Grande,Site próprio,Moda,Produto C,14,915.4,12815.56,10198.58,3894.34,10.8,3.42
2022,4,2022-04-01,Sudeste,SP,São Paulo,Marketplace,Livros,Produto A,2,1153.57,2307.14,1594.78,773.63,3.2,4.63
2022,4,2022-04-01,Sudeste,SP,Campinas,Aplicativo,Casa,Produto C,26,246.03,6396.68,4591.69,2017.3,14.5,3.32
2022,4,2022-04-01,Sudeste,SP,Ribeirão Preto,Site próprio,Moda,Produto C,14,472.7,6617.79,3803.21,2804.56,5.9,2.86
2022,4,2022-04-01,Sudeste,RJ,Rio de Janeiro,Site próprio,Esporte,Produto C,28,1238.79,34686.19,23686.76,13976.14,12.1,4.71
2022,4,2022-04-01,Sudeste,RJ,Niterói,Marketplace,Esporte,Produto A,17,1068.99,18172.88,12508.4,5845.29,14.7,2.81
2022,4,2022-04-01,Sudeste,RJ,Nova Iguaçu,Aplicativo,Esporte,Produto B,28,101.72,2848.2,2291.49,1190.86,10.0,2.55
2022,4,2022-04-01,Sudeste,RJ,Petrópolis,Marketplace,Beleza,Produto D,9,1230.66,11075.91,6697.45,3606.7,5.7,4.14
2022,4,2022-04-01,Sudeste,MG,Belo Horizonte,Site próprio,Beleza,Produto B,8,2307.08,18456.65,13435.25,7624.17,14.0,2.62
2022,4,2022-04-01,Sudeste,MG,Uberlândia,Marketplace,Livros,Produto A,8,1927.8,15422.43,8932.61,5331.51,8.8,3.02
2022,4,2022-04-01,Sudeste,MG,Juiz de Fora,Site próprio,Esporte,Produto D,16,2180.79,34892.61,20369.54,6856.26,12.7,4.52
2022,4,2022-04-01,Sudeste,ES,Vitória,Aplicativo,Casa,Produto A,11,68.41,752.49,500.64,269.33,5.4,2.66
2022,4,2022-04-01,Sudeste,ES,Vila Velha,Site próprio,Moda,Produto A,16,1031.57,16505.07,9691.67,3636.12,7.2,3.61
2022,4,2022-04-01,Sudeste,ES,Serra,Aplicativo,Livros,Produto B,3,1495.05,4485.16,2548.48,1308.8,6.8,3.16
2022,4,2022-04-01,Sul,PR,Curitiba,Marketplace,Moda,Produto B,17,896.69,15243.73,10655.23,6795.66,7.2,3.42
2022,4,2022-04-01,Sul,PR,Londrina,Aplicativo,Casa,Produto A,18,1724.33,31037.87,20556.05,11389.73,14.4,4.24
2022,4,2022-04-01,Sul,SC,Florianópolis,Aplicativo,Casa,Produto C,11,1744.17,19185.86,12731.3,3650.98,9.8,4.68
2022,4,2022-04-01,Sul,SC,Joinville,Aplicativo,Livros,Produto C,3,1255.37,3766.11,2512.4,908.21,11.4,4.96
2022,4,2022-04-01,Sul,RS,Porto Alegre,Site próprio,Eletrônicos,Produto A,29,1314.42,38118.16,29239.42,15699.5,3.3,3.18
2022,4,2022-04-01,Sul,RS,Caxias do Sul,Site próprio,Beleza,Produto D,27,1445.8,39036.62,28809.46,12926.55,8.8,4.71
2022,5,2022-05-01,Norte,AM,Manaus,Marketplace,Esporte,Produto C,17,265.89,4520.14,3664.08,1539.99,11.5,4.79
2022,5,2022-05-01,Norte,PA,Belém,Site próprio,Casa,Produto D,20,2003.13,40062.59,29369.43,13821.06,11.3,2.62
2022,5,2022-05-01,Norte,PA,Santarém,Marketplace,Casa,Produto B,1,728.65,728.65,489.53,310.17,6.2,3.09
2022,5,2022-05-01,Norte,RO,Porto Velho,Aplicativo,Casa,Produto D,17,892.67,15175.46,11685.92,3667.15,3.3,3.46
2022,5,2022-05-01,Norte,TO,Palmas,Marketplace,Eletrônicos,Produto B,24,355.53,8532.61,4988.36,2963.01,10.0,3.4
2022,5,2022-05-01,Nordeste,BA,Salvador,Aplicativo,Beleza,Produto C,5,2209.05,11045.27,6111.85,4714.37,6.2,4.45
2022,5,2022-05-01,Nordeste,BA,Feira de Santana,Marketplace,Beleza,Produto B,18,2316.84,41703.08,24734.99,13308.08,11.7,4.07
2022,5,2022-05-01,Nordeste,PE,Recife,Marketplace,Eletrônicos,Produto D,2,2291.73,4583.45,3244.94,1029.7,5.8,4.23
2022,5,2022-05-01,Nordeste,PE,Jaboatão dos Guararapes,Marketplace,Beleza,Produto C,19,876.62,16655.85,10022.45,7116.96,11.9,4.74
2022,5,2022-05-01,Nordeste,CE,Fortaleza,Site próprio,Beleza,Produto D,6,2485.6,14913.58,9465.46,6149.48,14.8,4.17
2022,5,2022-05-01,Nordeste,CE,Juazeiro do Norte,Aplicativo,Eletrônicos,Produto A,17,1786.31,30367.27,20566.3,10263.48,11.9,3.73
2022,5,2022-05-01,Nordeste,MA,São Luís,Site próprio,Beleza,Produto A,6,1099.19,6595.15,4927.6,2332.51,7.2,4.97
2022,5,2022-05-01,Nordeste,PB,João Pessoa,Marketplace,Esporte,Produto A,10,543.91,5439.09,4205.49,1818.68,7.4,4.65
2022,5,2022-05-01,Centro-Oeste,DF,Brasília,Aplicativo,Livros,Produto A,28,1775.17,49704.64,39186.92,19432.23,12.6,3.55
2022,5,2022-05-01,Centro-Oeste,GO,Goiânia,Marketplace,Esporte,Produto A,14,2000.19,28002.61,21042.05,11552.96,7.8,4.9
2022,5,2022-05-01,Centro-Oeste,GO,Aparecida de Goiânia,Site próprio,Moda,Produto B,28,2364.23,66198.43,49759.9,17437.53,2.9,2.94
2022,5,2022-05-01,Centro-Oeste,MT,Cuiabá,Marketplace,Eletrônicos,Produto A,15,496.11,7441.6,4555.59,3332.12,10.8,2.83
2022,5,2022-05-01,Centro-Oeste,MS,Campo Grande,Marketplace,Livros,Produto D,24,1013.58,24325.95,17314.63,6874.65,9.7,4.13
2022,5,2022-05-01,Sudeste,SP,São Paulo,Marketplace,Esporte,Produto C,21,365.87,7683.23,4733.99,1893.92,9.8,3.44
2022,5,2022-05-01,Sudeste,SP,Campinas,Marketplace,Livros,Produto A,5,1336.1,6680.5,4179.86,2440.8,4.8,4.27
2022,5,2022-05-01,Sudeste,SP,Ribeirão Preto,Site próprio,Beleza,Produto B,1,2187.75,2187.75,1537.25,618.94,11.3,4.08
2022,5,2022-05-01,Sudeste,RJ,Rio de Janeiro,Marketplace,Esporte,Produto B,23,2468.29,56770.76,36990.56,13173.54,5.5,2.94
2022,5,2022-05-01,Sudeste,RJ,Niterói,Site próprio,Moda,Produto C,14,2431.01,34034.08,20721.84,8954.58,4.0,3.44
2022,5,2022-05-01,Sudeste,RJ,Nova Iguaçu,Site próprio,Moda,Produto B,16,1988.25,31812.01,21466.92,7574.33,6.4,3.76
2022,5,2022-05-01,Sudeste,RJ,Petrópolis,Site próprio,Beleza,Produto A,28,2241.06,62749.71,37260.81,15816.82,14.7,3.86
2022,5,2022-05-01,Sudeste,MG,Belo Horizonte,Marketplace,Esporte,Produto C,11,481.21,5293.31,3886.35,1689.74,8.5,3.12
2022,5,2022-05-01,Sudeste,MG,Uberlândia,Site próprio,Casa,Produto A,18,1646.37,29634.7,23593.61,10362.86,5.7,3.93
2022,5,2022-05-01,Sudeste,MG,Juiz de Fora,Site próprio,Beleza,Produto C,19,928.84,17647.93,13322.6,3865.39,9.3,4.65
2022,5,2022-05-01,Sudeste,ES,Vitória,Marketplace,Esporte,Produto A,2,2408.86,4817.72,2997.6,2065.27,2.1,2.8
2022,5,2022-05-01,Sudeste,ES,Vila Velha,Site próprio,Livros,Produto C,19,393.19,7470.59,4457.51,2613.4,4.1,3.6
2022,5,2022-05-01,Sudeste,ES,Serra,Marketplace,Moda,Produto A,15,1599.65,23994.81,13995.28,6246.81,7.9,3.5
2022,5,2022-05-01,Sul,PR,Curitiba,Aplicativo,Moda,Produto C,9,2089.48,18805.33,13500.85,5817.24,5.6,2.93
2022,5,2022-05-01,Sul,PR,Londrina,Marketplace,Beleza,Produto B,8,141.94,1135.5,910.76,231.4,4.9,2.71
2022,5,2022-05-01,Sul,SC,Florianópolis,Site próprio,Eletrônicos,Produto A,15,1587.56,23813.42,19368.16,7516.09,8.8,2.51
2022,5,2022-05-01,Sul,SC,Joinville,Aplicativo,Casa,Produto D,16,91.35,1461.52,1018.13,353.59,6.4,3.69
2022,5,2022-05-01,Sul,RS,Porto Alegre,Site próprio,Esporte,Produto C,19,451.54,8579.25,6956.22,1935.99,13.5,4.54
2022,5,2022-05-01,Sul,RS,Caxias do Sul,Marketplace,Livros,Produto B,22,1186.11,26094.33,19000.16,7997.59,11.7,4.01
2022,6,2022-06-01,Norte,AM,Manaus,Aplicativo,Esporte,Produto D,12,2281.4,27376.75,16978.12,9827.27,6.3,3.05
2022,6,2022-06-01,Norte,PA,Belém,Aplicativo,Esporte,Produto D,9,272.91,2456.18,1523.53,886.2,6.4,2.94
2022,6,2022-06-01,Norte,PA,Santarém,Marketplace,Livros,Produto B,13,1597.98,20773.7,15803.45,7194.86,5.3,4.92
2022,6,2022-06-01,Norte,RO,Porto Velho,Aplicativo,Beleza,Produto D,17,1305.27,22189.6,12634.78,4142.03,3.8,4.53
2022,6,2022-06-01,Norte,TO,Palmas,Site próprio,Beleza,Produto B,7,387.38,2711.66,1796.11,880.29,10.9,2.58
2022,6,2022-06-01,Nordeste,BA,Salvador,Aplicativo,Moda,Produto A,18,2224.67,40044.12,23270.18,15692.67,12.0,4.25
2022,6,2022-06-01,Nordeste,BA,Feira de Santana,Marketplace,Eletrônicos,Produto C,15,320.14,4802.04,3803.68,914.06,6.2,2.93
2022,6,2022-06-01,Nordeste,PE,Recife,Site próprio,Moda,Produto A,12,699.27,8391.25,6167.16,3647.54,4.5,4.49
2022,6,2022-06-01,Nordeste,PE,Jaboatão dos Guararapes,Site próprio,Beleza,Produto C,22,2401.65,52836.27,35893.02,15580.41,7.7,3.44
2022,6,2022-06-01,Nordeste,CE,Fortaleza,Aplicativo,Casa,Produto C,28,1023.19,28649.22,18124.65,12851.0,9.2,4.62
2022,6,2022-06-01,Nordeste,CE,Juazeiro do Norte,Marketplace,Casa,Produto A,4,1132.62,4530.49,3521.61,1217.05,5.0,3.04
2022,6,2022-06-01,Nordeste,MA,São Luís,Site próprio,Esporte,Produto A,14,1794.87,25128.18,14510.0,6112.92,12.8,3.28
2022,6,2022-06-01,Nordeste,PB,João Pessoa,Aplicativo,Eletrônicos,Produto D,9,1414.46,12730.18,8803.89,4348.36,11.9,2.65
2022,6,2022-06-01,Centro-Oeste,DF,Brasília,Marketplace,Moda,Produto D,18,1196.52,21537.28,13702.23,7383.82,14.8,4.4
2022,6,2022-06-01,Centro-Oeste,GO,Goiânia,Marketplace,Casa,Produto A,23,116.73,2684.89,1525.89,892.74,8.1,4.96
2022,6,2022-06-01,Centro-Oeste,GO,Aparecida de Goiânia,Marketplace,Beleza,Produto C,16,1826.03,29216.52,21853.7,9095.24,12.7,3.2
2022,6,2022-06-01,Centro-Oeste,MT,Cuiabá,Marketplace,Moda,Produto D,2,2232.35,4464.7,3237.63,813.32,3.7,4.69
2022,6,2022-06-01,Centro-Oeste,MS,Campo Grande,Aplicativo,Livros,Produto D,13,2045.89,26596.63,16363.97,7228.09,7.9,4.78
2022,6,2022-06-01,Sudeste,SP,São Paulo,Site próprio,Esporte,Produto B,23,1519.38,34945.67,26916.32,10596.27,14.6,3.14
2022,6,2022-06-01,Sudeste,SP,Campinas,Aplicativo,Eletrônicos,Produto A,5,2061.85,10309.27,6312.36,3238.49,5.1,4.54
2022,6,2022-06-01,Sudeste,SP,Ribeirão Preto,Marketplace,Casa,Produto D,24,762.05,18289.1,12796.04,4644.73,10.7,4.24
2022,6,2022-06-01,Sudeste,RJ,Rio de Janeiro,Marketplace,Livros,Produto D,9,476.3,4286.72,2748.72,1736.74,8.9,3.69
2022,6,2022-06-01,Sudeste,RJ,Niterói,Aplicativo,Eletrônicos,Produto A,16,2171.58,34745.34,21815.36,8988.55,10.6,4.62
2022,6,2022-06-01,Sudeste,RJ,Nova Iguaçu,Aplicativo,Beleza,Produto D,2,504.51,1009.03,663.91,215.03,12.5,3.38
2022,6,2022-06-01,Sudeste,RJ,Petrópolis,Site próprio,Eletrônicos,Produto C,18,795.58,14320.42,9582.95,3692.22,6.0,4.89
2022,6,2022-06-01,Sudeste,MG,Belo Horizonte,Site próprio,Moda,Produto D,10,398.15,3981.53,3080.2,1571.43,2.9,2.98
2022,6,2022-06-01,Sudeste,MG,Uberlândia,Aplicativo,Esporte,Produto D,26,1237.79,32182.44,20597.44,8742.23,8.9,3.25
2022,6,2022-06-01,Sudeste,MG,Juiz de Fora,Site próprio,Esporte,Produto D,9,1088.28,9794.53,5729.04,3715.33,5.0,4.91
2022,6,2022-06-01,Sudeste,ES,Vitória,Marketplace,Beleza,Produto D,29,1968.5,57086.53,32343.18,24868.36,15.0,2.59
2022,6,2022-06-01,Sudeste,ES,Vila Velha,Aplicativo,Casa,Produto A,26,242.34,6300.82,4366.9,2119.3,7.7,4.18
2022,6,2022-06-01,Sudeste,ES,Serra,Site próprio,Beleza,Produto C,25,2133.05,53326.14,29397.51,20253.0,12.7,3.67
2022,6,2022-06-01,Sul,PR,Curitiba,Aplicativo,Esporte,Produto D,18,129.3,2327.34,1756.5,551.95,2.6,3.67
2022,6,2022-06-01,Sul,PR,Londrina,Marketplace,Moda,Produto B,29,1769.37,51311.72,31881.36,9267.58,11.7,4.03
2022,6,2022-06-01,Sul,SC,Florianópolis,Marketplace,Livros,Produto B,16,107.03,1712.54,1210.25,352.58,6.3,4.47
2022,6,2022-06-01,Sul,SC,Joinville,Aplicativo,Esporte,Produto C,14,599.77,8396.72,5271.9,2070.87,11.4,3.76
2022,6,2022-06-01,Sul,RS,Porto Alegre,Site próprio,Esporte,Produto B,7,1050.65,7354.56,4816.37,2711.5,5.9,2.92
2022,6,2022-06-01,Sul,RS,Caxias do Sul,Site próprio,Beleza,Produto C,15,501.79,7526.86,4269.97,2066.03,8.7,4.7
2022,7,2022-07-01,Norte,AM,Manaus,Marketplace,Esporte,Produto A,1,91.8,91.8,66.61,39.03,12.8,2.66
2022,7,2022-07-01,Norte,PA,Belém,Marketplace,Beleza,Produto B,1,1783.11,1783.11,1123.15,381.1,7.0,3.61
2022,7,2022-07-01,Norte,PA,Santarém,Aplicativo,Casa,Produto B,26,429.82,11175.36,6657.35,2296.71,8.3,3.0
2022,7,2022-07-01,Norte,RO,Porto Velho,Marketplace,Casa,Produto A,20,1874.68,37493.56,28721.54,7315.01,11.6,2.89
2022,7,2022-07-01,Norte,TO,Palmas,Aplicativo,Livros,Produto A,15,836.69,12550.38,7192.41,2407.11,4.3,2.97
2022,7,2022-07-01,Nordeste,BA,Salvador,Marketplace,Moda,Produto B,17,2447.85,41613.47,29597.38,9511.48,4.1,4.85
2022,7,2022-07-01,Nordeste,BA,Feira de Santana,Site próprio,Eletrônicos,Produto A,28,2272.68,63634.94,42614.34,28371.18,10.6,3.08
2022,7,2022-07-01,Nordeste,PE,Recife,Aplicativo,Casa,Produto B,25,2300.18,57504.55,38577.2,25144.76,12.1,4.82
2022,7,2022-07-01,Nordeste,PE,Jaboatão dos Guararapes,Site próprio,Livros,Produto C,29,1853.5,53751.52,37506.82,13031.27,13.4,2.6
2022,7,2022-07-01,Nordeste,CE,Fortaleza,Marketplace,Esporte,Produto A,27,645.55,17429.88,13948.51,6830.86,5.6,2.96
2022,7,2022-07-01,Nordeste,CE,Juazeiro do Norte,Aplicativo,Casa,Produto B,29,1727.83,50107.08,31246.87,18956.25,11.2,4.55
2022,7,2022-07-01,Nordeste,MA,São Luís,Marketplace,Moda,Produto C,9,302.86,2725.75,2018.59,697.18,5.7,2.95
2022,7,2022-07-01,Nordeste,PB,João Pessoa,Marketplace,Beleza,Produto D,20,1245.52,24910.49,19776.4,7665.38,8.9,3.46
2022,7,2022-07-01,Centro-Oeste,DF,Brasília,Site próprio,Livros,Produto B,3,471.91,1415.74,905.56,440.31,14.6,2.96
2022,7,2022-07-01,Centro-Oeste,GO,Goiânia,Site próprio,Livros,Produto A,21,1089.26,22874.43,16771.61,9279.94,14.9,3.21
2022,7,2022-07-01,Centro-Oeste,GO,Aparecida de Goiânia,Site próprio,Esporte,Produto C,26,1219.81,31714.97,25563.51,9330.04,2.0,3.2
2022,7,2022-07-01,Centro-Oeste,MT,Cuiabá,Aplicativo,Livros,Produto A,20,2145.28,42905.55,30389.59,12287.46,3.8,4.92
2022,7,2022-07-01,Centro-Oeste,MS,Campo Grande,Aplicativo,Esporte,Produto B,23,2086.05,47979.22,26465.74,15658.52,2.9,3.89
2022,7,2022-07-01,Sudeste,SP,São Paulo,Site próprio,Beleza,Produto D,3,1848.79,5546.37,3496.74,1028.92,14.5,3.75
2022,7,2022-07-01,Sudeste,SP,Campinas,Site próprio,Moda,Produto C,29,2284.76,66258.03,50887.71,12704.06,9.8,4.34
2022,7,2022-07-01,Sudeste,SP,Ribeirão Preto,Marketplace,Esporte,Produto A,19,850.03,16150.59,9355.24,7000.59,7.2,3.99
2022,7,2022-07-01,Sudeste,RJ,Rio de Janeiro,Aplicativo,Beleza,Produto C,5,810.33,4051.64,3195.26,838.5,12.0,4.72
2022,7,2022-07-01,Sudeste,RJ,Niterói,Marketplace,Beleza,Produto A,8,238.8,1910.41,1530.25,730.23,8.9,3.6
2022,7,2022-07-01,Sudeste,RJ,Nova Iguaçu,Marketplace,Eletrônicos,Produto C,24,862.05,20689.25,13550.01,3948.31,7.1,4.59
2022,7,2022-07-01,Sudeste,RJ,Petrópolis,Aplicativo,Casa,Produto A,3,2331.01,6993.03,4784.77,2390.82,11.7,3.13
2022,7,2022-07-01,Sudeste,MG,Belo Horizonte,Aplicativo,Moda,Produto C,28,2103.5,58897.98,33593.69,23451.29,4.8,3.86
2022,7,2022-07-01,Sudeste,MG,Uberlândia,Marketplace,Moda,Produto A,2,1463.15,2926.3,2095.78,626.25,12.9,4.25
2022,7,2022-07-01,Sudeste,MG,Juiz de Fora,Site próprio,Casa,Produto D,29,1203.87,34912.31,22777.64,13233.59,8.3,3.26
2022,7,2022-07-01,Sudeste,ES,Vitória,Aplicativo,Esporte,Produto A,14,361.09,5055.3,3615.4,1112.36,14.5,2.89
2022,7,2022-07-01,Sudeste,ES,Vila Velha,Marketplace,Livros,Produto D,21,696.07,14617.5,9680.77,3822.43,5.3,3.27
2022,7,2022-07-01,Sudeste,ES,Serra,Marketplace,Eletrônicos,Produto B,2,2133.66,4267.33,3359.4,1767.79,7.7,3.39
2022,7,2022-07-01,Sul,PR,Curitiba,Site próprio,Moda,Produto D,16,1158.49,18535.91,11818.98,6913.29,11.2,4.69
2022,7,2022-07-01,Sul,PR,Londrina,Site próprio,Moda,Produto B,16,520.74,8331.9,5752.08,2688.94,14.5,4.4
2022,7,2022-07-01,Sul,SC,Florianópolis,Aplicativo,Moda,Produto D,2,802.56,1605.12,1177.12,535.15,13.9,2.58
2022,7,2022-07-01,Sul,SC,Joinville,Marketplace,Eletrônicos,Produto B,15,1115.97,16739.49,9284.98,7298.23,9.2,2.57
2022,7,2022-07-01,Sul,RS,Porto Alegre,Aplicativo,Moda,Produto D,16,1028.12,16449.92,13083.8,6435.24,4.0,3.07
2022,7,2022-07-01,Sul,RS,Caxias do Sul,Aplicativo,Eletrônicos,Produto D,8,2429.94,19439.55,14296.18,5603.67,4.6,2.86
2022,8,2022-08-01,Norte,AM,Manaus,Site próprio,Beleza,Produto A,9,1420.54,12784.88,7464.94,3358.37,6.8,3.93
2022,8,2022-08-01,Norte,PA,Belém,Aplicativo,Eletrônicos,Produto B,1,440.01,440.01,253.08,151.39,7.8,4.05
2022,8,2022-08-01,Norte,PA,Santarém,Aplicativo,Esporte,Produto C,3,573.86,1721.57,1088.11,662.47,5.9,3.73
2022,8,2022-08-01,Norte,RO,Porto Velho,Aplicativo,Moda,Produto C,16,2086.94,33391.09,26645.91,10939.25,6.6,3.45
2022,8,2022-08-01,Norte,TO,Palmas,Site próprio,Casa,Produto C,27,1582.07,42715.98,27623.85,11488.19,8.7,2.83
2022,8,2022-08-01,Nordeste,BA,Salvador,Site próprio,Livros,Produto B,17,2215.06,37655.98,27128.51,12677.87,14.6,4.14
2022,8,2022-08-01,Nordeste,BA,Feira de Santana,Marketplace,Livros,Produto B,9,1630.46,14674.11,9316.78,5625.52,13.9,3.25
2022,8,2022-08-01,Nordeste,PE,Recife,Marketplace,Beleza,Produto C,19,1804.29,34281.43,19674.17,7125.21,9.9,4.0
2022,8,2022-08-01,Nordeste,PE,Jaboatão dos Guararapes,Marketplace,Casa,Produto B,5,219.22,1096.08,720.11,306.48,6.0,4.1
2022,8,2022-08-01,Nordeste,CE,Fortaleza,Marketplace,Eletrônicos,Produto D,22,1060.35,23327.6,15288.39,5531.67,8.3,3.76
2022,8,2022-08-01,Nordeste,CE,Juazeiro do Norte,Aplicativo,Moda,Produto A,16,1936.88,30990.07,22928.51,11563.98,9.0,4.59
2022,8,2022-08-01,Nordeste,MA,São Luís,Site próprio,Beleza,Produto C,2,2381.4,4762.8,3166.6,1106.65,3.7,4.71
2022,8,2022-08-01,Nordeste,PB,João Pessoa,Site próprio,Moda,Produto A,6,1657.85,9947.08,7533.45,3629.24,14.6,3.45
2022,8,2022-08-01,Centro-Oeste,DF,Brasília,Aplicativo,Casa,Produto D,23,2035.44,46815.09,32363.53,11715.9,8.0,3.9
2022,8,2022-08-01,Centro-Oeste,GO,Goiânia,Site próprio,Esporte,Produto D,14,312.71,4378.01,3187.7,1445.82,14.6,4.21
2022,8,2022-08-01,Centro-Oeste,GO,Aparecida de Goiânia,Aplicativo,Esporte,Produto B,24,1168.6,28046.39,16363.58,8453.09,6.3,4.69
2022,8,2022-08-01,Centro-Oeste,MT,Cuiabá,Marketplace,Moda,Produto A,1,1263.56,1263.56,928.83,425.28,10.0,2.86
2022,8,2022-08-01,Centro-Oeste,MS,Campo Grande,Site próprio,Eletrônicos,Produto A,19,1521.43,28907.2,17659.61,5853.36,5.6,4.52
2022,8,2022-08-01,Sudeste,SP,São Paulo,Site próprio,Casa,Produto C,22,1785.05,39271.16,28055.02,16952.94,8.0,4.35
2022,8,2022-08-01,Sudeste,SP,Campinas,Marketplace,Casa,Produto A,20,2055.51,41110.11,30816.24,9864.47,4.4,4.75
2022,8,2022-08-01,Sudeste,SP,Ribeirão Preto,Aplicativo,Moda,Produto C,1,1033.92,1033.92,704.55,334.63,2.2,3.09
2022,8,2022-08-01,Sudeste,RJ,Rio de Janeiro,Site próprio,Eletrônicos,Produto A,5,1635.79,8178.97,5394.14,3029.46,14.8,4.55
2022,8,2022-08-01,Sudeste,RJ,Niterói,Aplicativo,Casa,Produto C,26,443.2,11523.19,6511.46,3727.61,9.8,4.62
2022,8,2022-08-01,Sudeste,RJ,Nova Iguaçu,Aplicativo,Casa,Produto D,17,772.19,13127.23,9790.24,3663.24,3.0,4.83
2022,8,2022-08-01,Sudeste,RJ,Petrópolis,Marketplace,Esporte,Produto B,28,1018.23,28510.33,19851.68,9913.15,5.6,3.43
2022,8,2022-08-01,Sudeste,MG,Belo Horizonte,Marketplace,Livros,Produto B,25,473.03,11825.83,8862.25,4551.59,8.8,4.38
2022,8,2022-08-01,Sudeste,MG,Uberlândia,Marketplace,Casa,Produto B,4,2189.89,8759.55,5508.45,2720.04,14.5,4.1
2022,8,2022-08-01,Sudeste,MG,Juiz de Fora,Aplicativo,Beleza,Produto A,18,1808.71,32556.79,25163.05,11695.24,10.2,4.2
2022,8,2022-08-01,Sudeste,ES,Vitória,Aplicativo,Beleza,Produto A,3,419.65,1258.96,924.4,537.51,8.3,2.74
2022,8,2022-08-01,Sudeste,ES,Vila Velha,Site próprio,Casa,Produto A,11,584.95,6434.5,5236.76,2459.7,9.7,3.34
2022,8,2022-08-01,Sudeste,ES,Serra,Site próprio,Livros,Produto D,20,1214.8,24296.0,18076.93,8092.18,3.2,3.97
2022,8,2022-08-01,Sul,PR,Curitiba,Aplicativo,Beleza,Produto D,11,569.83,6268.12,3458.01,1614.39,12.6,2.65
2022,8,2022-08-01,Sul,PR,Londrina,Site próprio,Esporte,Produto A,17,1021.77,17370.14,11743.03,4137.08,11.6,3.86
2022,8,2022-08-01,Sul,SC,Florianópolis,Site próprio,Esporte,Produto D,1,1058.18,1058.18,674.64,253.52,2.5,2.62
2022,8,2022-08-01,Sul,SC,Joinville,Aplicativo,Eletrônicos,Produto D,29,962.9,27924.24,18657.93,10124.83,11.7,3.93
2022,8,2022-08-01,Sul,RS,Porto Alegre,Marketplace,Moda,Produto D,26,804.46,20915.83,15180.64,9112.23,14.7,3.62
2022,8,2022-08-01,Sul,RS,Caxias do Sul,Site próprio,Livros,Produto D,11,1254.23,13796.54,9297.08,3917.94,11.1,3.46
2022,9,2022-09-01,Norte,AM,Manaus,Site próprio,Livros,Produto B,17,2140.47,36387.92,28042.46,13926.3,11.8,4.61
2022,9,2022-09-01,Norte,PA,Belém,Aplicativo,Casa,Produto D,5,728.17,3640.85,2333.02,854.04,8.3,2.63
2022,9,2022-09-01,Norte,PA,Santarém,Site próprio,Moda,Produto D,1,1304.51,1304.51,950.36,301.4,5.8,3.01
2022,9,2022-09-01,Norte,RO,Porto Velho,Marketplace,Casa,Produto C,14,1878.82,26303.53,21524.61,6467.05,14.3,4.55
2022,9,2022-09-01,Norte,TO,Palmas,Site próprio,Moda,Produto C,20,1549.79,30995.89,23343.96,9924.1,3.4,3.94
2022,9,2022-09-01,Nordeste,BA,Salvador,Aplicativo,Esporte,Produto A,9,2101.03,18909.23,12735.69,7655.96,6.1,3.61
2022,9,2022-09-01,Nordeste,BA,Feira de Santana,Marketplace,Beleza,Produto A,21,1053.27,22118.72,14889.19,4071.94,9.3,3.93
2022,9,2022-09-01,Nordeste,PE,Recife,Aplicativo,Eletrônicos,Produto C,19,683.52,12986.88,9832.21,3961.29,14.5,3.2
2022,9,2022-09-01,Nordeste,PE,Jaboatão dos Guararapes,Aplicativo,Moda,Produto C,1,2478.64,2478.64,1729.78,565.28,10.4,3.44
2022,9,2022-09-01,Nordeste,CE,Fortaleza,Site próprio,Eletrônicos,Produto D,4,233.68,934.74,711.23,409.82,12.1,3.55
2022,9,2022-09-01,Nordeste,CE,Juazeiro do Norte,Marketplace,Casa,Produto D,5,1143.43,5717.13,3541.85,1869.46,14.3,3.19
2022,9,2022-09-01,Nordeste,MA,São Luís,Aplicativo,Livros,Produto C,12,349.44,4193.26,2741.87,1076.37,4.4,3.3
2022,9,2022-09-01,Nordeste,PB,João Pessoa,Site próprio,Livros,Produto A,9,1263.01,11367.07,8409.25,4427.11,6.8,4.36
2022,9,2022-09-01,Centro-Oeste,DF,Brasília,Aplicativo,Livros,Produto B,25,2148.43,53710.87,42214.4,13732.14,3.6,3.81
2022,9,2022-09-01,Centro-Oeste,GO,Goiânia,Aplicativo,Eletrônicos,Produto B,24,2441.41,58593.76,40653.39,14312.23,13.6,4.02
2022,9,2022-09-01,Centro-Oeste,GO,Aparecida de Goiânia,Site próprio,Esporte,Produto C,6,758.74,4552.44,2862.61,1721.54,8.1,3.45
2022,9,2022-09-01,Centro-Oeste,MT,Cuiabá,Marketplace,Casa,Produto C,27,552.52,14917.99,8954.29,2961.48,4.6,4.51
2022,9,2022-09-01,Centro-Oeste,MS,Campo Grande,Site próprio,Livros,Produto D,9,894.17,8047.55,5683.74,2645.09,9.6,3.42
2022,9,2022-09-01,Sudeste,SP,São Paulo,Aplicativo,Esporte,Produto A,14,2151.14,30115.92,21926.15,9405.61,9.7,3.93
2022,9,2022-09-01,Sudeste,SP,Campinas,Site próprio,Moda,Produto C,1,945.03,945.03,550.86,299.87,6.6,4.9
2022,9,2022-09-01,Sudeste,SP,Ribeirão Preto,Marketplace,Esporte,Produto B,4,2050.5,8201.99,6012.11,1776.7,2.5,3.0
2022,9,2022-09-01,Sudeste,RJ,Rio de Janeiro,Marketplace,Esporte,Produto A,13,2437.18,31683.28,24442.47,9608.14,10.9,2.91
2022,9,2022-09-01,Sudeste,RJ,Niterói,Marketplace,Casa,Produto B,22,1995.56,43902.4,32940.72,18590.9,12.7,4.41
2022,9,2022-09-01,Sudeste,RJ,Nova Iguaçu,Aplicativo,Beleza,Produto A,21,1347.59,28299.43,22318.29,6824.1,3.4,4.7
2022,9,2022-09-01,Sudeste,RJ,Petrópolis,Aplicativo,Beleza,Produto D,25,118.69,2967.27,2160.22,1012.8,5.7,3.64
2022,9,2022-09-01,Sudeste,MG,Belo Horizonte,Site próprio,Casa,Produto A,9,2457.76,22119.8,17331.96,4359.06,6.8,2.69
2022,9,2022-09-01,Sudeste,MG,Uberlândia,Aplicativo,Beleza,Produto B,20,1739.15,34783.06,21125.15,10286.98,11.6,3.58
2022,9,2022-09-01,Sudeste,MG,Juiz de Fora,Aplicativo,Moda,Produto C,2,1301.74,2603.49,1547.35,505.38,8.3,4.62
2022,9,2022-09-01,Sudeste,ES,Vitória,Site próprio,Casa,Produto D,2,742.39,1484.77,832.51,558.47,8.5,4.98
2022,9,2022-09-01,Sudeste,ES,Vila Velha,Marketplace,Eletrônicos,Produto A,5,2108.26,10541.29,7740.98,2591.84,5.4,4.37
2022,9,2022-09-01,Sudeste,ES,Serra,Marketplace,Livros,Produto A,9,494.81,4453.32,3045.32,1947.46,10.0,2.92
2022,9,2022-09-01,Sul,PR,Curitiba,Aplicativo,Beleza,Produto A,7,1042.8,7299.57,5558.09,1401.63,6.9,3.59
2022,9,2022-09-01,Sul,PR,Londrina,Site próprio,Eletrônicos,Produto A,12,904.81,10857.66,6877.13,3827.59,11.7,4.67
2022,9,2022-09-01,Sul,SC,Florianópolis,Marketplace,Moda,Produto B,19,186.86,3550.34,2039.59,764.68,8.3,3.12
2022,9,2022-09-01,Sul,SC,Joinville,Marketplace,Esporte,Produto C,17,393.6,6691.22,4295.66,2719.86,8.4,2.69
2022,9,2022-09-01,Sul,RS,Porto Alegre,Site próprio,Moda,Produto C,6,2389.46,14336.73,10347.05,5874.42,8.3,3.14
2022,9,2022-09-01,Sul,RS,Caxias do Sul,Site próprio,Livros,Produto D,6,1624.1,9744.58,6333.46,2836.91,2.7,3.21
2022,10,2022-10-01,Norte,AM,Manaus,Marketplace,Moda,Produto D,8,1208.19,9665.53,6855.14,3798.81,7.5,2.71
2022,10,2022-10-01,Norte,PA,Belém,Marketplace,Casa,Produto A,19,369.7,7024.26,4721.84,1770.77,7.3,3.08
2022,10,2022-10-01,Norte,PA,Santarém,Marketplace,Beleza,Produto B,7,880.85,6165.93,4444.18,2400.85,10.4,2.7
2022,10,2022-10-01,Norte,RO,Porto Velho,Marketplace,Beleza,Produto B,1,2227.82,2227.82,1425.78,808.0,7.6,4.08
2022,10,2022-10-01,Norte,TO,Palmas,Aplicativo,Moda,Produto A,21,1479.07,31060.44,22424.78,9817.42,4.4,3.82
2022,10,2022-10-01,Nordeste,BA,Salvador,Aplicativo,Casa,Produto B,24,1615.19,38764.47,25943.15,16427.01,7.6,3.46
2022,10,2022-10-01,Nordeste,BA,Feira de Santana,Aplicativo,Esporte,Produto D,1,1494.9,1494.9,826.01,370.92,8.9,3.54
2022,10,2022-10-01,Nordeste,PE,Recife,Aplicativo,Beleza,Produto A,21,619.5,13009.59,10600.31,2472.29,3.0,4.37
2022,10,2022-10-01,Nordeste,PE,Jaboatão dos Guararapes,Aplicativo,Moda,Produto A,25,2031.12,50777.9,41418.55,17201.96,10.2,3.12
2022,10,2022-10-01,Nordeste,CE,Fortaleza,Aplicativo,Beleza,Produto D,14,635.31,8894.38,6603.84,3645.55,13.0,3.68
2022,10,2022-10-01,Nordeste,CE,Juazeiro do Norte,Aplicativo,Moda,Produto A,16,1593.88,25502.01,20024.22,5455.99,11.0,4.63
2022,10,2022-10-01,Nordeste,MA,São Luís,Aplicativo,Beleza,Produto C,7,387.41,2711.84,1653.06,808.62,10.2,4.06
2022,10,2022-10-01,Nordeste,PB,João Pessoa,Site próprio,Casa,Produto D,9,263.35,2370.13,1651.79,899.83,11.1,4.06
2022,10,2022-10-01,Centro-Oeste,DF,Brasília,Marketplace,Beleza,Produto B,15,1823.04,27345.53,18519.28,10389.86,10.1,4.37
2022,10,2022-10-01,Centro-Oeste,GO,Goiânia,Site próprio,Moda,Produto B,21,2034.02,42714.42,25836.65,12206.28,11.2,4.04
2022,10,2022-10-01,Centro-Oeste,GO,Aparecida de Goiânia,Site próprio,Casa,Produto B,15,2264.01,33960.11,19772.58,9835.36,7.4,3.11
2022,10,2022-10-01,Centro-Oeste,MT,Cuiabá,Aplicativo,Esporte,Produto A,13,2157.67,28049.67,20451.0,11294.97,10.4,3.69
2022,10,2022-10-01,Centro-Oeste,MS,Campo Grande,Marketplace,Esporte,Produto D,8,2126.75,17014.0,13851.87,7150.32,8.8,4.9
2022,10,2022-10-01,Sudeste,SP,São Paulo,Site próprio,Eletrônicos,Produto C,10,831.45,8314.52,5288.54,2786.51,8.0,3.66
2022,10,2022-10-01,Sudeste,SP,Campinas,Site próprio,Casa,Produto A,17,1579.33,26848.54,19989.56,11357.11,4.5,2.99
2022,10,2022-10-01,Sudeste,SP,Ribeirão Preto,Marketplace,Esporte,Produto B,28,2424.11,67875.08,50677.07,24336.56,10.8,3.02
2022,10,2022-10-01,Sudeste,RJ,Rio de Janeiro,Aplicativo,Casa,Produto A,3,1560.24,4680.72,3520.57,2093.46,11.5,3.61
2022,10,2022-10-01,Sudeste,RJ,Niterói,Aplicativo,Beleza,Produto D,5,548.72,2743.58,1869.23,734.22,8.4,3.79
2022,10,2022-10-01,Sudeste,RJ,Nova Iguaçu,Site próprio,Esporte,Produto D,24,1228.87,29492.82,16407.54,12707.82,11.4,3.9
2022,10,2022-10-01,Sudeste,RJ,Petrópolis,Aplicativo,Esporte,Produto A,23,592.92,13637.11,10535.45,2995.69,8.2,2.8
2022,10,2022-10-01,Sudeste,MG,Belo Horizonte,Marketplace,Esporte,Produto D,15,1035.64,15534.67,10598.15,6590.33,14.9,4.92
2022,10,2022-10-01,Sudeste,MG,Uberlândia,Marketplace,Livros,Produto C,10,130.27,1302.7,1024.02,495.83,2.7,5.0
2022,10,2022-10-01,Sudeste,MG,Juiz de Fora,Site próprio,Moda,Produto A,8,2153.76,17230.05,11791.16,6907.47,11.5,2.66
2022,10,2022-10-01,Sudeste,ES,Vitória,Site próprio,Beleza,Produto B,21,153.43,3221.97,2203.68,1241.13,7.3,2.78
2022,10,2022-10-01,Sudeste,ES,Vila Velha,Aplicativo,Casa,Produto A,20,2487.88,49757.61,38243.53,13101.52,7.9,4.97
2022,10,2022-10-01,Sudeste,ES,Serra,Aplicativo,Beleza,Produto A,3,2281.99,6845.97,3918.99,2846.03,4.4,2.91
2022,10,2022-10-01,Sul,PR,Curitiba,Site próprio,Esporte,Produto D,10,904.71,9047.08,6327.3,1972.08,13.5,3.21
2022,10,2022-10-01,Sul,PR,Londrina,Aplicativo,Casa,Produto D,6,1756.42,10538.52,6644.94,4056.35,2.3,3.44
2022,10,2022-10-01,Sul,SC,Florianópolis,Marketplace,Moda,Produto C,11,431.93,4751.21,2861.08,1026.4,9.7,3.05
2022,10,2022-10-01,Sul,SC,Joinville,Marketplace,Moda,Produto C,6,473.07,2838.44,1924.41,801.72,6.8,4.14
2022,10,2022-10-01,Sul,RS,Porto Alegre,Site próprio,Casa,Produto A,5,2325.83,11629.15,7887.35,4104.6,8.4,3.43
2022,10,2022-10-01,Sul,RS,Caxias do Sul,Marketplace,Beleza,Produto B,22,1326.42,29181.24,20756.12,5962.92,11.8,4.97
2022,11,2022-11-01,Norte,AM,Manaus,Aplicativo,Livros,Produto C,22,437.9,9633.85,6267.12,4218.53,9.0,2.58
2022,11,2022-11-01,Norte,PA,Belém,Site próprio,Eletrônicos,Produto A,16,1600.2,25603.27,20757.66,7604.14,3.6,3.65
2022,11,2022-11-01,Norte,PA,Santarém,Site próprio,Esporte,Produto C,16,149.12,2385.98,1668.03,928.71,10.4,4.65
2022,11,2022-11-01,Norte,RO,Porto Velho,Marketplace,Beleza,Produto C,26,2150.4,55910.38,35566.76,20509.49,7.4,2.82
2022,11,2022-11-01,Norte,TO,Palmas,Marketplace,Beleza,Produto A,20,383.19,7663.88,5898.82,1486.08,3.4,4.44
2022,11,2022-11-01,Nordeste,BA,Salvador,Site próprio,Eletrônicos,Produto D,27,503.68,13599.35,7748.21,2534.19,10.7,3.27
2022,11,2022-11-01,Nordeste,BA,Feira de Santana,Aplicativo,Moda,Produto D,29,1491.63,43257.24,34556.58,15044.45,14.4,4.76
2022,11,2022-11-01,Nordeste,PE,Recife,Aplicativo,Livros,Produto B,9,1254.65,11291.87,8390.88,2652.59,11.1,3.48
2022,11,2022-11-01,Nordeste,PE,Jaboatão dos Guararapes,Aplicativo,Eletrônicos,Produto C,29,2026.57,58770.42,44872.41,15647.84,6.1,4.74
2022,11,2022-11-01,Nordeste,CE,Fortaleza,Marketplace,Casa,Produto D,10,628.29,6282.93,4649.81,1818.62,10.7,4.07
2022,11,2022-11-01,Nordeste,CE,Juazeiro do Norte,Site próprio,Casa,Produto B,8,901.11,7208.86,5878.23,1516.71,13.3,2.55
2022,11,2022-11-01,Nordeste,MA,São Luís,Marketplace,Eletrônicos,Produto A,22,2303.64,50679.99,27912.72,21751.45,5.9,3.05
2022,11,2022-11-01,Nordeste,PB,João Pessoa,Aplicativo,Esporte,Produto B,8,2358.54,18868.35,13933.18,4680.15,12.0,4.69
2022,11,2022-11-01,Centro-Oeste,DF,Brasília,Site próprio,Eletrônicos,Produto C,18,1978.18,35607.23,27099.85,14847.44,2.2,3.88
2022,11,2022-11-01,Centro-Oeste,GO,Goiânia,Aplicativo,Casa,Produto C,12,1561.82,18741.88,14624.69,7618.84,12.7,4.63
2022,11,2022-11-01,Centro-Oeste,GO,Aparecida de Goiânia,Marketplace,Livros,Produto C,2,352.2,704.41,392.23,262.41,4.8,4.05
2022,11,2022-11-01,Centro-Oeste,MT,Cuiabá,Aplicativo,Casa,Produto D,13,2053.45,26694.84,16345.0,6485.87,9.8,4.95
2022,11,2022-11-01,Centro-Oeste,MS,Campo Grande,Marketplace,Casa,Produto C,22,140.43,3089.49,1875.72,786.78,10.6,3.39
2022,11,2022-11-01,Sudeste,SP,São Paulo,Aplicativo,Esporte,Produto C,2,1217.4,2434.79,1409.91,926.86,9.6,2.88
2022,11,2022-11-01,Sudeste,SP,Campinas,Marketplace,Moda,Produto A,4,852.2,3408.8,2123.47,911.06,5.6,4.29
2022,11,2022-11-01,Sudeste,SP,Ribeirão Preto,Site próprio,Casa,Produto C,16,2153.59,34457.45,25367.61,9257.73,3.8,2.73
2022,11,2022-11-01,Sudeste,RJ,Rio de Janeiro,Marketplace,Eletrônicos,Produto A,18,1696.77,30541.89,19884.83,10596.1,12.6,4.43
2022,11,2022-11-01,Sudeste,RJ,Niterói,Aplicativo,Beleza,Produto B,6,2065.75,12394.49,9532.92,4268.3,3.5,2.89
2022,11,2022-11-01,Sudeste,RJ,Nova Iguaçu,Site próprio,Esporte,Produto B,12,1254.69,15056.32,11751.71,2803.11,6.6,2.63
2022,11,2022-11-01,Sudeste,RJ,Petrópolis,Site próprio,Eletrônicos,Produto A,12,2278.8,27345.58,21545.88,9207.74,11.9,4.83
2022,11,2022-11-01,Sudeste,MG,Belo Horizonte,Aplicativo,Livros,Produto C,28,1836.78,51429.96,28955.06,16781.2,7.7,4.24
2022,11,2022-11-01,Sudeste,MG,Uberlândia,Marketplace,Livros,Produto A,16,1047.4,16758.38,11496.23,6322.36,13.6,3.79
2022,11,2022-11-01,Sudeste,MG,Juiz de Fora,Site próprio,Livros,Produto D,15,720.81,10812.13,6527.15,4343.68,5.9,2.67
2022,11,2022-11-01,Sudeste,ES,Vitória,Marketplace,Beleza,Produto C,26,2441.92,63489.84,45375.86,20750.49,8.3,4.4
2022,11,2022-11-01,Sudeste,ES,Vila Velha,Aplicativo,Casa,Produto C,28,653.8,18306.48,11856.99,7272.05,2.2,3.71
2022,11,2022-11-01,Sudeste,ES,Serra,Marketplace,Casa,Produto D,29,1038.18,30107.14,17017.46,9603.55,7.4,4.96
2022,11,2022-11-01,Sul,PR,Curitiba,Site próprio,Casa,Produto C,12,1067.72,12812.61,7984.11,2813.02,6.3,2.51
2022,11,2022-11-01,Sul,PR,Londrina,Aplicativo,Beleza,Produto C,17,1741.22,29600.75,17800.92,12903.73,14.9,4.81
2022,11,2022-11-01,Sul,SC,Florianópolis,Aplicativo,Beleza,Produto D,21,2276.98,47816.53,27300.91,20325.31,14.4,3.63
2022,11,2022-11-01,Sul,SC,Joinville,Site próprio,Beleza,Produto A,29,2105.16,61049.63,39259.07,11263.63,13.6,4.7
2022,11,2022-11-01,Sul,RS,Porto Alegre,Site próprio,Livros,Produto C,25,2080.9,52022.39,41358.62,10392.92,10.2,2.75
2022,11,2022-11-01,Sul,RS,Caxias do Sul,Marketplace,Moda,Produto C,27,1876.17,50656.57,31451.05,16077.18,6.4,3.18
2022,12,2022-12-01,Norte,AM,Manaus,Site próprio,Esporte,Produto C,15,308.11,4621.58,3398.89,1711.43,10.8,4.67
2022,12,2022-12-01,Norte,PA,Belém,Site próprio,Livros,Produto A,7,351.36,2459.5,1863.22,935.41,7.8,3.29
2022,12,2022-12-01,Norte,PA,Santarém,Marketplace,Eletrônicos,Produto C,21,2097.55,44048.63,30118.67,14853.07,12.8,3.07
2022,12,2022-12-01,Norte,RO,Porto Velho,Marketplace,Casa,Produto D,18,2335.25,42034.54,32747.78,10520.56,8.4,4.39
2022,12,2022-12-01,Norte,TO,Palmas,Marketplace,Beleza,Produto A,8,1759.33,14074.64,8293.08,4375.43,6.4,4.84
2022,12,2022-12-01,Nordeste,BA,Salvador,Marketplace,Casa,Produto B,12,1832.72,21992.62,12677.76,6821.2,8.7,4.6
2022,12,2022-12-01,Nordeste,BA,Feira de Santana,Aplicativo,Casa,Produto D,13,1315.94,17107.23,13603.2,5355.19,13.4,4.72
2022,12,2022-12-01,Nordeste,PE,Recife,Aplicativo,Casa,Produto A,21,268.1,5630.12,4053.24,2231.85,12.2,3.49
2022,12,2022-12-01,Nordeste,PE,Jaboatão dos Guararapes,Aplicativo,Casa,Produto A,21,310.98,6530.49,4714.27,1730.85,4.8,3.15
2022,12,2022-12-01,Nordeste,CE,Fortaleza,Marketplace,Eletrônicos,Produto C,1,1584.0,1584.0,1107.82,469.49,11.5,3.69
2022,12,2022-12-01,Nordeste,CE,Juazeiro do Norte,Marketplace,Beleza,Produto B,26,1354.32,35212.23,19946.87,9133.52,4.0,4.32
2022,12,2022-12-01,Nordeste,MA,São Luís,Aplicativo,Esporte,Produto B,27,144.83,3910.33,2846.14,732.58,10.3,4.4
2022,12,2022-12-01,Nordeste,PB,João Pessoa,Marketplace,Livros,Produto A,7,2433.58,17035.07,9616.43,5364.6,9.0,4.47
2022,12,2022-12-01,Centro-Oeste,DF,Brasília,Marketplace,Esporte,Produto A,6,719.13,4314.76,2766.85,1510.27,12.0,4.85
2022,12,2022-12-01,Centro-Oeste,GO,Goiânia,Aplicativo,Casa,Produto D,25,1362.43,34060.86,20428.49,14928.43,8.7,3.96
2022,12,2022-12-01,Centro-Oeste,GO,Aparecida de Goiânia,Aplicativo,Eletrônicos,Produto A,9,2322.72,20904.5,12461.07,7221.67,14.3,4.7
2022,12,2022-12-01,Centro-Oeste,MT,Cuiabá,Aplicativo,Casa,Produto C,8,867.15,6937.22,4584.91,1286.21,14.0,4.9
2022,12,2022-12-01,Centro-Oeste,MS,Campo Grande,Marketplace,Eletrônicos,Produto A,29,946.59,27451.14,18494.37,10623.79,9.1,3.12
2022,12,2022-12-01,Sudeste,SP,São Paulo,Site próprio,Esporte,Produto C,7,1648.09,11536.65,6416.41,4064.12,4.8,3.9
2022,12,2022-12-01,Sudeste,SP,Campinas,Marketplace,Beleza,Produto D,16,1946.99,31151.81,21991.66,6166.69,2.3,3.71
2022,12,2022-12-01,Sudeste,SP,Ribeirão Preto,Site próprio,Moda,Produto B,7,1835.72,12850.04,7602.14,2525.01,5.0,4.51
2022,12,2022-12-01,Sudeste,RJ,Rio de Janeiro,Aplicativo,Beleza,Produto C,24,1913.45,45922.69,34311.72,11783.17,6.2,3.07
2022,12,2022-12-01,Sudeste,RJ,Niterói,Site próprio,Casa,Produto D,24,263.3,6319.25,4848.01,2490.75,11.1,3.28
2022,12,2022-12-01,Sudeste,RJ,Nova Iguaçu,Aplicativo,Moda,Produto A,3,2266.24,6798.73,4507.46,2692.69,12.3,4.69
2022,12,2022-12-01,Sudeste,RJ,Petrópolis,Site próprio,Eletrônicos,Produto B,23,1713.6,39412.86,26825.62,13649.44,10.6,4.68
2022,12,2022-12-01,Sudeste,MG,Belo Horizonte,Aplicativo,Livros,Produto C,8,1264.58,10116.65,7124.23,2498.87,3.1,4.61
2022,12,2022-12-01,Sudeste,MG,Uberlândia,Site próprio,Casa,Produto D,6,740.57,4443.4,2788.44,1560.47,2.6,3.32
2022,12,2022-12-01,Sudeste,MG,Juiz de Fora,Aplicativo,Beleza,Produto A,8,2242.74,17941.96,13634.24,7369.74,13.0,3.02
2022,12,2022-12-01,Sudeste,ES,Vitória,Marketplace,Eletrônicos,Produto A,11,2435.47,26790.21,20554.33,6434.83,12.0,4.13
2022,12,2022-12-01,Sudeste,ES,Vila Velha,Site próprio,Moda,Produto D,21,1205.58,25317.25,20686.59,4902.98,10.8,2.87
2022,12,2022-12-01,Sudeste,ES,Serra,Aplicativo,Livros,Produto C,21,2391.28,50216.92,29143.94,9472.18,3.6,3.83
2022,12,2022-12-01,Sul,PR,Curitiba,Site próprio,Eletrônicos,Produto B,12,1940.62,23287.44,15147.88,5936.61,6.3,4.37
2022,12,2022-12-01,Sul,PR,Londrina,Site próprio,Esporte,Produto A,9,294.85,2653.63,2146.45,746.37,2.7,3.96
2022,12,2022-12-01,Sul,SC,Florianópolis,Marketplace,Casa,Produto B,19,266.92,5071.42,3641.96,1925.37,3.3,3.51
2022,12,2022-12-01,Sul,SC,Joinville,Marketplace,Eletrônicos,Produto B,4,1954.57,7818.27,5409.86,1577.2,14.8,4.6
2022,12,2022-12-01,Sul,RS,Porto Alegre,Aplicativo,Eletrônicos,Produto D,18,574.54,10341.76,7904.06,2275.3,8.7,3.25
2022,12,2022-12-01,Sul,RS,Caxias do Sul,Aplicativo,Esporte,Produto B,9,2343.22,21088.97,13196.84,7865.96,10.6,2.74
2023,1,2023-01-01,Norte,AM,Manaus,Marketplace,Esporte,Produto B,23,2156.54,49600.41,31355.96,17079.13,7.3,3.29
2023,1,2023-01-01,Norte,PA,Belém,Site próprio,Beleza,Produto D,21,1904.85,40001.93,32069.87,9816.3,4.1,4.24
2023,1,2023-01-01,Norte,PA,Santarém,Site próprio,Casa,Produto D,5,1406.1,7030.48,5330.27,2786.35,10.8,4.85
2023,1,2023-01-01,Norte,RO,Porto Velho,Site próprio,Eletrônicos,Produto A,24,2408.05,57793.2,37810.6,12383.54,9.0,3.45
2023,1,2023-01-01,Norte,TO,Palmas,Marketplace,Beleza,Produto D,23,2151.47,49483.73,27506.69,20094.17,14.4,3.52
2023,1,2023-01-01,Nordeste,BA,Salvador,Marketplace,Esporte,Produto C,23,2214.16,50925.77,38230.95,15452.76,4.2,5.0
2023,1,2023-01-01,Nordeste,BA,Feira de Santana,Marketplace,Casa,Produto A,25,1559.19,38979.85,30960.39,12642.22,8.7,2.81
2023,1,2023-01-01,Nordeste,PE,Recife,Marketplace,Moda,Produto C,20,2047.56,40951.25,24809.7,11024.77,2.5,2.58
2023,1,2023-01-01,Nordeste,PE,Jaboatão dos Guararapes,Site próprio,Eletrônicos,Produto A,29,1519.98,44079.31,27593.03,17369.12,7.5,3.19
2023,1,2023-01-01,Nordeste,CE,Fortaleza,Marketplace,Beleza,Produto B,23,491.14,11296.24,7131.26,3704.02,2.8,2.69
2023,1,2023-01-01,Nordeste,CE,Juazeiro do Norte,Aplicativo,Livros,Produto C,8,1293.64,10349.11,8022.55,3663.09,8.4,3.55
2023,1,2023-01-01,Nordeste,MA,São Luís,Marketplace,Livros,Produto C,10,1999.3,19993.02,16074.49,8977.53,2.0,4.16
2023,1,2023-01-01,Nordeste,PB,João Pessoa,Site próprio,Esporte,Produto B,6,1168.06,7008.39,4713.44,1783.65,7.7,4.77
2023,1,2023-01-01,Centro-Oeste,DF,Brasília,Aplicativo,Eletrônicos,Produto A,1,2435.8,2435.8,1821.61,633.02,14.8,4.23
2023,1,2023-01-01,Centro-Oeste,GO,Goiânia,Site próprio,Beleza,Produto B,9,233.6,2102.43,1538.77,484.11,14.0,3.78
2023,1,2023-01-01,Centro-Oeste,GO,Aparecida de Goiânia,Site próprio,Livros,Produto C,11,2385.9,26244.89,18774.5,5321.01,2.9,2.83
2023,1,2023-01-01,Centro-Oeste,MT,Cuiabá,Site próprio,Casa,Produto D,19,2004.49,38085.23,25695.11,12689.44,6.2,3.87
2023,1,2023-01-01,Centro-Oeste,MS,Campo Grande,Aplicativo,Esporte,Produto A,22,1346.3,29618.49,19049.05,9731.83,14.6,4.24
2023,1,2023-01-01,Sudeste,SP,São Paulo,Aplicativo,Livros,Produto C,11,333.14,3664.5,2500.46,916.25,7.8,4.13
2023,1,2023-01-01,Sudeste,SP,Campinas,Aplicativo,Moda,Produto C,9,133.62,1202.56,948.29,348.86,8.5,3.93
2023,1,2023-01-01,Sudeste,SP,Ribeirão Preto,Marketplace,Beleza,Produto A,8,707.74,5661.88,3424.35,1045.75,3.3,2.98
2023,1,2023-01-01,Sudeste,RJ,Rio de Janeiro,Aplicativo,Casa,Produto A,12,408.56,4902.67,3509.95,1073.3,8.7,4.78
2023,1,2023-01-01,Sudeste,RJ,Niterói,Marketplace,Moda,Produto D,26,136.33,3544.64,2822.1,1019.72,7.5,3.83
2023,1,2023-01-01,Sudeste,RJ,Nova Iguaçu,Aplicativo,Livros,Produto B,3,187.23,561.7,415.39,143.89,6.4,4.74
2023,1,2023-01-01,Sudeste,RJ,Petrópolis,Aplicativo,Moda,Produto B,24,2488.65,59727.66,41729.48,11647.07,10.1,4.64
2023,1,2023-01-01,Sudeste,MG,Belo Horizonte,Marketplace,Eletrônicos,Produto D,12,2213.35,26560.21,18919.42,6743.12,4.0,4.01
2023,1,2023-01-01,Sudeste,MG,Uberlândia,Aplicativo,Esporte,Produto C,3,1745.35,5236.04,3648.3,1090.93,4.7,4.15
2023,1,2023-01-01,Sudeste,MG,Juiz de Fora,Site próprio,Beleza,Produto B,13,1294.96,16834.42,13123.77,3358.48,10.3,3.5
2023,1,2023-01-01,Sudeste,ES,Vitória,Marketplace,Livros,Produto A,4,2171.88,8687.52,5693.41,2997.5,10.1,4.39
2023,1,2023-01-01,Sudeste,ES,Vila Velha,Site próprio,Eletrônicos,Produto B,4,1150.63,4602.52,2555.81,1784.77,6.2,4.79
2023,1,2023-01-01,Sudeste,ES,Serra,Site próprio,Moda,Produto D,26,1283.92,33381.92,26128.39,11190.39,10.6,3.09
2023,1,2023-01-01,Sul,PR,Curitiba,Site próprio,Casa,Produto A,27,395.24,10671.38,6920.45,4705.98,3.3,3.82
2023,1,2023-01-01,Sul,PR,Londrina,Site próprio,Beleza,Produto B,25,597.37,14934.28,11723.24,6383.78,5.5,2.99
2023,1,2023-01-01,Sul,SC,Florianópolis,Aplicativo,Beleza,Produto B,7,92.35,646.44,515.24,257.65,10.0,4.47
2023,1,2023-01-01,Sul,SC,Joinville,Marketplace,Esporte,Produto B,6,2325.14,13950.84,10557.57,5013.27,6.7,2.61
2023,1,2023-01-01,Sul,RS,Porto Alegre,Site próprio,Eletrônicos,Produto D,21,297.25,6242.22,4139.93,1889.85,12.7,4.69
2023,1,2023-01-01,Sul,RS,Caxias do Sul,Marketplace,Moda,Produto D,12,2089.54,25074.54,18676.98,10421.7,5.2,4.67
2023,2,2023-02-01,Norte,AM,Manaus,Marketplace,Beleza,Produto A,10,1635.52,16355.23,10547.14,7117.82,2.5,2.83
2023,2,2023-02-01,Norte,PA,Belém,Site próprio,Beleza,Produto D,12,507.66,6091.96,4193.28,2702.41,9.2,4.5
2023,2,2023-02-01,Norte,PA,Santarém,Site próprio,Casa,Produto C,12,269.84,3238.12,1795.28,1267.26,6.3,3.41
2023,2,2023-02-01,Norte,RO,Porto Velho,Marketplace,Beleza,Produto A,1,1074.05,1074.05,867.08,349.58,4.8,4.9
2023,2,2023-02-01,Norte,TO,Palmas,Aplicativo,Eletrônicos,Produto A,7,1887.05,13209.38,10556.0,3202.61,13.0,3.89
2023,2,2023-02-01,Nordeste,BA,Salvador,Site próprio,Livros,Produto D,18,606.08,10909.52,7342.19,4379.28,3.4,3.98
2023,2,2023-02-01,Nordeste,BA,Feira de Santana,Aplicativo,Moda,Produto D,24,2356.6,56558.5,41250.2,20350.16,3.2,3.9
2023,2,2023-02-01,Nordeste,PE,Recife,Aplicativo,Casa,Produto C,7,2419.97,16939.82,13388.72,5492.65,6.0,4.08
2023,2,2023-02-01,Nordeste,PE,Jaboatão dos Guararapes,Marketplace,Livros,Produto C,8,2195.67,17565.38,13827.65,3548.45,2.5,4.52
2023,2,2023-02-01,Nordeste,CE,Fortaleza,Site próprio,Eletrônicos,Produto A,9,560.04,5040.39,3662.08,1064.55,8.0,3.15
2023,2,2023-02-01,Nordeste,CE,Juazeiro do Norte,Aplicativo,Esporte,Produto C,29,2429.36,70451.36,56289.7,20317.57,4.7,3.22
2023,2,2023-02-01,Nordeste,MA,São Luís,Site próprio,Eletrônicos,Produto C,14,2474.45,34642.25,19483.36,10477.62,7.3,3.3
2023,2,2023-02-01,Nordeste,PB,João Pessoa,Aplicativo,Casa,Produto C,1,1488.28,1488.28,1000.1,452.18,6.6,4.77
2023,2,2023-02-01,Centro-Oeste,DF,Brasília,Site próprio,Eletrônicos,Produto A,14,336.83,4715.58,2856.91,1664.45,3.0,2.71
2023,2,2023-02-01,Centro-Oeste,GO,Goiânia,Site próprio,Livros,Produto A,15,2144.6,32168.98,17874.1,9938.44,14.1,4.89
2023,2,2023-02-01,Centro-Oeste,GO,Aparecida de Goiânia,Marketplace,Casa,Produto B,28,1054.81,29534.64,19912.26,8063.06,6.1,4.01
2023,2,2023-02-01,Centro-Oeste,MT,Cuiabá,Site próprio,Eletrônicos,Produto D,2,65.87,131.75,104.71,30.51,13.2,2.85
2023,2,2023-02-01,Centro-Oeste,MS,Campo Grande,Aplicativo,Livros,Produto D,24,302.13,7251.16,5817.57,2216.29,12.1,4.94
2023,2,2023-02-01,Sudeste,SP,São Paulo,Marketplace,Esporte,Produto C,22,2445.54,53801.87,30820.21,19283.73,13.6,3.09
2023,2,2023-02-01,Sudeste,SP,Campinas,Aplicativo,Eletrônicos,Produto C,7,1536.82,10757.72,7867.94,4101.48,13.9,3.31
2023,2,2023-02-01,Sudeste,SP,Ribeirão Preto,Aplicativo,Esporte,Produto B,5,2147.48,10737.39,8477.28,2498.13,10.7,3.75
2023,2,2023-02-01,Sudeste,RJ,Rio de Janeiro,Marketplace,Beleza,Produto B,12,1471.71,17660.52,10258.34,6617.77,11.2,2.55
2023,2,2023-02-01,Sudeste,RJ,Niterói,Marketplace,Moda,Produto D,20,980.2,19603.96,13900.51,6468.29,9.9,3.3
2023,2,2023-02-01,Sudeste,RJ,Nova Iguaçu,Marketplace,Livros,Produto D,5,2282.79,11413.93,6483.39,2131.9,10.4,2.57
2023,2,2023-02-01,Sudeste,RJ,Petrópolis,Marketplace,Casa,Produto D,10,817.47,8174.72,5759.4,3186.0,9.3,3.83
2023,2,2023-02-01,Sudeste,MG,Belo Horizonte,Aplicativo,Beleza,Produto D,2,2276.95,4553.9,3614.35,1899.65,3.6,5.0
2023,2,2023-02-01,Sudeste,MG,Uberlândia,Site próprio,Beleza,Produto C,21,128.82,2705.18,1630.84,565.79,6.5,2.65
2023,2,2023-02-01,Sudeste,MG,Juiz de Fora,Aplicativo,Moda,Produto D,10,1080.0,10799.97,6219.61,4782.68,12.0,3.43
2023,2,2023-02-01,Sudeste,ES,Vitória,Marketplace,Moda,Produto D,15,655.05,9825.79,6402.17,2313.24,12.5,3.37
2023,2,2023-02-01,Sudeste,ES,Vila Velha,Aplicativo,Casa,Produto D,18,1434.98,25829.67,16341.27,9843.03,14.1,4.98
2023,2,2023-02-01,Sudeste,ES,Serra,Site próprio,Beleza,Produto D,9,770.04,6930.4,4147.97,3015.82,13.7,3.63
2023,2,2023-02-01,Sul,PR,Curitiba,Site próprio,Livros,Produto D,6,1762.68,10576.09,6654.61,3999.9,2.7,4.51
2023,2,2023-02-01,Sul,PR,Londrina,Site próprio,Esporte,Produto D,22,1628.34,35823.39,25215.7,12923.76,9.4,4.78
2023,2,2023-02-01,Sul,SC,Florianópolis,Site próprio,Beleza,Produto B,5,2211.74,11058.68,6463.82,4692.85,8.2,3.51
2023,2,2023-02-01,Sul,SC,Joinville,Site próprio,Esporte,Produto B,4,1046.63,4186.5,3094.69,1247.98,13.3,3.89
2023,2,2023-02-01,Sul,RS,Porto Alegre,Aplicativo,Casa,Produto D,15,2021.13,30317.01,20144.26,7472.36,13.9,4.8
2023,2,2023-02-01,Sul,RS,Caxias do Sul,Aplicativo,Beleza,Produto A,13,2152.03,27976.42,21877.47,5086.72,6.4,3.48
2023,3,2023-03-01,Norte,AM,Manaus,Site próprio,Beleza,Produto C,29,1724.6,50013.49,28585.24,18132.21,3.9,4.28
2023,3,2023-03-01,Norte,PA,Belém,Marketplace,Casa,Produto C,19,1944.23,36940.42,22899.84,9707.79,10.1,4.14
2023,3,2023-03-01,Norte,PA,Santarém,Site próprio,Eletrônicos,Produto A,10,877.09,8770.89,5752.97,1909.66,13.5,4.04
2023,3,2023-03-01,Norte,RO,Porto Velho,Site próprio,Casa,Produto A,14,511.0,7154.01,4641.14,1312.1,13.9,2.59
2023,3,2023-03-01,Norte,TO,Palmas,Aplicativo,Beleza,Produto B,25,1587.8,39694.99,25498.94,14359.07,11.8,3.84
2023,3,2023-03-01,Nordeste,BA,Salvador,Marketplace,Esporte,Produto C,18,2070.96,37277.37,27904.11,10429.15,9.5,4.7
2023,3,2023-03-01,Nordeste,BA,Feira de Santana,Marketplace,Esporte,Produto B,24,1420.8,34099.26,25721.64,13828.45,7.3,4.95
2023,3,2023-03-01,Nordeste,PE,Recife,Aplicativo,Moda,Produto A,6,2435.31,14611.88,11261.85,3675.14,4.7,4.19
2023,3,2023-03-01,Nordeste,PE,Jaboatão dos Guararapes,Site próprio,Beleza,Produto A,5,645.91,3229.55,2118.7,1274.54,13.1,2.66
2023,3,2023-03-01,Nordeste,CE,Fortaleza,Marketplace,Livros,Produto A,12,1829.29,21951.51,13240.21,6713.54,7.0,3.21
2023,3,2023-03-01,Nordeste,CE,Juazeiro do Norte,Site próprio,Eletrônicos,Produto B,6,1515.28,9091.68,6616.97,3589.66,11.3,3.62
2023,3,2023-03-01,Nordeste,MA,São Luís,Aplicativo,Livros,Produto C,10,266.42,2664.18,2076.86,1023.85,4.3,3.83
2023,3,2023-03-01,Nordeste,PB,João Pessoa,Site próprio,Esporte,Produto B,23,1013.81,23317.63,14360.47,9567.22,7.3,4.46
2023,3,2023-03-01,Centro-Oeste,DF,Brasília,Marketplace,Casa,Produto B,16,459.75,7356.06,5600.11,3143.61,11.9,3.17
2023,3,2023-03-01,Centro-Oeste,GO,Goiânia,Site próprio,Livros,Produto C,21,884.48,18573.99,11889.74,7263.08,5.1,2.61
2023,3,2023-03-01,Centro-Oeste,GO,Aparecida de Goiânia,Aplicativo,Eletrônicos,Produto A,9,2186.47,19678.25,12651.37,4260.12,11.0,4.44
2023,3,2023-03-01,Centro-Oeste,MT,Cuiabá,Aplicativo,Esporte,Produto D,9,2377.91,21401.2,16584.74,8355.08,9.2,4.05
2023,3,2023-03-01,Centro-Oeste,MS,Campo Grande,Site próprio,Beleza,Produto B,12,1443.18,17318.1,13753.69,5816.85,9.7,4.45
2023,3,2023-03-01,Sudeste,SP,São Paulo,Site próprio,Livros,Produto D,26,2287.03,59462.74,45892.07,16993.82,11.3,2.58
2023,3,2023-03-01,Sudeste,SP,Campinas,Site próprio,Eletrônicos,Produto A,1,552.27,552.27,381.29,100.36,2.7,3.14
2023,3,2023-03-01,Sudeste,SP,Ribeirão Preto,Site próprio,Livros,Produto D,22,2242.34,49331.54,30652.06,15680.06,8.5,3.47
2023,3,2023-03-01,Sudeste,RJ,Rio de Janeiro,Marketplace,Casa,Produto B,3,2037.67,6113.01,4816.4,1102.02,8.3,3.63
2023,3,2023-03-01,Sudeste,RJ,Niterói,Marketplace,Casa,Produto C,13,63.54,826.03,551.43,283.26,14.3,3.9
2023,3,2023-03-01,Sudeste,RJ,Nova Iguaçu,Aplicativo,Livros,Produto A,10,880.79,8807.93,6326.52,2743.13,7.1,3.54
2023,3,2023-03-01,Sudeste,RJ,Petrópolis,Marketplace,Beleza,Produto B,25,2251.64,56291.06,35798.71,14112.73,3.8,3.58
2023,3,2023-03-01,Sudeste,MG,Belo Horizonte,Marketplace,Casa,Produto A,19,1509.4,28678.56,17258.89,8567.66,4.4,2.57
2023,3,2023-03-01,Sudeste,MG,Uberlândia,Site próprio,Casa,Produto D,16,140.77,2252.24,1303.78,777.0,2.2,4.73
2023,3,2023-03-01,Sudeste,MG,Juiz de Fora,Aplicativo,Eletrônicos,Produto B,8,2141.0,17128.0,13580.64,6450.81,9.7,3.75
2023,3,2023-03-01,Sudeste,ES,Vitória,Site próprio,Eletrônicos,Produto A,9,351.19,3160.67,2325.56,758.45,6.1,3.74
2023,3,2023-03-01,Sudeste,ES,Vila Velha,Marketplace,Livros,Produto B,28,581.98,16295.58,10469.79,4995.82,4.6,3.44
2023,3,2023-03-01,Sudeste,ES,Serra,Marketplace,Eletrônicos,Produto C,11,1039.72,11436.94,6653.11,4284.51,9.2,4.26
2023,3,2023-03-01,Sul,PR,Curitiba,Site próprio,Casa,Produto A,29,662.03,19198.86,12477.65,8510.84,2.2,4.46
2023,3,2023-03-01,Sul,PR,Londrina,Marketplace,Esporte,Produto B,2,732.18,1464.35,904.52,401.23,13.5,3.67
2023,3,2023-03-01,Sul,SC,Florianópolis,Marketplace,Casa,Produto D,19,1282.4,24365.66,17290.88,8057.88,12.9,3.04
2023,3,2023-03-01,Sul,SC,Joinville,Aplicativo,Casa,Produto A,4,1890.2,7560.8,4321.97,1760.24,6.7,2.52
2023,3,2023-03-01,Sul,RS,Porto Alegre,Marketplace,Esporte,Produto D,27,505.62,13651.75,9912.58,4747.09,4.9,3.28
2023,3,2023-03-01,Sul,RS,Caxias do Sul,Marketplace,Eletrônicos,Produto B,5,1789.02,8945.12,6630.86,3493.94,11.2,3.95
2023,4,2023-04-01,Norte,AM,Manaus,Aplicativo,Beleza,Produto D,5,774.23,3871.17,2828.79,1145.05,6.5,3.1
2023,4,2023-04-01,Norte,PA,Belém,Site próprio,Esporte,Produto A,24,1290.86,30980.55,18738.61,6008.18,11.3,3.38
2023,4,2023-04-01,Norte,PA,Santarém,Marketplace,Eletrônicos,Produto A,7,225.78,1580.47,1160.72,544.16,10.4,2.89
2023,4,2023-04-01,Norte,RO,Porto Velho,Marketplace,Beleza,Produto C,14,490.67,6869.41,4443.37,1523.17,12.3,3.76
2023,4,2023-04-01,Norte,TO,Palmas,Aplicativo,Moda,Produto D,15,1041.52,15622.83,10255.86,5208.5,12.2,3.03
2023,4,2023-04-01,Nordeste,BA,Salvador,Marketplace,Beleza,Produto A,23,1072.68,24671.62,13720.41,5409.79,4.9,3.52
2023,4,2023-04-01,Nordeste,BA,Feira de Santana,Aplicativo,Casa,Produto A,7,909.13,6363.88,4738.97,1469.82,7.8,2.68
2023,4,2023-04-01,Nordeste,PE,Recife,Marketplace,Eletrônicos,Produto B,21,1578.33,33144.9,25007.39,6595.34,7.8,4.23
2023,4,2023-04-01,Nordeste,PE,Jaboatão dos Guararapes,Marketplace,Casa,Produto B,1,537.77,537.77,401.4,200.99,2.7,3.09
2023,4,2023-04-01,Nordeste,CE,Fortaleza,Aplicativo,Beleza,Produto D,8,302.61,2420.87,1925.34,690.57,11.5,4.79
2023,4,2023-04-01,Nordeste,CE,Juazeiro do Norte,Marketplace,Moda,Produto A,3,1115.52,3346.57,1887.89,1336.04,10.9,2.79
2023,4,2023-04-01,Nordeste,MA,São Luís,Marketplace,Beleza,Produto A,24,944.03,22656.81,15744.42,5229.78,5.5,2.92
2023,4,2023-04-01,Nordeste,PB,João Pessoa,Site próprio,Livros,Produto A,12,1439.37,17272.43,11762.92,6244.6,9.3,2.64
2023,4,2023-04-01,Centro-Oeste,DF,Brasília,Marketplace,Livros,Produto C,19,1564.42,29724.0,21198.68,7916.56,2.6,3.29
2023,4,2023-04-01,Centro-Oeste,GO,Goiânia,Site próprio,Esporte,Produto A,4,1068.02,4272.09,2849.48,1114.8,11.1,2.77
2023,4,2023-04-01,Centro-Oeste,GO,Aparecida de Goiânia,Site próprio,Esporte,Produto A,29,660.5,19154.44,12966.2,4224.14,3.5,4.79
2023,4,2023-04-01,Centro-Oeste,MT,Cuiabá,Aplicativo,Moda,Produto A,23,852.76,19613.47,10815.01,7655.17,14.5,4.82
2023,4,2023-04-01,Centro-Oeste,MS,Campo Grande,Site próprio,Livros,Produto B,27,2082.17,56218.54,37613.87,14113.87,9.7,3.48
2023,4,2023-04-01,Sudeste,SP,São Paulo,Aplicativo,Casa,Produto C,16,1637.54,26200.69,15748.46,11712.0,11.9,3.29
2023,4,2023-04-01,Sudeste,SP,Campinas,Aplicativo,Beleza,Produto D,6,678.46,4070.77,3170.34,898.46,8.6,2.66
2023,4,2023-04-01,Sudeste,SP,Ribeirão Preto,Site próprio,Livros,Produto A,13,1717.36,22325.67,13171.32,6939.7,12.4,4.12
2023,4,2023-04-01,Sudeste,RJ,Rio de Janeiro,Aplicativo,Beleza,Produto A,9,1689.0,15201.0,11764.39,6770.12,8.1,2.76
2023,4,2023-04-01,Sudeste,RJ,Niterói,Aplicativo,Esporte,Produto B,4,2385.53,9542.14,6880.38,3151.07,13.3,2.51
2023,4,2023-04-01,Sudeste,RJ,Nova Iguaçu,Marketplace,Beleza,Produto C,26,1464.66,38081.24,23229.76,11136.53,5.0,4.79
2023,4,2023-04-01,Sudeste,RJ,Petrópolis,Marketplace,Beleza,Produto A,19,1232.26,23413.01,12970.75,6326.54,6.2,3.81
2023,4,2023-04-01,Sudeste,MG,Belo Horizonte,Site próprio,Esporte,Produto D,26,154.16,4008.14,2622.7,1723.99,2.8,4.35
2023,4,2023-04-01,Sudeste,MG,Uberlândia,Site próprio,Beleza,Produto C,24,371.06,8905.52,4973.82,1856.54,3.4,4.31
2023,4,2023-04-01,Sudeste,MG,Juiz de Fora,Aplicativo,Beleza,Produto C,5,2381.15,11905.75,7472.9,4840.83,7.5,4.11
2023,4,2023-04-01,Sudeste,ES,Vitória,Site próprio,Beleza,Produto A,2,1029.34,2058.69,1196.63,915.13,5.1,3.19
2023,4,2023-04-01,Sudeste,ES,Vila Velha,Aplicativo,Esporte,Produto A,23,1719.62,39551.28,31942.13,16621.89,2.5,4.78
2023,4,2023-04-01,Sudeste,ES,Serra,Site próprio,Eletrônicos,Produto C,24,1274.05,30577.21,18810.43,10483.85,4.2,2.94
2023,4,2023-04-01,Sul,PR,Curitiba,Aplicativo,Moda,Produto C,11,1499.36,16492.99,11125.36,6670.88,9.0,3.52
2023,4,2023-04-01,Sul,PR,Londrina,Site próprio,Moda,Produto C,25,2393.39,59834.85,39217.11,26038.36,7.5,3.76
2023,4,2023-04-01,Sul,SC,Florianópolis,Site próprio,Livros,Produto A,11,555.31,6108.37,4753.3,1406.51,11.5,4.85
2023,4,2023-04-01,Sul,SC,Joinville,Site próprio,Eletrônicos,Produto C,29,274.16,7950.64,5620.41,2311.48,7.9,4.67
2023,4,2023-04-01,Sul,RS,Porto Alegre,Marketplace,Casa,Produto C,8,1646.62,13172.98,8765.74,2856.93,12.5,4.26
2023,4,2023-04-01,Sul,RS,Caxias do Sul,Marketplace,Esporte,Produto D,5,2005.75,10028.73,5865.43,1992.08,13.6,2.69
2023,5,2023-05-01,Norte,AM,Manaus,Aplicativo,Eletrônicos,Produto D,10,911.13,9111.26,7323.4,3507.04,9.3,2.83
2023,5,2023-05-01,Norte,PA,Belém,Site próprio,Beleza,Produto C,9,1424.32,12818.89,7290.0,4027.74,12.0,2.6
2023,5,2023-05-01,Norte,PA,Santarém,Site próprio,Esporte,Produto D,4,1386.34,5545.34,3522.63,1606.93,13.1,4.21
2023,5,2023-05-01,Norte,RO,Porto Velho,Aplicativo,Beleza,Produto A,11,1663.79,18301.64,12571.15,4439.99,3.8,3.54
2023,5,2023-05-01,Norte,TO,Palmas,Aplicativo,Esporte,Produto D,26,736.19,19140.82,11835.22,4950.89,6.2,3.32
2023,5,2023-05-01,Nordeste,BA,Salvador,Marketplace,Livros,Produto C,10,2358.67,23586.65,14419.69,7800.29,2.1,2.69
2023,5,2023-05-01,Nordeste,BA,Feira de Santana,Aplicativo,Livros,Produto B,19,2117.32,40229.06,29866.68,9950.86,14.8,2.87
2023,5,2023-05-01,Nordeste,PE,Recife,Marketplace,Livros,Produto B,16,749.96,11999.34,8055.77,2447.03,7.3,4.21
2023,5,2023-05-01,Nordeste,PE,Jaboatão dos Guararapes,Marketplace,Eletrônicos,Produto A,15,404.61,6069.22,3960.74,2196.39,5.6,2.6
2023,5,2023-05-01,Nordeste,CE,Fortaleza,Aplicativo,Beleza,Produto A,2,189.64,379.28,272.95,118.52,9.2,3.39
2023,5,2023-05-01,Nordeste,CE,Juazeiro do Norte,Site próprio,Moda,Produto C,2,1391.29,2782.58,2089.0,1081.85,6.3,4.45
2023,5,2023-05-01,Nordeste,MA,São Luís,Marketplace,Moda,Produto C,20,619.05,12381.07,9516.95,3284.07,11.9,4.24
2023,5,2023-05-01,Nordeste,PB,João Pessoa,Site próprio,Casa,Produto C,14,1450.0,20300.02,15703.53,5115.98,5.7,4.1
2023,5,2023-05-01,Centro-Oeste,DF,Brasília,Aplicativo,Eletrônicos,Produto C,27,914.21,24683.61,16103.8,5901.91,10.3,2.84
2023,5,2023-05-01,Centro-Oeste,GO,Goiânia,Aplicativo,Livros,Produto A,29,273.36,7927.33,6021.94,3289.57,14.8,3.04
2023,5,2023-05-01,Centro-Oeste,GO,Aparecida de Goiânia,Site próprio,Casa,Produto C,17,1597.58,27158.81,15140.57,11464.92,2.8,4.68
2023,5,2023-05-01,Centro-Oeste,MT,Cuiabá,Site próprio,Moda,Produto B,6,1149.77,6898.63,4217.43,2518.93,10.6,4.44
2023,5,2023-05-01,Centro-Oeste,MS,Campo Grande,Marketplace,Moda,Produto A,15,1323.49,19852.42,12036.44,4705.58,5.4,4.05
2023,5,2023-05-01,Sudeste,SP,São Paulo,Site próprio,Livros,Produto D,25,1858.17,46454.28,29765.59,10985.37,4.1,4.22
2023,5,2023-05-01,Sudeste,SP,Campinas,Marketplace,Eletrônicos,Produto B,13,1575.8,20485.39,16272.69,6938.26,6.4,2.6
2023,5,2023-05-01,Sudeste,SP,Ribeirão Preto,Site próprio,Casa,Produto A,20,1252.52,25050.3,18997.76,7544.89,15.0,3.62
2023,5,2023-05-01,Sudeste,RJ,Rio de Janeiro,Site próprio,Esporte,Produto A,19,1742.94,33115.94,19653.59,14306.54,10.2,4.36
2023,5,2023-05-01,Sudeste,RJ,Niterói,Site próprio,Eletrônicos,Produto B,11,1092.87,12021.53,7774.71,4408.19,14.9,4.25
2023,5,2023-05-01,Sudeste,RJ,Nova Iguaçu,Aplicativo,Casa,Produto B,29,214.71,6226.66,4166.92,2534.58,2.5,3.43
2023,5,2023-05-01,Sudeste,RJ,Petrópolis,Site próprio,Beleza,Produto B,16,1423.08,22769.22,15213.19,4669.05,4.0,4.48
2023,5,2023-05-01,Sudeste,MG,Belo Horizonte,Aplicativo,Beleza,Produto C,11,1813.04,19943.46,13187.43,4706.39,2.2,3.45
2023,5,2023-05-01,Sudeste,MG,Uberlândia,Marketplace,Beleza,Produto B,2,331.24,662.47,511.15,180.54,14.3,4.73
2023,5,2023-05-01,Sudeste,MG,Juiz de Fora,Marketplace,Moda,Produto C,9,1545.52,13909.7,10567.2,4050.24,12.1,3.4
2023,5,2023-05-01,Sudeste,ES,Vitória,Marketplace,Eletrônicos,Produto B,14,2241.4,31379.62,25030.58,12374.03,14.8,3.5
2023,5,2023-05-01,Sudeste,ES,Vila Velha,Marketplace,Livros,Produto A,21,1908.08,40069.72,28416.61,11670.82,12.8,4.49
2023,5,2023-05-01,Sudeste,ES,Serra,Aplicativo,Eletrônicos,Produto C,26,1383.18,35962.79,27637.4,15788.57,3.0,4.81
2023,5,2023-05-01,Sul,PR,Curitiba,Site próprio,Livros,Produto A,12,779.34,9352.07,5775.41,2560.67,10.4,4.26
2023,5,2023-05-01,Sul,PR,Londrina,Site próprio,Beleza,Produto B,15,1678.26,25173.84,18790.93,9314.18,2.2,3.11
2023,5,2023-05-01,Sul,SC,Florianópolis,Marketplace,Moda,Produto D,25,1211.65,30291.24,22584.9,12758.15,7.0,4.59
2023,5,2023-05-01,Sul,SC,Joinville,Aplicativo,Beleza,Produto A,10,69.89,698.87,536.89,220.32,10.4,2.73
2023,5,2023-05-01,Sul,RS,Porto Alegre,Marketplace,Casa,Produto D,26,2476.88,64398.91,43282.95,14341.68,6.7,2.85
2023,5,2023-05-01,Sul,RS,Caxias do Sul,Aplicativo,Casa,Produto B,22,2118.3,46602.69,33251.83,16869.35,2.0,2.8
2023,6,2023-06-01,Norte,AM,Manaus,Site próprio,Livros,Produto B,11,1347.16,14818.8,8812.24,2725.35,5.9,2.74
2023,6,2023-06-01,Norte,PA,Belém,Marketplace,Moda,Produto D,12,958.25,11499.02,7886.04,3387.58,6.9,4.26
2023,6,2023-06-01,Norte,PA,Santarém,Marketplace,Moda,Produto C,21,1675.21,35179.38,24517.71,6404.47,6.5,3.93
2023,6,2023-06-01,Norte,RO,Porto Velho,Marketplace,Moda,Produto A,16,2187.82,35005.09,19415.16,9685.91,5.0,3.43
2023,6,2023-06-01,Norte,TO,Palmas,Aplicativo,Moda,Produto D,18,916.94,16504.9,9830.85,4010.97,12.1,2.87
2023,6,2023-06-01,Nordeste,BA,Salvador,Marketplace,Esporte,Produto B,2,1154.93,2309.87,1525.51,863.62,12.8,4.5
2023,6,2023-06-01,Nordeste,BA,Feira de Santana,Marketplace,Casa,Produto C,1,494.12,494.12,333.16,206.44,14.4,2.98
2023,6,2023-06-01,Nordeste,PE,Recife,Site próprio,Casa,Produto D,12,1993.08,23916.97,16658.59,8575.47,7.2,4.3
2023,6,2023-06-01,Nordeste,PE,Jaboatão dos Guararapes,Site próprio,Eletrônicos,Produto B,29,1968.73,57093.3,43258.04,24810.04,13.2,2.98
2023,6,2023-06-01,Nordeste,CE,Fortaleza,Site próprio,Eletrônicos,Produto C,5,1355.11,6775.53,4882.23,2127.76,5.0,4.09
2023,6,2023-06-01,Nordeste,CE,Juazeiro do Norte,Site próprio,Esporte,Produto C,18,943.96,16991.31,10649.35,3272.76,12.3,4.59
2023,6,2023-06-01,Nordeste,MA,São Luís,Site próprio,Esporte,Produto D,22,1059.43,23307.39,16169.2,7727.8,11.4,3.65
2023,6,2023-06-01,Nordeste,PB,João Pessoa,Aplicativo,Moda,Produto B,8,1032.87,8262.98,4897.29,2270.99,13.7,2.88
2023,6,2023-06-01,Centro-Oeste,DF,Brasília,Marketplace,Livros,Produto C,19,1374.27,26111.1,18790.9,8850.29,8.7,3.75
2023,6,2023-06-01,Centro-Oeste,GO,Goiânia,Aplicativo,Moda,Produto B,14,311.08,4355.12,3492.0,1114.12,10.8,2.92
2023,6,2023-06-01,Centro-Oeste,GO,Aparecida de Goiânia,Aplicativo,Esporte,Produto B,21,2010.7,42224.75,25175.38,13591.08,4.2,3.31
2023,6,2023-06-01,Centro-Oeste,MT,Cuiabá,Site próprio,Moda,Produto D,13,2066.98,26870.76,19122.15,10684.41,4.6,4.9
2023,6,2023-06-01,Centro-Oeste,MS,Campo Grande,Site próprio,Eletrônicos,Produto D,3,1405.33,4216.0,2591.81,991.84,4.7,4.18
2023,6,2023-06-01,Sudeste,SP,São Paulo,Marketplace,Moda,Produto D,8,2278.65,18229.19,10270.28,4171.18,4.3,4.56
2023,6,2023-06-01,Sudeste,SP,Campinas,Marketplace,Esporte,Produto B,3,1685.2,5055.59,3296.18,1703.67,4.7,3.12
2023,6,2023-06-01,Sudeste,SP,Ribeirão Preto,Aplicativo,Eletrônicos,Produto B,16,1232.36,19717.8,14730.69,3643.74,11.1,3.49
2023,6,2023-06-01,Sudeste,RJ,Rio de Janeiro,Site próprio,Eletrônicos,Produto A,4,394.21,1576.82,1040.72,659.04,6.2,3.28
2023,6,2023-06-01,Sudeste,RJ,Niterói,Site próprio,Beleza,Produto D,3,1955.84,5867.52,4403.75,2328.6,10.6,4.89
2023,6,2023-06-01,Sudeste,RJ,Nova Iguaçu,Marketplace,Casa,Produto D,18,1219.19,21945.48,14738.04,9535.89,10.0,3.63
2023,6,2023-06-01,Sudeste,RJ,Petrópolis,Aplicativo,Casa,Produto D,19,1714.73,32579.91,21367.94,6080.29,5.8,4.64
2023,6,2023-06-01,Sudeste,MG,Belo Horizonte,Marketplace,Esporte,Produto D,16,1110.8,17772.85,13459.19,5404.92,6.3,3.64
2023,6,2023-06-01,Sudeste,MG,Uberlândia,Aplicativo,Beleza,Produto A,29,560.77,16262.33,10175.52,3130.89,6.1,4.46
2023,6,2023-06-01,Sudeste,MG,Juiz de Fora,Aplicativo,Moda,Produto C,8,1978.89,15831.11,11470.54,6969.36,10.0,2.68
2023,6,2023-06-01,Sudeste,ES,Vitória,Site próprio,Beleza,Produto B,4,950.47,3801.88,2404.65,944.12,14.2,4.77
2023,6,2023-06-01,Sudeste,ES,Vila Velha,Marketplace,Esporte,Produto A,5,68.12,340.62,213.95,113.95,7.0,3.39
2023,6,2023-06-01,Sudeste,ES,Serra,Site próprio,Eletrônicos,Produto D,6,908.9,5453.37,4185.39,1773.61,5.4,4.34
2023,6,2023-06-01,Sul,PR,Curitiba,Marketplace,Eletrônicos,Produto A,16,2276.01,36416.15,20482.74,7879.55,6.3,3.58
2023,6,2023-06-01,Sul,PR,Londrina,Marketplace,Esporte,Produto C,4,590.71,2362.85,1833.51,607.34,9.1,4.83
2023,6,2023-06-01,Sul,SC,Florianópolis,Site próprio,Beleza,Produto B,1,630.88,630.88,492.84,173.18,4.6,2.55
2023,6,2023-06-01,Sul,SC,Joinville,Marketplace,Moda,Produto C,12,1110.97,13331.63,8531.87,5911.68,13.3,4.29
2023,6,2023-06-01,Sul,RS,Porto Alegre,Marketplace,Eletrônicos,Produto C,17,1401.33,23822.56,17786.06,6982.36,11.6,3.06
2023,6,2023-06-01,Sul,RS,Caxias do Sul,Aplicativo,Moda,Produto B,2,458.15,916.29,512.17,194.96,9.8,4.1
2023,7,2023-07-01,Norte,AM,Manaus,Site próprio,Beleza,Produto D,4,1718.02,6872.1,5608.04,1581.02,4.5,4.07
2023,7,2023-07-01,Norte,PA,Belém,Site próprio,Moda,Produto D,22,1843.35,40553.6,31470.57,12958.6,3.1,3.55
2023,7,2023-07-01,Norte,PA,Santarém,Aplicativo,Moda,Produto B,4,1097.3,4389.21,2850.9,1084.82,9.4,3.85
2023,7,2023-07-01,Norte,RO,Porto Velho,Site próprio,Casa,Produto A,2,1563.74,3127.49,1855.1,595.89,4.3,2.77
2023,7,2023-07-01,Norte,TO,Palmas,Marketplace,Moda,Produto C,28,521.58,14604.32,11095.93,3206.33,11.4,2.78
2023,7,2023-07-01,Nordeste,BA,Salvador,Marketplace,Livros,Produto C,9,2053.64,18482.76,13582.97,8043.2,7.9,2.57
2023,7,2023-07-01,Nordeste,BA,Feira de Santana,Site próprio,Moda,Produto C,14,1299.67,18195.37,13591.54,4297.89,11.2,2.79
2023,7,2023-07-01,Nordeste,PE,Recife,Site próprio,Esporte,Produto D,23,78.92,1815.22,1458.49,476.99,2.9,3.49
2023,7,2023-07-01,Nordeste,PE,Jaboatão dos Guararapes,Site próprio,Moda,Produto D,1,366.71,366.71,258.01,104.02,12.6,2.87
2023,7,2023-07-01,Nordeste,CE,Fortaleza,Aplicativo,Eletrônicos,Produto A,7,649.17,4544.19,2974.44,1328.8,11.4,3.91
2023,7,2023-07-01,Nordeste,CE,Juazeiro do Norte,Aplicativo,Esporte,Produto B,4,689.46,2757.82,1745.42,1239.54,2.2,4.1
2023,7,2023-07-01,Nordeste,MA,São Luís,Aplicativo,Beleza,Produto A,25,2044.39,51109.86,35386.13,16451.42,11.0,3.59
2023,7,2023-07-01,Nordeste,PB,João Pessoa,Marketplace,Eletrônicos,Produto B,7,447.86,3134.99,2217.91,590.79,10.4,4.94
2023,7,2023-07-01,Centro-Oeste,DF,Brasília,Site próprio,Livros,Produto A,29,179.55,5206.88,3092.94,1467.91,9.4,3.02
2023,7,2023-07-01,Centro-Oeste,GO,Goiânia,Site próprio,Eletrônicos,Produto B,11,1472.63,16198.96,11529.15,3700.46,2.3,4.02
2023,7,2023-07-01,Centro-Oeste,GO,Aparecida de Goiânia,Site próprio,Livros,Produto C,5,1199.68,5998.39,4534.16,1656.59,7.3,3.44
2023,7,2023-07-01,Centro-Oeste,MT,Cuiabá,Marketplace,Livros,Produto A,7,592.8,4149.63,2610.21,1172.0,10.2,4.19
2023,7,2023-07-01,Centro-Oeste,MS,Campo Grande,Site próprio,Casa,Produto B,9,1449.07,13041.64,9360.07,3929.08,6.3,3.91
2023,7,2023-07-01,Sudeste,SP,São Paulo,Marketplace,Casa,Produto B,17,968.13,16458.28,11863.51,4702.1,14.0,4.15
2023,7,2023-07-01,Sudeste,SP,Campinas,Marketplace,Moda,Produto C,10,1154.53,11545.33,7141.83,4637.72,3.6,4.12
2023,7,2023-07-01,Sudeste,SP,Ribeirão Preto,Aplicativo,Beleza,Produto B,12,2360.46,28325.57,21224.22,9030.02,4.8,2.61
2023,7,2023-07-01,Sudeste,RJ,Rio de Janeiro,Marketplace,Eletrônicos,Produto D,19,729.65,13863.3,9147.85,5714.65,10.1,2.97
2023,7,2023-07-01,Sudeste,RJ,Niterói,Marketplace,Moda,Produto B,26,588.18,15292.76,8637.73,5424.04,14.6,3.9
2023,7,2023-07-01,Sudeste,RJ,Nova Iguaçu,Aplicativo,Livros,Produto D,27,1323.87,35744.37,23287.83,12228.18,12.1,4.18
2023,7,2023-07-01,Sudeste,RJ,Petrópolis,Aplicativo,Beleza,Produto D,22,2333.51,51337.22,28252.94,15717.34,6.2,3.7
2023,7,2023-07-01,Sudeste,MG,Belo Horizonte,Marketplace,Esporte,Produto B,7,1702.16,11915.12,8405.47,4053.6,3.9,3.25
2023,7,2023-07-01,Sudeste,MG,Uberlândia,Marketplace,Beleza,Produto C,3,117.38,352.13,269.26,108.88,5.8,4.63
2023,7,2023-07-01,Sudeste,MG,Juiz de Fora,Aplicativo,Moda,Produto D,17,1418.22,24109.82,19168.24,8114.69,10.5,3.51
2023,7,2023-07-01,Sudeste,ES,Vitória,Aplicativo,Beleza,Produto D,9,2103.49,18931.44,13146.03,3474.01,6.7,4.12
2023,7,2023-07-01,Sudeste,ES,Vila Velha,Site próprio,Beleza,Produto C,22,942.11,20726.51,11886.63,9136.12,12.0,2.64
2023,7,2023-07-01,Sudeste,ES,Serra,Marketplace,Casa,Produto A,8,1762.05,14096.39,10363.98,5735.57,8.0,3.29
2023,7,2023-07-01,Sul,PR,Curitiba,Site próprio,Livros,Produto A,14,2306.75,32294.47,21399.19,12234.86,13.0,4.51
2023,7,2023-07-01,Sul,PR,Londrina,Marketplace,Casa,Produto C,6,1724.89,10349.36,5892.32,2743.22,14.2,2.5
2023,7,2023-07-01,Sul,SC,Florianópolis,Aplicativo,Moda,Produto D,18,1866.74,33601.29,23370.63,12150.13,13.0,4.52
2023,7,2023-07-01,Sul,SC,Joinville,Aplicativo,Beleza,Produto C,13,782.57,10173.35,5668.89,2385.94,4.7,4.86
2023,7,2023-07-01,Sul,RS,Porto Alegre,Marketplace,Casa,Produto C,21,383.71,8057.9,5541.87,2614.02,5.3,3.32
2023,7,2023-07-01,Sul,RS,Caxias do Sul,Aplicativo,Eletrônicos,Produto C,12,272.84,3274.03,2604.4,1471.81,6.9,2.91
2023,8,2023-08-01,Norte,AM,Manaus,Site próprio,Moda,Produto D,13,610.93,7942.03,4999.68,3512.37,7.2,2.83
2023,8,2023-08-01,Norte,PA,Belém,Site próprio,Beleza,Produto C,13,685.05,8905.69,5646.49,2075.31,13.7,2.83
2023,8,2023-08-01,Norte,PA,Santarém,Marketplace,Casa,Produto B,10,2340.56,23405.65,17302.35,7180.34,5.1,4.09
2023,8,2023-08-01,Norte,RO,Porto Velho,Site próprio,Beleza,Produto B,26,1982.59,51547.34,31608.21,17633.71,2.2,4.5
2023,8,2023-08-01,Norte,TO,Palmas,Aplicativo,Esporte,Produto C,29,520.04,15081.02,8566.41,6216.49,12.8,4.8
2023,8,2023-08-01,Nordeste,BA,Salvador,Aplicativo,Livros,Produto A,27,745.42,20126.26,15975.2,4015.52,13.0,4.6
2023,8,2023-08-01,Nordeste,BA,Feira de Santana,Marketplace,Esporte,Produto B,19,816.37,15511.08,8670.44,4773.8,6.7,4.04
2023,8,2023-08-01,Nordeste,PE,Recife,Site próprio,Eletrônicos,Produto C,23,1259.66,28972.17,20546.91,9723.07,4.5,3.6
2023,8,2023-08-01,Nordeste,PE,Jaboatão dos Guararapes,Marketplace,Moda,Produto A,28,1893.83,53027.3,31170.81,13363.35,6.2,3.27
2023,8,2023-08-01,Nordeste,CE,Fortaleza,Aplicativo,Beleza,Produto B,3,1003.97,3011.91,2189.62,1269.55,8.5,3.37
2023,8,2023-08-01,Nordeste,CE,Juazeiro do Norte,Marketplace,Livros,Produto A,23,2494.85,57381.48,41720.84,19792.91,6.1,4.14
2023,8,2023-08-01,Nordeste,MA,São Luís,Aplicativo,Livros,Produto C,3,1240.62,3721.85,2281.7,1498.8,7.3,2.83
2023,8,2023-08-01,Nordeste,PB,João Pessoa,Marketplace,Casa,Produto A,20,907.74,18154.83,14149.06,7378.44,2.7,4.27
2023,8,2023-08-01,Centro-Oeste,DF,Brasília,Aplicativo,Eletrônicos,Produto C,19,483.83,9192.83,5908.52,2905.96,12.3,4.64
2023,8,2023-08-01,Centro-Oeste,GO,Goiânia,Site próprio,Beleza,Produto A,23,99.88,2297.2,1512.11,734.68,6.3,3.51
2023,8,2023-08-01,Centro-Oeste,GO,Aparecida de Goiânia,Site próprio,Livros,Produto D,25,579.39,14484.8,11538.39,5945.39,7.1,3.38
2023,8,2023-08-01,Centro-Oeste,MT,Cuiabá,Aplicativo,Beleza,Produto B,12,525.0,6299.98,3805.64,1223.16,13.8,4.95
2023,8,2023-08-01,Centro-Oeste,MS,Campo Grande,Site próprio,Esporte,Produto B,21,1652.57,34704.03,19250.92,11315.93,6.5,4.74
2023,8,2023-08-01,Sudeste,SP,São Paulo,Site próprio,Esporte,Produto C,9,2472.98,22256.79,15737.09,4230.46,4.7,3.71
2023,8,2023-08-01,Sudeste,SP,Campinas,Marketplace,Eletrônicos,Produto A,29,2339.99,67859.72,44187.5,30262.78,7.2,4.17
2023,8,2023-08-01,Sudeste,SP,Ribeirão Preto,Site próprio,Casa,Produto A,27,362.49,9787.28,6317.2,1907.27,14.4,4.83
2023,8,2023-08-01,Sudeste,RJ,Rio de Janeiro,Site próprio,Moda,Produto D,1,304.19,304.19,202.02,103.09,9.0,3.96
2023,8,2023-08-01,Sudeste,RJ,Niterói,Marketplace,Esporte,Produto D,24,571.35,13712.44,9958.51,3412.34,8.0,4.72
2023,8,2023-08-01,Sudeste,RJ,Nova Iguaçu,Aplicativo,Beleza,Produto D,25,2265.92,56648.11,44858.96,10569.49,7.2,4.83
2023,8,2023-08-01,Sudeste,RJ,Petrópolis,Marketplace,Casa,Produto A,26,824.45,21435.67,15258.61,5902.67,11.5,4.37
2023,8,2023-08-01,Sudeste,MG,Belo Horizonte,Aplicativo,Livros,Produto A,14,2330.31,32624.32,20043.37,11371.26,5.1,2.61
2023,8,2023-08-01,Sudeste,MG,Uberlândia,Marketplace,Livros,Produto D,21,1225.88,25743.41,18905.91,10437.18,12.4,4.49
2023,8,2023-08-01,Sudeste,MG,Juiz de Fora,Aplicativo,Eletrônicos,Produto C,14,254.63,3564.78,2275.86,735.46,2.0,3.4
2023,8,2023-08-01,Sudeste,ES,Vitória,Site próprio,Beleza,Produto C,2,851.92,1703.84,986.1,532.9,8.5,3.54
2023,8,2023-08-01,Sudeste,ES,Vila Velha,Marketplace,Livros,Produto C,22,1028.27,22621.96,17799.15,5482.08,14.0,3.44
2023,8,2023-08-01,Sudeste,ES,Serra,Site próprio,Eletrônicos,Produto C,21,1064.83,22361.51,16549.02,8986.72,13.2,4.66
2023,8,2023-08-01,Sul,PR,Curitiba,Site próprio,Moda,Produto D,26,1758.93,45732.16,35473.2,11429.25,14.7,3.55
2023,8,2023-08-01,Sul,PR,Londrina,Marketplace,Casa,Produto D,7,1992.6,13948.23,10964.29,3014.24,13.9,3.66
2023,8,2023-08-01,Sul,SC,Florianópolis,Marketplace,Eletrônicos,Produto B,3,1113.9,3341.7,1877.54,896.02,6.9,2.79
2023,8,2023-08-01,Sul,SC,Joinville,Site próprio,Beleza,Produto A,10,723.74,7237.37,5775.55,2424.65,2.6,2.89
2023,8,2023-08-01,Sul,RS,Porto Alegre,Marketplace,Beleza,Produto B,18,1867.0,33605.92,20455.22,8557.54,9.5,3.95
2023,8,2023-08-01,Sul,RS,Caxias do Sul,Marketplace,Moda,Produto D,15,898.86,13482.92,10517.42,5801.83,7.0,3.48
2023,9,2023-09-01,Norte,AM,Manaus,Site próprio,Esporte,Produto D,20,1176.64,23532.88,14376.27,8849.31,9.5,3.25
2023,9,2023-09-01,Norte,PA,Belém,Site próprio,Beleza,Produto A,14,2113.96,29595.42,22121.81,7739.64,13.3,4.3
2023,9,2023-09-01,Norte,PA,Santarém,Aplicativo,Livros,Produto C,17,1048.15,17818.63,9941.64,7046.79,14.7,3.12
2023,9,2023-09-01,Norte,RO,Porto Velho,Site próprio,Beleza,Produto C,29,950.3,27558.6,16504.18,5787.48,5.5,3.56
2023,9,2023-09-01,Norte,TO,Palmas,Site próprio,Eletrônicos,Produto C,5,1961.36,9806.81,7985.55,3947.2,2.0,4.67
2023,9,2023-09-01,Nordeste,BA,Salvador,Marketplace,Esporte,Produto A,19,509.39,9678.49,7572.48,4098.95,8.0,4.88
2023,9,2023-09-01,Nordeste,BA,Feira de Santana,Aplicativo,Moda,Produto C,17,196.79,3345.48,2689.94,706.33,13.3,2.91
2023,9,2023-09-01,Nordeste,PE,Recife,Marketplace,Beleza,Produto A,17,1508.44,25643.51,20761.9,7885.79,5.3,4.85
2023,9,2023-09-01,Nordeste,PE,Jaboatão dos Guararapes,Aplicativo,Eletrônicos,Produto D,1,75.15,75.15,47.82,23.29,4.4,4.11
2023,9,2023-09-01,Nordeste,CE,Fortaleza,Marketplace,Beleza,Produto D,11,316.1,3477.15,2816.83,1421.23,12.4,3.24
2023,9,2023-09-01,Nordeste,CE,Juazeiro do Norte,Marketplace,Eletrônicos,Produto D,23,1231.27,28319.21,18446.65,10493.38,4.5,4.64
2023,9,2023-09-01,Nordeste,MA,São Luís,Site próprio,Esporte,Produto C,9,1698.6,15287.43,11794.97,6562.75,5.1,3.79
2023,9,2023-09-01,Nordeste,PB,João Pessoa,Aplicativo,Esporte,Produto C,16,482.16,7714.56,5936.22,2913.95,7.5,3.01
2023,9,2023-09-01,Centro-Oeste,DF,Brasília,Marketplace,Eletrônicos,Produto C,13,1654.64,21510.37,13230.58,5477.02,14.8,2.96
2023,9,2023-09-01,Centro-Oeste,GO,Goiânia,Site próprio,Eletrônicos,Produto B,13,1552.59,20183.67,13455.25,4057.24,3.1,4.49
2023,9,2023-09-01,Centro-Oeste,GO,Aparecida de Goiânia,Site próprio,Beleza,Produto D,6,1947.45,11684.67,8227.33,3454.25,4.3,4.55
2023,9,2023-09-01,Centro-Oeste,MT,Cuiabá,Site próprio,Livros,Produto D,18,168.05,3024.9,1810.51,1154.68,8.2,4.68
2023,9,2023-09-01,Centro-Oeste,MS,Campo Grande,Marketplace,Moda,Produto D,6,827.93,4967.57,3006.98,1164.52,2.4,3.32
2023,9,2023-09-01,Sudeste,SP,São Paulo,Site próprio,Moda,Produto C,19,1807.51,34342.72,24776.22,12434.39,14.1,3.38
2023,9,2023-09-01,Sudeste,SP,Campinas,Aplicativo,Casa,Produto D,18,448.66,8075.83,6408.12,3392.83,13.1,4.29
2023,9,2023-09-01,Sudeste,SP,Ribeirão Preto,Site próprio,Livros,Produto B,11,512.64,5639.01,3989.09,1205.69,12.0,4.17
2023,9,2023-09-01,Sudeste,RJ,Rio de Janeiro,Aplicativo,Casa,Produto B,3,770.17,2310.51,1271.94,755.29,14.1,4.75
2023,9,2023-09-01,Sudeste,RJ,Niterói,Aplicativo,Livros,Produto C,26,2353.61,61193.96,40858.39,21977.1,11.9,3.04
2023,9,2023-09-01,Sudeste,RJ,Nova Iguaçu,Marketplace,Eletrônicos,Produto B,20,614.02,12280.39,6801.72,2447.81,7.0,2.72
2023,9,2023-09-01,Sudeste,RJ,Petrópolis,Marketplace,Beleza,Produto A,17,1959.85,33317.43,22550.18,6630.1,5.0,3.46
2023,9,2023-09-01,Sudeste,MG,Belo Horizonte,Aplicativo,Livros,Produto D,11,1275.35,14028.86,10806.37,5114.37,3.4,3.39
2023,9,2023-09-01,Sudeste,MG,Uberlândia,Aplicativo,Eletrônicos,Produto C,11,1955.47,21510.19,16998.07,4762.82,5.8,2.56
2023,9,2023-09-01,Sudeste,MG,Juiz de Fora,Aplicativo,Beleza,Produto D,13,938.33,12198.3,7453.07,3454.03,9.2,4.7
2023,9,2023-09-01,Sudeste,ES,Vitória,Aplicativo,Moda,Produto D,3,1664.6,4993.81,3618.54,1842.0,12.3,4.32
2023,9,2023-09-01,Sudeste,ES,Vila Velha,Site próprio,Beleza,Produto B,14,332.83,4659.62,3656.14,1227.46,9.2,4.22
2023,9,2023-09-01,Sudeste,ES,Serra,Marketplace,Eletrônicos,Produto C,15,789.22,11838.28,7080.46,4481.48,10.2,2.63
2023,9,2023-09-01,Sul,PR,Curitiba,Site próprio,Beleza,Produto A,6,1253.81,7522.89,5475.12,1488.47,3.6,4.8
2023,9,2023-09-01,Sul,PR,Londrina,Aplicativo,Casa,Produto A,26,1435.1,37312.65,21033.16,9425.04,14.6,4.04
2023,9,2023-09-01,Sul,SC,Florianópolis,Marketplace,Casa,Produto A,4,2336.68,9346.72,7039.93,3736.07,5.9,4.11
2023,9,2023-09-01,Sul,SC,Joinville,Site próprio,Eletrônicos,Produto D,23,1692.03,38916.69,24940.7,14188.39,5.0,4.59
2023,9,2023-09-01,Sul,RS,Porto Alegre,Aplicativo,Eletrônicos,Produto A,13,1054.36,13706.73,8949.92,3131.87,11.2,4.75
2023,9,2023-09-01,Sul,RS,Caxias do Sul,Marketplace,Beleza,Produto A,20,1683.52,33670.45,22271.47,13439.29,5.6,3.29
2023,10,2023-10-01,Norte,AM,Manaus,Aplicativo,Eletrônicos,Produto D,4,2084.89,8339.57,6745.65,2612.33,12.7,4.58
2023,10,2023-10-01,Norte,PA,Belém,Marketplace,Moda,Produto B,21,1854.44,38943.14,31701.47,8725.15,7.9,4.5
2023,10,2023-10-01,Norte,PA,Santarém,Aplicativo,Moda,Produto C,28,1759.91,49277.5,34075.98,17318.19,9.4,3.93
2023,10,2023-10-01,Norte,RO,Porto Velho,Aplicativo,Casa,Produto B,6,96.95,581.71,400.12,237.44,3.2,2.92
2023,10,2023-10-01,Norte,TO,Palmas,Site próprio,Eletrônicos,Produto A,3,1869.59,5608.78,4476.66,1557.77,6.1,4.75
2023,10,2023-10-01,Nordeste,BA,Salvador,Marketplace,Moda,Produto B,19,339.59,6452.12,3805.92,2558.69,13.9,4.47
2023,10,2023-10-01,Nordeste,BA,Feira de Santana,Marketplace,Esporte,Produto D,27,905.0,24435.04,13492.13,9686.28,14.2,4.56
2023,10,2023-10-01,Nordeste,PE,Recife,Site próprio,Esporte,Produto D,4,2085.12,8340.5,5563.29,3015.83,10.2,4.53
2023,10,2023-10-01,Nordeste,PE,Jaboatão dos Guararapes,Site próprio,Casa,Produto B,10,2277.23,22772.3,12824.33,8579.97,12.7,2.59
2023,10,2023-10-01,Nordeste,CE,Fortaleza,Marketplace,Beleza,Produto A,3,741.12,2223.37,1576.97,471.5,4.7,2.51
2023,10,2023-10-01,Nordeste,CE,Juazeiro do Norte,Aplicativo,Esporte,Produto B,1,141.68,141.68,99.21,42.14,5.0,4.69
2023,10,2023-10-01,Nordeste,MA,São Luís,Site próprio,Beleza,Produto A,26,2468.92,64191.97,46753.73,24163.65,12.6,3.28
2023,10,2023-10-01,Nordeste,PB,João Pessoa,Marketplace,Eletrônicos,Produto A,15,2250.14,33752.11,23978.89,11877.42,5.4,4.57
2023,10,2023-10-01,Centro-Oeste,DF,Brasília,Marketplace,Moda,Produto C,15,2109.74,31646.1,21558.04,6148.85,7.3,3.17
2023,10,2023-10-01,Centro-Oeste,GO,Goiânia,Site próprio,Livros,Produto D,16,454.49,7271.77,4879.58,2748.19,7.5,4.4
2023,10,2023-10-01,Centro-Oeste,GO,Aparecida de Goiânia,Site próprio,Eletrônicos,Produto D,10,1449.6,14496.02,10203.91,6007.92,5.4,3.03
2023,10,2023-10-01,Centro-Oeste,MT,Cuiabá,Site próprio,Beleza,Produto B,9,2144.03,19296.24,10910.69,8285.45,9.9,4.61
2023,10,2023-10-01,Centro-Oeste,MS,Campo Grande,Marketplace,Livros,Produto C,15,2287.42,34311.3,18928.04,14496.7,10.2,3.66
2023,10,2023-10-01,Sudeste,SP,São Paulo,Site próprio,Beleza,Produto D,6,2377.29,14263.72,10357.04,3555.65,13.8,3.8
2023,10,2023-10-01,Sudeste,SP,Campinas,Site próprio,Eletrônicos,Produto B,16,2332.03,37312.41,21773.88,9998.25,2.5,3.38
2023,10,2023-10-01,Sudeste,SP,Ribeirão Preto,Site próprio,Eletrônicos,Produto A,21,2043.97,42923.29,26017.83,14783.73,10.8,2.82
2023,10,2023-10-01,Sudeste,RJ,Rio de Janeiro,Aplicativo,Livros,Produto C,15,388.01,5820.13,3978.68,1709.89,6.2,2.76
2023,10,2023-10-01,Sudeste,RJ,Niterói,Site próprio,Esporte,Produto D,19,1785.44,33923.28,26565.3,14765.74,12.7,2.93
2023,10,2023-10-01,Sudeste,RJ,Nova Iguaçu,Marketplace,Livros,Produto C,8,1767.09,14136.75,9751.01,5497.63,14.5,3.1
2023,10,2023-10-01,Sudeste,RJ,Petrópolis,Aplicativo,Livros,Produto A,29,1851.08,53681.27,29823.31,21534.58,6.5,4.0
2023,10,2023-10-01,Sudeste,MG,Belo Horizonte,Marketplace,Livros,Produto A,17,930.08,15811.33,11398.14,4867.93,6.0,2.72
2023,10,2023-10-01,Sudeste,MG,Uberlândia,Aplicativo,Eletrônicos,Produto A,28,2276.63,63745.58,49136.02,26103.98,6.6,3.9
2023,10,2023-10-01,Sudeste,MG,Juiz de Fora,Site próprio,Livros,Produto A,5,1200.6,6003.0,3825.14,1283.76,10.2,2.69
2023,10,2023-10-01,Sudeste,ES,Vitória,Marketplace,Esporte,Produto C,6,2467.22,14803.33,9496.16,2863.76,2.2,2.68
2023,10,2023-10-01,Sudeste,ES,Vila Velha,Site próprio,Eletrônicos,Produto A,19,1748.63,33223.98,18694.2,11790.81,10.3,4.72
2023,10,2023-10-01,Sudeste,ES,Serra,Site próprio,Beleza,Produto C,12,2014.98,24179.73,18690.31,7830.99,7.1,2.99
2023,10,2023-10-01,Sul,PR,Curitiba,Site próprio,Beleza,Produto D,10,474.1,4740.97,3766.88,1733.71,9.4,4.34
2023,10,2023-10-01,Sul,PR,Londrina,Marketplace,Eletrônicos,Produto A,16,996.8,15948.85,11634.89,6728.56,13.8,4.23
2023,10,2023-10-01,Sul,SC,Florianópolis,Site próprio,Esporte,Produto A,29,210.15,6094.45,4519.79,2660.91,8.9,2.71
2023,10,2023-10-01,Sul,SC,Joinville,Aplicativo,Esporte,Produto B,22,360.24,7925.21,5675.08,1586.7,5.8,4.8
2023,10,2023-10-01,Sul,RS,Porto Alegre,Aplicativo,Casa,Produto C,22,2330.17,51263.77,37132.24,10921.44,11.2,4.38
2023,10,2023-10-01,Sul,RS,Caxias do Sul,Aplicativo,Moda,Produto B,7,2367.93,16575.49,13471.15,4482.43,5.2,2.54
2023,11,2023-11-01,Norte,AM,Manaus,Aplicativo,Livros,Produto A,10,2286.26,22862.59,13481.37,6590.71,9.5,3.63
2023,11,2023-11-01,Norte,PA,Belém,Aplicativo,Moda,Produto A,18,1800.8,32414.44,25662.57,9287.67,4.8,2.92
2023,11,2023-11-01,Norte,PA,Santarém,Site próprio,Eletrônicos,Produto B,8,1515.69,12125.53,6964.6,3035.98,4.9,3.95
2023,11,2023-11-01,Norte,RO,Porto Velho,Aplicativo,Beleza,Produto A,25,1872.64,46815.93,26173.88,9899.92,10.5,3.85
2023,11,2023-11-01,Norte,TO,Palmas,Site próprio,Moda,Produto D,9,1209.25,10883.24,7594.01,3849.4,5.1,2.55
2023,11,2023-11-01,Nordeste,BA,Salvador,Site próprio,Livros,Produto A,9,734.75,6612.76,4045.96,2875.22,10.7,4.44
2023,11,2023-11-01,Nordeste,BA,Feira de Santana,Site próprio,Moda,Produto B,13,313.33,4073.33,2759.95,909.15,7.1,4.4
2023,11,2023-11-01,Nordeste,PE,Recife,Site próprio,Moda,Produto C,18,1901.43,34225.82,22948.85,12408.0,7.8,4.5
2023,11,2023-11-01,Nordeste,PE,Jaboatão dos Guararapes,Site próprio,Livros,Produto B,2,329.05,658.11,401.67,189.93,3.1,3.9
2023,11,2023-11-01,Nordeste,CE,Fortaleza,Aplicativo,Livros,Produto A,26,1332.16,34636.14,25825.83,14462.6,3.2,4.07
2023,11,2023-11-01,Nordeste,CE,Juazeiro do Norte,Marketplace,Beleza,Produto B,18,1848.48,33272.68,25363.45,13538.98,12.4,3.59
2023,11,2023-11-01,Nordeste,MA,São Luís,Site próprio,Moda,Produto A,22,1201.15,26425.4,21320.26,6634.2,5.4,2.88
2023,11,2023-11-01,Nordeste,PB,João Pessoa,Site próprio,Esporte,Produto C,25,53.7,1342.49,1025.75,559.15,2.2,3.37
2023,11,2023-11-01,Centro-Oeste,DF,Brasília,Marketplace,Livros,Produto A,25,2204.19,55104.78,36269.38,23860.01,14.6,3.78
2023,11,2023-11-01,Centro-Oeste,GO,Goiânia,Aplicativo,Beleza,Produto A,23,1337.9,30771.63,25197.88,11784.44,4.2,4.66
2023,11,2023-11-01,Centro-Oeste,GO,Aparecida de Goiânia,Marketplace,Moda,Produto C,12,229.97,2759.66,1931.42,1135.83,6.8,3.04
2023,11,2023-11-01,Centro-Oeste,MT,Cuiabá,Marketplace,Livros,Produto C,28,2220.18,62164.96,40462.56,17665.91,9.5,3.7
2023,11,2023-11-01,Centro-Oeste,MS,Campo Grande,Aplicativo,Esporte,Produto D,12,1259.74,15116.86,10539.75,4984.51,6.2,3.43
2023,11,2023-11-01,Sudeste,SP,São Paulo,Marketplace,Beleza,Produto B,7,1873.82,13116.74,10033.84,4763.74,5.9,2.86
2023,11,2023-11-01,Sudeste,SP,Campinas,Aplicativo,Eletrônicos,Produto A,19,2261.9,42976.02,30228.14,16585.86,3.8,3.66
2023,11,2023-11-01,Sudeste,SP,Ribeirão Preto,Site próprio,Moda,Produto B,8,1474.98,11799.84,8832.24,3290.6,8.9,3.02
2023,11,2023-11-01,Sudeste,RJ,Rio de Janeiro,Marketplace,Eletrônicos,Produto C,3,2044.8,6134.41,3690.92,1319.18,7.5,3.65
2023,11,2023-11-01,Sudeste,RJ,Niterói,Site próprio,Moda,Produto C,1,2157.33,2157.33,1719.07,635.77,8.9,5.0
2023,11,2023-11-01,Sudeste,RJ,Nova Iguaçu,Aplicativo,Esporte,Produto A,24,1732.77,41586.42,27712.36,12212.45,8.0,3.31
2023,11,2023-11-01,Sudeste,RJ,Petrópolis,Site próprio,Beleza,Produto A,20,2378.59,47571.75,27390.07,13991.59,10.0,2.72
2023,11,2023-11-01,Sudeste,MG,Belo Horizonte,Aplicativo,Livros,Produto C,17,769.88,13088.03,9783.25,4329.02,10.7,3.63
2023,11,2023-11-01,Sudeste,MG,Uberlândia,Site próprio,Livros,Produto B,24,90.54,2172.91,1423.32,532.39,6.0,4.35
2023,11,2023-11-01,Sudeste,MG,Juiz de Fora,Marketplace,Livros,Produto D,1,847.66,847.66,542.69,180.15,11.3,2.65
2023,11,2023-11-01,Sudeste,ES,Vitória,Site próprio,Casa,Produto C,21,117.56,2468.79,2009.63,807.59,5.8,4.74
2023,11,2023-11-01,Sudeste,ES,Vila Velha,Marketplace,Casa,Produto C,15,1982.25,29733.68,22876.25,6546.54,3.4,3.58
2023,11,2023-11-01,Sudeste,ES,Serra,Marketplace,Casa,Produto A,10,1911.83,19118.29,12068.93,5049.43,3.9,3.6
2023,11,2023-11-01,Sul,PR,Curitiba,Site próprio,Esporte,Produto C,28,1637.22,45842.19,34378.78,8903.32,2.6,3.2
2023,11,2023-11-01,Sul,PR,Londrina,Aplicativo,Moda,Produto D,10,2290.34,22903.36,15938.53,6100.73,14.0,4.71
2023,11,2023-11-01,Sul,SC,Florianópolis,Aplicativo,Livros,Produto A,20,1177.28,23545.63,13293.09,7213.6,3.1,4.68
2023,11,2023-11-01,Sul,SC,Joinville,Aplicativo,Beleza,Produto B,13,2099.4,27292.14,19433.3,6048.58,6.3,3.64
2023,11,2023-11-01,Sul,RS,Porto Alegre,Site próprio,Esporte,Produto B,11,204.75,2252.2,1692.06,748.55,2.4,4.14
2023,11,2023-11-01,Sul,RS,Caxias do Sul,Site próprio,Beleza,Produto D,14,659.27,9229.81,7495.28,1838.54,11.5,4.66
2023,12,2023-12-01,Norte,AM,Manaus,Marketplace,Livros,Produto C,20,440.23,8804.58,6986.65,1958.92,10.8,3.41
2023,12,2023-12-01,Norte,PA,Belém,Aplicativo,Casa,Produto B,1,2458.32,2458.32,1425.54,499.73,9.1,3.75
2023,12,2023-12-01,Norte,PA,Santarém,Aplicativo,Livros,Produto D,9,1490.12,13411.12,8454.76,3189.32,10.4,2.54
2023,12,2023-12-01,Norte,RO,Porto Velho,Site próprio,Esporte,Produto D,15,493.18,7397.68,5444.12,2144.59,14.5,3.2
2023,12,2023-12-01,Norte,TO,Palmas,Aplicativo,Livros,Produto D,2,237.14,474.29,285.67,89.19,10.2,2.88
2023,12,2023-12-01,Nordeste,BA,Salvador,Site próprio,Esporte,Produto C,1,2224.22,2224.22,1492.76,801.34,8.2,4.57
2023,12,2023-12-01,Nordeste,BA,Feira de Santana,Marketplace,Esporte,Produto B,16,2298.16,36770.53,22061.85,11980.99,7.6,4.72
2023,12,2023-12-01,Nordeste,PE,Recife,Marketplace,Eletrônicos,Produto A,28,2306.89,64592.87,48793.1,28392.28,3.1,4.81
2023,12,2023-12-01,Nordeste,PE,Jaboatão dos Guararapes,Aplicativo,Beleza,Produto A,14,1952.89,27340.45,16398.96,5662.82,3.6,4.48
2023,12,2023-12-01,Nordeste,CE,Fortaleza,Aplicativo,Eletrônicos,Produto A,16,73.87,1181.86,880.96,394.46,2.8,4.31
2023,12,2023-12-01,Nordeste,CE,Juazeiro do Norte,Site próprio,Casa,Produto C,28,2048.58,57360.34,44262.87,16003.18,11.2,4.06
2023,12,2023-12-01,Nordeste,MA,São Luís,Marketplace,Esporte,Produto C,19,1340.1,25461.94,16275.48,8816.04,2.9,3.27
2023,12,2023-12-01,Nordeste,PB,João Pessoa,Site próprio,Beleza,Produto D,26,430.36,11189.26,8498.11,5030.07,12.6,3.91
2023,12,2023-12-01,Centro-Oeste,DF,Brasília,Marketplace,Eletrônicos,Produto C,10,2347.86,23478.55,13753.95,9411.38,6.8,3.61
2023,12,2023-12-01,Centro-Oeste,GO,Goiânia,Site próprio,Esporte,Produto C,23,1267.13,29143.94,17747.18,5316.14,5.6,3.34
2023,12,2023-12-01,Centro-Oeste,GO,Aparecida de Goiânia,Site próprio,Esporte,Produto D,11,1499.55,16495.02,11931.58,4815.82,14.1,4.24
2023,12,2023-12-01,Centro-Oeste,MT,Cuiabá,Site próprio,Esporte,Produto C,1,678.95,678.95,441.0,280.86,6.3,3.19
2023,12,2023-12-01,Centro-Oeste,MS,Campo Grande,Marketplace,Moda,Produto D,7,2309.11,16163.76,9062.57,6907.1,8.9,4.32
2023,12,2023-12-01,Sudeste,SP,São Paulo,Site próprio,Casa,Produto B,25,1769.41,44235.14,31357.37,15518.13,4.4,3.88
2023,12,2023-12-01,Sudeste,SP,Campinas,Aplicativo,Esporte,Produto B,5,2343.76,11718.79,8832.48,4702.4,4.5,4.85
2023,12,2023-12-01,Sudeste,SP,Ribeirão Preto,Site próprio,Eletrônicos,Produto B,6,921.94,5531.66,3922.3,1586.33,11.2,4.83
2023,12,2023-12-01,Sudeste,RJ,Rio de Janeiro,Marketplace,Esporte,Produto C,27,508.61,13732.49,8509.42,4855.39,7.6,3.15
2023,12,2023-12-01,Sudeste,RJ,Niterói,Aplicativo,Casa,Produto B,17,427.59,7269.0,5084.88,1781.89,12.3,3.92
2023,12,2023-12-01,Sudeste,RJ,Nova Iguaçu,Aplicativo,Eletrônicos,Produto D,5,216.9,1084.52,629.43,235.77,4.7,3.83
2023,12,2023-12-01,Sudeste,RJ,Petrópolis,Aplicativo,Moda,Produto B,12,555.33,6663.97,5412.99,2065.63,8.3,2.53
2023,12,2023-12-01,Sudeste,MG,Belo Horizonte,Site próprio,Eletrônicos,Produto D,9,2080.74,18726.63,12937.41,7170.1,10.6,2.53
2023,12,2023-12-01,Sudeste,MG,Uberlândia,Aplicativo,Beleza,Produto B,11,1887.11,20758.22,12059.68,7044.95,5.7,4.4
2023,12,2023-12-01,Sudeste,MG,Juiz de Fora,Marketplace,Casa,Produto D,6,1685.05,10110.32,6746.63,2106.03,5.1,4.49
2023,12,2023-12-01,Sudeste,ES,Vitória,Marketplace,Beleza,Produto D,22,1193.74,26262.38,17291.51,11563.46,14.2,2.58
2023,12,2023-12-01,Sudeste,ES,Vila Velha,Aplicativo,Beleza,Produto D,28,1267.54,35490.98,23324.97,7707.61,10.3,4.09
2023,12,2023-12-01,Sudeste,ES,Serra,Marketplace,Beleza,Produto D,10,533.28,5332.76,4123.42,1196.63,8.4,4.26
2023,12,2023-12-01,Sul,PR,Curitiba,Site próprio,Beleza,Produto D,28,1574.36,44081.95,35420.98,12861.71,12.9,4.13
2023,12,2023-12-01,Sul,PR,Londrina,Marketplace,Eletrônicos,Produto C,29,2314.68,67125.8,43347.36,19357.18,2.7,3.57
2023,12,2023-12-01,Sul,SC,Florianópolis,Marketplace,Casa,Produto C,6,125.44,752.65,457.46,192.8,3.8,4.87
2023,12,2023-12-01,Sul,SC,Joinville,Site próprio,Livros,Produto D,5,902.96,4514.79,2818.34,1612.74,13.1,2.91
2023,12,2023-12-01,Sul,RS,Porto Alegre,Aplicativo,Eletrônicos,Produto B,16,237.57,3801.18,2294.74,1508.25,9.9,3.02
2023,12,2023-12-01,Sul,RS,Caxias do Sul,Marketplace,Casa,Produto B,29,1185.42,34377.1,22356.12,10200.14,13.9,4.12
2024,1,2024-01-01,Norte,AM,Manaus,Site próprio,Casa,Produto B,25,1379.25,34481.13,26762.21,9688.53,13.2,3.37
2024,1,2024-01-01,Norte,PA,Belém,Aplicativo,Livros,Produto B,11,1434.57,15780.22,8761.15,3145.6,7.5,3.48
2024,1,2024-01-01,Norte,PA,Santarém,Marketplace,Esporte,Produto A,28,112.59,3152.41,2569.25,818.66,8.3,4.35
2024,1,2024-01-01,Norte,RO,Porto Velho,Marketplace,Livros,Produto A,7,1132.12,7924.83,4680.24,1599.26,2.1,2.88
2024,1,2024-01-01,Norte,TO,Palmas,Site próprio,Eletrônicos,Produto B,17,1964.74,33400.64,25187.81,7984.93,8.8,4.97
2024,1,2024-01-01,Nordeste,BA,Salvador,Site próprio,Beleza,Produto B,5,526.54,2632.68,1477.12,578.62,7.6,4.97
2024,1,2024-01-01,Nordeste,BA,Feira de Santana,Aplicativo,Moda,Produto B,28,1523.73,42664.32,29145.98,12752.85,5.3,3.58
2024,1,2024-01-01,Nordeste,PE,Recife,Aplicativo,Moda,Produto B,22,562.91,12384.13,10098.17,4228.27,10.4,3.89
2024,1,2024-01-01,Nordeste,PE,Jaboatão dos Guararapes,Aplicativo,Livros,Produto D,7,968.17,6777.21,4548.21,3017.95,15.0,3.09
2024,1,2024-01-01,Nordeste,CE,Fortaleza,Marketplace,Casa,Produto B,10,755.51,7555.08,4188.6,1925.78,6.7,3.03
2024,1,2024-01-01,Nordeste,CE,Juazeiro do Norte,Aplicativo,Eletrônicos,Produto A,2,2440.03,4880.05,3614.15,1716.14,8.0,3.58
2024,1,2024-01-01,Nordeste,MA,São Luís,Site próprio,Beleza,Produto D,24,305.32,7327.57,5332.95,2461.98,4.5,4.13
2024,1,2024-01-01,Nordeste,PB,João Pessoa,Aplicativo,Livros,Produto B,9,564.97,5084.76,3719.68,1097.0,14.7,3.59
2024,1,2024-01-01,Centro-Oeste,DF,Brasília,Site próprio,Casa,Produto B,1,188.03,188.03,139.72,58.87,11.9,4.24
2024,1,2024-01-01,Centro-Oeste,GO,Goiânia,Aplicativo,Eletrônicos,Produto C,10,1235.29,12352.85,7818.38,2977.2,7.7,3.13
2024,1,2024-01-01,Centro-Oeste,GO,Aparecida de Goiânia,Marketplace,Moda,Produto A,11,1846.17,20307.9,11241.02,4185.3,6.3,3.57
2024,1,2024-01-01,Centro-Oeste,MT,Cuiabá,Aplicativo,Moda,Produto B,20,1449.08,28981.63,20797.89,8280.63,4.0,3.82
2024,1,2024-01-01,Centro-Oeste,MS,Campo Grande,Aplicativo,Eletrônicos,Produto D,12,833.96,10007.53,6988.49,2763.78,3.8,4.08
2024,1,2024-01-01,Sudeste,SP,São Paulo,Aplicativo,Beleza,Produto A,14,2352.91,32940.8,26096.5,6215.61,3.2,3.92
2024,1,2024-01-01,Sudeste,SP,Campinas,Marketplace,Eletrônicos,Produto D,6,1562.52,9375.1,6591.03,3546.59,14.1,2.5
2024,1,2024-01-01,Sudeste,SP,Ribeirão Preto,Site próprio,Esporte,Produto B,7,2491.47,17440.31,11282.62,7031.14,12.2,3.81
2024,1,2024-01-01,Sudeste,RJ,Rio de Janeiro,Marketplace,Casa,Produto A,12,2470.71,29648.57,19585.12,6178.47,6.9,2.96
2024,1,2024-01-01,Sudeste,RJ,Niterói,Marketplace,Moda,Produto B,29,855.96,24822.86,15842.08,5537.8,3.2,3.09
2024,1,2024-01-01,Sudeste,RJ,Nova Iguaçu,Marketplace,Beleza,Produto D,28,976.49,27341.58,20568.61,11348.48,9.5,3.59
2024,1,2024-01-01,Sudeste,RJ,Petrópolis,Aplicativo,Livros,Produto D,17,1684.0,28628.05,18512.53,9073.04,4.8,2.58
2024,1,2024-01-01,Sudeste,MG,Belo Horizonte,Marketplace,Moda,Produto C,21,2402.5,50452.5,28203.28,20910.86,3.5,2.63
2024,1,2024-01-01,Sudeste,MG,Uberlândia,Site próprio,Esporte,Produto D,7,2472.22,17305.55,11054.12,4679.58,13.9,4.2
2024,1,2024-01-01,Sudeste,MG,Juiz de Fora,Aplicativo,Casa,Produto A,23,904.14,20795.22,12009.59,5456.62,3.6,3.64
2024,1,2024-01-01,Sudeste,ES,Vitória,Aplicativo,Beleza,Produto B,25,341.11,8527.65,4746.79,1810.27,6.2,4.75
2024,1,2024-01-01,Sudeste,ES,Vila Velha,Marketplace,Beleza,Produto A,2,2339.69,4679.38,3500.86,1654.75,6.6,4.26
2024,1,2024-01-01,Sudeste,ES,Serra,Marketplace,Casa,Produto D,9,1247.5,11227.49,8142.91,4402.36,14.2,2.9
2024,1,2024-01-01,Sul,PR,Curitiba,Site próprio,Esporte,Produto C,27,1957.16,52843.2,32200.36,13096.62,10.7,3.53
2024,1,2024-01-01,Sul,PR,Londrina,Aplicativo,Casa,Produto B,22,2127.85,46812.72,37558.67,17844.13,4.9,4.81
2024,1,2024-01-01,Sul,SC,Florianópolis,Marketplace,Livros,Produto B,27,721.44,19478.77,15543.56,3623.61,4.2,2.95
2024,1,2024-01-01,Sul,SC,Joinville,Site próprio,Moda,Produto B,3,1488.75,4466.24,3501.45,1499.94,4.5,4.64
2024,1,2024-01-01,Sul,RS,Porto Alegre,Site próprio,Beleza,Produto D,11,275.3,3028.3,2173.32,1091.56,7.9,2.85
2024,1,2024-01-01,Sul,RS,Caxias do Sul,Marketplace,Eletrônicos,Produto A,21,1398.77,29374.15,20849.57,8524.47,10.0,4.92
2024,2,2024-02-01,Norte,AM,Manaus,Aplicativo,Moda,Produto C,25,1173.85,29346.33,20397.26,9874.39,3.6,4.04
2024,2,2024-02-01,Norte,PA,Belém,Aplicativo,Eletrônicos,Produto D,17,1425.94,24241.02,18201.02,7650.3,5.7,4.98
2024,2,2024-02-01,Norte,PA,Santarém,Marketplace,Beleza,Produto C,29,1198.85,34766.55,20117.18,9070.15,2.8,3.53
2024,2,2024-02-01,Norte,RO,Porto Velho,Site próprio,Moda,Produto D,21,1276.74,26811.64,19627.19,6640.39,6.3,4.06
2024,2,2024-02-01,Norte,TO,Palmas,Site próprio,Beleza,Produto C,5,2387.45,11937.24,8015.44,3177.58,6.5,3.65
2024,2,2024-02-01,Nordeste,BA,Salvador,Aplicativo,Moda,Produto C,16,2331.07,37297.19,22869.42,9052.69,8.8,3.43
2024,2,2024-02-01,Nordeste,BA,Feira de Santana,Marketplace,Eletrônicos,Produto B,13,2063.74,26828.67,17790.45,5883.82,13.6,4.99
2024,2,2024-02-01,Nordeste,PE,Recife,Aplicativo,Esporte,Produto C,17,918.68,15617.6,8654.12,5233.69,8.2,3.06
2024,2,2024-02-01,Nordeste,PE,Jaboatão dos Guararapes,Aplicativo,Casa,Produto C,5,616.51,3082.55,2414.35,1048.54,3.2,3.31
2024,2,2024-02-01,Nordeste,CE,Fortaleza,Site próprio,Beleza,Produto A,12,1719.24,20630.85,13569.14,4457.76,4.2,3.68
2024,2,2024-02-01,Nordeste,CE,Juazeiro do Norte,Site próprio,Casa,Produto D,19,1595.87,30321.52,22664.44,8804.13,7.5,4.2
2024,2,2024-02-01,Nordeste,MA,São Luís,Aplicativo,Eletrônicos,Produto C,14,860.78,12050.96,9025.44,3627.37,4.8,3.84
2024,2,2024-02-01,Nordeste,PB,João Pessoa,Aplicativo,Eletrônicos,Produto C,7,2350.2,16451.37,11301.72,4625.96,5.0,3.83
2024,2,2024-02-01,Centro-Oeste,DF,Brasília,Marketplace,Beleza,Produto C,11,689.39,7583.26,4334.24,3259.53,8.7,3.03
2024,2,2024-02-01,Centro-Oeste,GO,Goiânia,Aplicativo,Beleza,Produto A,23,1479.56,34029.93,25613.43,12343.25,8.2,3.75
2024,2,2024-02-01,Centro-Oeste,GO,Aparecida de Goiânia,Aplicativo,Esporte,Produto A,7,632.67,4428.71,3339.27,1095.0,10.3,3.0
2024,2,2024-02-01,Centro-Oeste,MT,Cuiabá,Marketplace,Esporte,Produto C,21,1449.79,30445.67,21812.8,11225.79,8.0,4.87
2024,2,2024-02-01,Centro-Oeste,MS,Campo Grande,Marketplace,Beleza,Produto D,17,943.11,16032.93,10831.04,7046.86,9.2,4.63
2024,2,2024-02-01,Sudeste,SP,São Paulo,Site próprio,Casa,Produto D,21,1458.75,30633.66,19685.6,9591.19,3.0,3.44
2024,2,2024-02-01,Sudeste,SP,Campinas,Aplicativo,Livros,Produto D,1,1929.33,1929.33,1498.18,471.82,5.6,2.75
2024,2,2024-02-01,Sudeste,SP,Ribeirão Preto,Site próprio,Moda,Produto C,22,505.2,11114.4,7377.11,4273.16,12.4,4.96
2024,2,2024-02-01,Sudeste,RJ,Rio de Janeiro,Aplicativo,Moda,Produto D,2,2158.75,4317.5,2912.49,1161.13,7.5,4.37
2024,2,2024-02-01,Sudeste,RJ,Niterói,Marketplace,Moda,Produto A,23,2292.61,52729.96,33787.61,21202.9,7.2,2.58
2024,2,2024-02-01,Sudeste,RJ,Nova Iguaçu,Aplicativo,Eletrônicos,Produto C,8,1034.24,8273.93,5688.46,1777.72,9.1,3.46
2024,2,2024-02-01,Sudeste,RJ,Petrópolis,Aplicativo,Moda,Produto B,22,61.54,1353.97,1088.93,264.11,6.8,3.38
2024,2,2024-02-01,Sudeste,MG,Belo Horizonte,Marketplace,Eletrônicos,Produto A,6,1885.21,11311.24,7106.32,3902.48,8.4,3.36
2024,2,2024-02-01,Sudeste,MG,Uberlândia,Site próprio,Eletrônicos,Produto A,25,1439.41,35985.13,29197.99,10791.41,3.1,4.7
2024,2,2024-02-01,Sudeste,MG,Juiz de Fora,Aplicativo,Beleza,Produto C,18,878.76,15817.59,11659.12,6284.47,11.1,4.27
2024,2,2024-02-01,Sudeste,ES,Vitória,Marketplace,Eletrônicos,Produto B,28,1979.31,55420.78,34975.11,20461.81,11.3,4.38
2024,2,2024-02-01,Sudeste,ES,Vila Velha,Aplicativo,Livros,Produto D,12,259.62,3115.46,2149.1,865.16,3.9,4.33
2024,2,2024-02-01,Sudeste,ES,Serra,Aplicativo,Casa,Produto C,7,2317.62,16223.33,11259.23,5840.27,8.5,4.62
2024,2,2024-02-01,Sul,PR,Curitiba,Marketplace,Eletrônicos,Produto D,28,921.52,25802.56,14740.97,6775.04,14.3,3.54
2024,2,2024-02-01,Sul,PR,Londrina,Marketplace,Esporte,Produto D,11,1671.39,18385.28,14169.71,4647.78,6.7,4.83
2024,2,2024-02-01,Sul,SC,Florianópolis,Aplicativo,Casa,Produto C,10,1348.26,13482.57,7706.54,6014.94,2.5,3.49
2024,2,2024-02-01,Sul,SC,Joinville,Site próprio,Moda,Produto C,11,333.2,3665.22,2554.36,1166.74,2.4,3.28
2024,2,2024-02-01,Sul,RS,Porto Alegre,Aplicativo,Esporte,Produto C,21,2452.71,51507.0,38767.1,10781.1,5.3,3.95
2024,2,2024-02-01,Sul,RS,Caxias do Sul,Aplicativo,Moda,Produto A,3,572.85,1718.56,1244.66,665.97,6.5,4.69
2024,3,2024-03-01,Norte,AM,Manaus,Site próprio,Moda,Produto D,1,1677.1,1677.1,1363.45,432.71,6.0,4.17
2024,3,2024-03-01,Norte,PA,Belém,Site próprio,Casa,Produto C,16,1033.41,16534.59,10555.02,3353.41,10.9,3.35
2024,3,2024-03-01,Norte,PA,Santarém,Aplicativo,Eletrônicos,Produto A,16,1136.99,18191.87,14598.25,3346.97,14.0,3.83
2024,3,2024-03-01,Norte,RO,Porto Velho,Marketplace,Casa,Produto B,15,372.0,5580.05,4202.61,1242.95,8.3,3.75
2024,3,2024-03-01,Norte,TO,Palmas,Aplicativo,Moda,Produto C,24,662.88,15909.0,10049.94,6701.25,11.6,4.19
2024,3,2024-03-01,Nordeste,BA,Salvador,Aplicativo,Beleza,Produto A,10,1436.0,14360.0,11751.33,3886.2,3.3,2.9
2024,3,2024-03-01,Nordeste,BA,Feira de Santana,Aplicativo,Esporte,Produto C,11,1673.3,18406.28,14856.15,4251.13,9.1,4.97
2024,3,2024-03-01,Nordeste,PE,Recife,Site próprio,Moda,Produto C,5,1252.19,6260.95,4581.23,1914.17,13.0,3.6
2024,3,2024-03-01,Nordeste,PE,Jaboatão dos Guararapes,Aplicativo,Esporte,Produto D,5,1528.05,7640.24,4278.58,3093.41,6.2,4.8
2024,3,2024-03-01,Nordeste,CE,Fortaleza,Marketplace,Eletrônicos,Produto D,26,1829.81,47575.1,37563.29,18470.11,5.4,2.94
2024,3,2024-03-01,Nordeste,CE,Juazeiro do Norte,Site próprio,Beleza,Produto A,27,757.47,20451.7,14496.27,8858.62,4.3,3.1
2024,3,2024-03-01,Nordeste,MA,São Luís,Marketplace,Beleza,Produto C,4,2174.33,8697.31,6516.32,1783.18,6.3,4.11
2024,3,2024-03-01,Nordeste,PB,João Pessoa,Aplicativo,Casa,Produto C,4,2223.21,8892.85,5079.85,3044.03,10.1,3.33
2024,3,2024-03-01,Centro-Oeste,DF,Brasília,Marketplace,Moda,Produto B,21,429.5,9019.59,6461.96,2508.59,5.8,2.86
2024,3,2024-03-01,Centro-Oeste,GO,Goiânia,Site próprio,Livros,Produto C,25,1048.55,26213.68,17184.17,9292.05,5.5,3.47
2024,3,2024-03-01,Centro-Oeste,GO,Aparecida de Goiânia,Site próprio,Esporte,Produto B,29,2369.84,68725.31,54624.02,23050.85,9.2,4.59
2024,3,2024-03-01,Centro-Oeste,MT,Cuiabá,Site próprio,Casa,Produto C,13,2058.42,26759.52,19550.82,5619.73,7.8,4.53
2024,3,2024-03-01,Centro-Oeste,MS,Campo Grande,Aplicativo,Casa,Produto D,18,1575.42,28357.5,19850.35,7966.47,2.6,3.06
2024,3,2024-03-01,Sudeste,SP,São Paulo,Site próprio,Esporte,Produto B,3,2429.96,7289.89,5839.99,3147.49,3.7,3.91
2024,3,2024-03-01,Sudeste,SP,Campinas,Aplicativo,Esporte,Produto B,1,813.73,813.73,523.37,315.79,13.2,4.76
2024,3,2024-03-01,Sudeste,SP,Ribeirão Preto,Marketplace,Livros,Produto C,6,1252.62,7515.73,4868.35,2679.74,14.4,2.85
2024,3,2024-03-01,Sudeste,RJ,Rio de Janeiro,Site próprio,Esporte,Produto C,23,1305.18,30019.15,21186.69,7614.28,3.8,4.32
2024,3,2024-03-01,Sudeste,RJ,Niterói,Site próprio,Beleza,Produto C,14,341.87,4786.13,3365.5,1569.56,10.1,3.91
2024,3,2024-03-01,Sudeste,RJ,Nova Iguaçu,Aplicativo,Casa,Produto A,3,2254.72,6764.17,3960.11,1998.84,14.4,3.62
2024,3,2024-03-01,Sudeste,RJ,Petrópolis,Aplicativo,Beleza,Produto D,12,1771.93,21263.15,13955.04,5193.39,8.7,4.2
2024,3,2024-03-01,Sudeste,MG,Belo Horizonte,Aplicativo,Eletrônicos,Produto D,26,714.66,18581.28,11393.91,3402.09,7.4,3.43
2024,3,2024-03-01,Sudeste,MG,Uberlândia,Site próprio,Esporte,Produto D,18,1764.08,31753.38,24782.62,10132.0,5.0,3.83
2024,3,2024-03-01,Sudeste,MG,Juiz de Fora,Marketplace,Eletrônicos,Produto D,29,2411.82,69942.75,46262.23,18779.95,6.9,4.85
2024,3,2024-03-01,Sudeste,ES,Vitória,Site próprio,Beleza,Produto C,17,2055.23,34938.86,23061.77,6684.84,13.0,4.4
2024,3,2024-03-01,Sudeste,ES,Vila Velha,Marketplace,Beleza,Produto A,13,353.87,4600.36,3497.17,1564.44,11.7,3.65
2024,3,2024-03-01,Sudeste,ES,Serra,Aplicativo,Casa,Produto C,15,1687.49,25312.33,19848.48,8154.92,10.1,3.8
2024,3,2024-03-01,Sul,PR,Curitiba,Aplicativo,Beleza,Produto D,10,1126.34,11263.41,6493.28,3557.14,3.2,4.84
2024,3,2024-03-01,Sul,PR,Londrina,Marketplace,Livros,Produto B,18,2433.48,43802.63,28572.13,12345.88,13.3,4.92
2024,3,2024-03-01,Sul,SC,Florianópolis,Site próprio,Moda,Produto D,29,2026.89,58779.86,35846.04,22448.98,12.5,3.36
2024,3,2024-03-01,Sul,SC,Joinville,Marketplace,Beleza,Produto D,10,1021.01,10210.07,7051.15,2349.24,13.0,3.47
2024,3,2024-03-01,Sul,RS,Porto Alegre,Marketplace,Eletrônicos,Produto B,12,1933.89,23206.64,16563.93,6966.51,13.3,3.88
2024,3,2024-03-01,Sul,RS,Caxias do Sul,Site próprio,Moda,Produto C,8,2219.96,17759.72,11419.47,5133.85,9.9,4.95
2024,4,2024-04-01,Norte,AM,Manaus,Marketplace,Livros,Produto D,2,1678.12,3356.24,2303.52,1442.39,5.3,3.47
2024,4,2024-04-01,Norte,PA,Belém,Site próprio,Moda,Produto D,24,538.13,12915.2,9380.32,3316.72,13.7,3.14
2024,4,2024-04-01,Norte,PA,Santarém,Site próprio,Eletrônicos,Produto A,28,1117.93,31302.03,18963.71,12632.19,14.5,3.96
2024,4,2024-04-01,Norte,RO,Porto Velho,Aplicativo,Livros,Produto A,13,2427.79,31561.21,25362.55,11833.46,11.4,4.91
2024,4,2024-04-01,Norte,TO,Palmas,Marketplace,Livros,Produto D,22,338.11,7438.52,4879.3,2582.5,11.0,2.97
2024,4,2024-04-01,Nordeste,BA,Salvador,Marketplace,Casa,Produto C,4,575.27,2301.08,1732.04,618.19,9.1,2.9
2024,4,2024-04-01,Nordeste,BA,Feira de Santana,Aplicativo,Moda,Produto D,21,429.27,9014.58,6381.32,3602.19,11.8,3.83
2024,4,2024-04-01,Nordeste,PE,Recife,Site próprio,Eletrônicos,Produto B,22,578.92,12736.23,7720.28,4070.88,8.0,4.39
2024,4,2024-04-01,Nordeste,PE,Jaboatão dos Guararapes,Site próprio,Beleza,Produto B,29,1240.78,35982.52,24649.81,7824.31,9.1,4.81
2024,4,2024-04-01,Nordeste,CE,Fortaleza,Site próprio,Moda,Produto C,1,2430.95,2430.95,1459.53,770.7,13.4,3.0
2024,4,2024-04-01,Nordeste,CE,Juazeiro do Norte,Marketplace,Esporte,Produto B,2,785.7,1571.41,1174.26,611.17,12.0,4.27
2024,4,2024-04-01,Nordeste,MA,São Luís,Aplicativo,Beleza,Produto A,26,849.81,22095.05,15233.77,8225.93,4.1,4.05
2024,4,2024-04-01,Nordeste,PB,João Pessoa,Marketplace,Eletrônicos,Produto C,12,1892.6,22711.21,12857.82,6141.48,13.2,4.72
2024,4,2024-04-01,Centro-Oeste,DF,Brasília,Site próprio,Casa,Produto A,28,693.68,19423.07,15054.76,4840.76,9.3,4.43
2024,4,2024-04-01,Centro-Oeste,GO,Goiânia,Site próprio,Esporte,Produto A,16,1892.13,30274.1,18393.8,11793.12,9.2,2.99
2024,4,2024-04-01,Centro-Oeste,GO,Aparecida de Goiânia,Site próprio,Moda,Produto C,25,2157.96,53948.93,36774.98,16721.91,7.0,4.81
2024,4,2024-04-01,Centro-Oeste,MT,Cuiabá,Marketplace,Livros,Produto B,23,2417.71,55607.39,41289.78,22364.04,9.7,3.97
2024,4,2024-04-01,Centro-Oeste,MS,Campo Grande,Marketplace,Eletrônicos,Produto C,26,2083.75,54177.59,43261.0,22878.72,10.5,4.0
2024,4,2024-04-01,Sudeste,SP,São Paulo,Marketplace,Livros,Produto C,11,2375.06,26125.71,18374.99,7608.09,11.8,4.85
2024,4,2024-04-01,Sudeste,SP,Campinas,Aplicativo,Casa,Produto C,6,985.04,5910.27,3974.31,2463.36,10.2,3.29
2024,4,2024-04-01,Sudeste,SP,Ribeirão Preto,Aplicativo,Beleza,Produto B,2,2238.08,4476.16,3174.06,1998.84,10.2,2.97
2024,4,2024-04-01,Sudeste,RJ,Rio de Janeiro,Aplicativo,Casa,Produto B,20,861.4,17227.97,10063.63,7102.86,13.9,3.39
2024,4,2024-04-01,Sudeste,RJ,Niterói,Aplicativo,Casa,Produto D,17,993.76,16893.93,13369.48,4507.87,12.3,3.28
2024,4,2024-04-01,Sudeste,RJ,Nova Iguaçu,Aplicativo,Moda,Produto C,22,546.58,12024.68,9859.34,2684.47,4.2,3.49
2024,4,2024-04-01,Sudeste,RJ,Petrópolis,Aplicativo,Beleza,Produto B,16,926.39,14822.16,9300.8,3270.45,5.0,4.14
2024,4,2024-04-01,Sudeste,MG,Belo Horizonte,Site próprio,Casa,Produto C,9,146.29,1316.6,974.89,415.47,8.8,2.59
2024,4,2024-04-01,Sudeste,MG,Uberlândia,Aplicativo,Livros,Produto B,20,699.36,13987.17,11219.82,3054.92,10.2,4.63
2024,4,2024-04-01,Sudeste,MG,Juiz de Fora,Aplicativo,Esporte,Produto A,8,1454.24,11633.9,7742.18,3071.25,3.5,2.72
2024,4,2024-04-01,Sudeste,ES,Vitória,Aplicativo,Beleza,Produto C,14,2100.81,29411.34,18661.88,9313.99,6.8,3.94
2024,4,2024-04-01,Sudeste,ES,Vila Velha,Site próprio,Beleza,Produto A,13,1914.82,24892.67,16039.11,10331.94,7.9,2.72
2024,4,2024-04-01,Sudeste,ES,Serra,Site próprio,Moda,Produto B,20,383.86,7677.25,5025.35,1828.66,12.2,4.13
2024,4,2024-04-01,Sul,PR,Curitiba,Site próprio,Livros,Produto A,23,2120.87,48780.02,37192.96,19378.09,3.5,4.23
2024,4,2024-04-01,Sul,PR,Londrina,Site próprio,Casa,Produto C,8,1435.91,11487.28,7904.5,2898.47,2.8,4.3
2024,4,2024-04-01,Sul,SC,Florianópolis,Site próprio,Livros,Produto B,10,2187.27,21872.75,13361.53,7710.33,12.9,4.59
2024,4,2024-04-01,Sul,SC,Joinville,Site próprio,Esporte,Produto C,9,904.04,8136.4,5212.8,2005.05,9.0,3.33
2024,4,2024-04-01,Sul,RS,Porto Alegre,Site próprio,Esporte,Produto C,22,1228.35,27023.65,18142.99,7846.42,13.4,2.85
2024,4,2024-04-01,Sul,RS,Caxias do Sul,Aplicativo,Livros,Produto A,9,1110.37,9993.3,7915.94,3588.6,11.8,2.52
2024,5,2024-05-01,Norte,AM,Manaus,Marketplace,Eletrônicos,Produto A,15,1268.08,19021.26,14147.16,7887.66,11.5,3.97
2024,5,2024-05-01,Norte,PA,Belém,Aplicativo,Livros,Produto C,15,893.34,13400.15,10232.9,2862.97,9.3,4.26
2024,5,2024-05-01,Norte,PA,Santarém,Site próprio,Eletrônicos,Produto C,4,360.07,1440.27,1099.88,376.3,9.2,4.61
2024,5,2024-05-01,Norte,RO,Porto Velho,Marketplace,Eletrônicos,Produto B,25,2324.62,58115.46,33574.94,18320.55,4.4,2.59
2024,5,2024-05-01,Norte,TO,Palmas,Site próprio,Esporte,Produto B,4,2471.16,9884.66,8096.06,2542.52,14.2,2.57
2024,5,2024-05-01,Nordeste,BA,Salvador,Aplicativo,Esporte,Produto A,21,413.82,8690.19,6449.75,2540.98,9.7,4.33
2024,5,2024-05-01,Nordeste,BA,Feira de Santana,Aplicativo,Eletrônicos,Produto B,10,771.43,7714.32,5144.03,2995.28,6.0,3.14
2024,5,2024-05-01,Nordeste,PE,Recife,Marketplace,Beleza,Produto C,10,547.65,5476.48,3185.89,1980.59,10.7,3.52
2024,5,2024-05-01,Nordeste,PE,Jaboatão dos Guararapes,Marketplace,Casa,Produto D,23,361.78,8321.03,5747.56,2799.45,8.2,4.82
2024,5,2024-05-01,Nordeste,CE,Fortaleza,Aplicativo,Beleza,Produto A,17,130.2,2213.44,1383.32,414.24,11.8,4.87
2024,5,2024-05-01,Nordeste,CE,Juazeiro do Norte,Aplicativo,Esporte,Produto B,16,73.91,1182.64,786.89,241.29,6.1,4.87
2024,5,2024-05-01,Nordeste,MA,São Luís,Aplicativo,Casa,Produto B,14,2235.89,31302.46,20072.72,6715.35,9.4,4.73
2024,5,2024-05-01,Nordeste,PB,João Pessoa,Site próprio,Livros,Produto A,24,1558.62,37406.87,27356.55,6740.97,11.3,4.24
2024,5,2024-05-01,Centro-Oeste,DF,Brasília,Marketplace,Eletrônicos,Produto A,4,2359.47,9437.89,5419.91,3516.35,12.5,2.84
2024,5,2024-05-01,Centro-Oeste,GO,Goiânia,Aplicativo,Eletrônicos,Produto D,18,659.11,11864.01,7905.83,3470.44,8.1,4.7
2024,5,2024-05-01,Centro-Oeste,GO,Aparecida de Goiânia,Site próprio,Eletrônicos,Produto A,25,979.48,24487.04,18244.77,9773.32,14.9,3.54
2024,5,2024-05-01,Centro-Oeste,MT,Cuiabá,Marketplace,Eletrônicos,Produto D,19,1237.39,23510.41,15745.9,5015.78,13.4,2.84
2024,5,2024-05-01,Centro-Oeste,MS,Campo Grande,Aplicativo,Livros,Produto D,16,2460.02,39360.36,30786.66,17366.62,14.3,4.81
2024,5,2024-05-01,Sudeste,SP,São Paulo,Site próprio,Eletrônicos,Produto C,6,1011.88,6071.29,4491.84,1454.45,3.3,3.09
2024,5,2024-05-01,Sudeste,SP,Campinas,Marketplace,Beleza,Produto A,18,322.04,5796.64,3277.07,2209.31,14.4,3.66
2024,5,2024-05-01,Sudeste,SP,Ribeirão Preto,Site próprio,Livros,Produto D,15,1783.41,26751.14,19403.8,7954.43,6.0,3.17
2024,5,2024-05-01,Sudeste,RJ,Rio de Janeiro,Marketplace,Livros,Produto A,6,1327.85,7967.11,4437.78,2030.99,5.6,3.5
2024,5,2024-05-01,Sudeste,RJ,Niterói,Aplicativo,Moda,Produto A,9,2495.4,22458.62,18040.02,8149.72,7.9,4.82
2024,5,2024-05-01,Sudeste,RJ,Nova Iguaçu,Aplicativo,Casa,Produto C,5,1701.87,8509.37,6778.94,2609.18,7.1,4.61
2024,5,2024-05-01,Sudeste,RJ,Petrópolis,Aplicativo,Beleza,Produto C,12,1192.64,14311.7,11476.75,3367.43,5.8,4.21
2024,5,2024-05-01,Sudeste,MG,Belo Horizonte,Site próprio,Beleza,Produto A,28,1221.03,34188.87,23273.38,6400.25,10.0,3.06
2024,5,2024-05-01,Sudeste,MG,Uberlândia,Aplicativo,Moda,Produto D,5,2231.21,11156.03,6473.04,2038.86,11.2,3.96
2024,5,2024-05-01,Sudeste,MG,Juiz de Fora,Marketplace,Eletrônicos,Produto C,13,2451.2,31865.64,23452.99,10730.44,10.4,3.44
2024,5,2024-05-01,Sudeste,ES,Vitória,Site próprio,Eletrônicos,Produto A,17,1636.39,27818.64,19445.01,8384.06,2.3,3.25
2024,5,2024-05-01,Sudeste,ES,Vila Velha,Site próprio,Casa,Produto B,17,971.08,16508.39,11772.52,4908.12,6.5,2.97
2024,5,2024-05-01,Sudeste,ES,Serra,Aplicativo,Livros,Produto C,23,2282.46,52496.56,31041.29,15505.62,12.2,3.35
2024,5,2024-05-01,Sul,PR,Curitiba,Aplicativo,Esporte,Produto B,12,183.49,2201.91,1258.78,414.51,13.4,4.26
2024,5,2024-05-01,Sul,PR,Londrina,Aplicativo,Beleza,Produto D,26,1602.89,41675.22,23745.63,17902.88,4.4,4.06
2024,5,2024-05-01,Sul,SC,Florianópolis,Marketplace,Casa,Produto B,5,2229.14,11145.7,6269.77,3880.78,6.9,3.62
2024,5,2024-05-01,Sul,SC,Joinville,Site próprio,Moda,Produto A,2,1329.66,2659.32,1961.57,967.18,11.7,3.61
2024,5,2024-05-01,Sul,RS,Porto Alegre,Marketplace,Beleza,Produto A,3,905.82,2717.47,1982.89,503.81,8.5,3.28
2024,5,2024-05-01,Sul,RS,Caxias do Sul,Aplicativo,Livros,Produto B,15,1479.71,22195.63,12330.48,6395.36,3.8,3.84
2024,6,2024-06-01,Norte,AM,Manaus,Aplicativo,Esporte,Produto D,10,444.06,4440.55,3573.34,804.38,12.5,2.62
2024,6,2024-06-01,Norte,PA,Belém,Marketplace,Eletrônicos,Produto C,17,231.66,3938.21,2425.59,900.07,2.6,4.87
2024,6,2024-06-01,Norte,PA,Santarém,Marketplace,Moda,Produto D,5,2435.57,12177.84,8855.04,3430.37,5.7,3.91
2024,6,2024-06-01,Norte,RO,Porto Velho,Aplicativo,Livros,Produto D,16,693.07,11089.16,8732.68,2732.71,5.8,3.56
2024,6,2024-06-01,Norte,TO,Palmas,Site próprio,Moda,Produto D,11,269.71,2966.81,1836.53,828.46,6.3,3.5
2024,6,2024-06-01,Nordeste,BA,Salvador,Aplicativo,Eletrônicos,Produto C,23,330.43,7599.95,5851.12,3267.72,2.8,4.92
2024,6,2024-06-01,Nordeste,BA,Feira de Santana,Site próprio,Beleza,Produto A,5,188.38,941.9,658.86,305.28,13.1,3.17
2024,6,2024-06-01,Nordeste,PE,Recife,Marketplace,Moda,Produto B,20,2115.35,42307.05,23717.81,15565.01,8.4,2.75
2024,6,2024-06-01,Nordeste,PE,Jaboatão dos Guararapes,Aplicativo,Esporte,Produto B,1,1605.4,1605.4,1059.17,515.64,10.6,3.22
2024,6,2024-06-01,Nordeste,CE,Fortaleza,Marketplace,Eletrônicos,Produto D,4,1997.2,7988.8,6264.14,3077.85,4.1,2.71
2024,6,2024-06-01,Nordeste,CE,Juazeiro do Norte,Aplicativo,Casa,Produto D,9,126.29,1136.62,833.22,481.2,3.9,3.75
2024,6,2024-06-01,Nordeste,MA,São Luís,Marketplace,Esporte,Produto A,26,1147.94,29846.56,21639.22,5980.01,10.0,4.53
2024,6,2024-06-01,Nordeste,PB,João Pessoa,Marketplace,Casa,Produto B,29,1750.54,50765.72,34765.27,11846.04,11.6,4.52
2024,6,2024-06-01,Centro-Oeste,DF,Brasília,Marketplace,Casa,Produto C,1,1856.79,1856.79,1265.49,676.52,14.8,4.83
2024,6,2024-06-01,Centro-Oeste,GO,Goiânia,Site próprio,Eletrônicos,Produto D,2,544.07,1088.14,641.04,388.19,11.2,3.66
2024,6,2024-06-01,Centro-Oeste,GO,Aparecida de Goiânia,Marketplace,Casa,Produto C,17,850.04,14450.76,11673.14,3107.59,13.3,4.45
2024,6,2024-06-01,Centro-Oeste,MT,Cuiabá,Aplicativo,Eletrônicos,Produto B,15,2150.7,32260.44,20961.23,11894.19,10.3,2.99
2024,6,2024-06-01,Centro-Oeste,MS,Campo Grande,Marketplace,Livros,Produto C,29,1424.39,41307.19,27001.0,11434.2,4.9,3.67
2024,6,2024-06-01,Sudeste,SP,São Paulo,Marketplace,Moda,Produto A,20,503.69,10073.81,7258.48,4212.81,13.4,3.04
2024,6,2024-06-01,Sudeste,SP,Campinas,Aplicativo,Livros,Produto B,15,270.17,4052.48,3206.01,1786.87,11.5,3.71
2024,6,2024-06-01,Sudeste,SP,Ribeirão Preto,Aplicativo,Moda,Produto C,27,1697.85,45842.04,28736.64,20411.52,9.0,4.97
2024,6,2024-06-01,Sudeste,RJ,Rio de Janeiro,Marketplace,Livros,Produto D,10,1215.24,12152.44,8430.03,3995.75,10.4,3.04
2024,6,2024-06-01,Sudeste,RJ,Niterói,Aplicativo,Beleza,Produto B,4,794.65,3178.59,2351.12,939.05,12.6,2.51
2024,6,2024-06-01,Sudeste,RJ,Nova Iguaçu,Site próprio,Livros,Produto B,10,1138.63,11386.33,8180.75,2972.39,4.3,3.91
2024,6,2024-06-01,Sudeste,RJ,Petrópolis,Aplicativo,Esporte,Produto A,2,2111.76,4223.52,3331.34,881.49,7.0,4.18
2024,6,2024-06-01,Sudeste,MG,Belo Horizonte,Marketplace,Moda,Produto D,1,1441.7,1441.7,968.27,361.23,10.2,4.14
2024,6,2024-06-01,Sudeste,MG,Uberlândia,Site próprio,Eletrônicos,Produto D,11,1850.75,20358.28,11454.22,8480.78,14.7,4.12
2024,6,2024-06-01,Sudeste,MG,Juiz de Fora,Aplicativo,Livros,Produto A,23,1736.98,39950.45,23825.95,17425.6,13.0,4.52
2024,6,2024-06-01,Sudeste,ES,Vitória,Site próprio,Moda,Produto D,8,1348.64,10789.14,8212.47,3546.14,9.7,3.61
2024,6,2024-06-01,Sudeste,ES,Vila Velha,Aplicativo,Moda,Produto B,6,384.83,2308.97,1760.27,899.77,9.2,3.49
2024,6,2024-06-01,Sudeste,ES,Serra,Marketplace,Livros,Produto D,24,900.2,21604.85,16238.78,8583.98,2.6,3.06
2024,6,2024-06-01,Sul,PR,Curitiba,Aplicativo,Beleza,Produto D,26,676.34,17584.95,11009.9,4899.73,14.5,3.52
2024,6,2024-06-01,Sul,PR,Londrina,Site próprio,Esporte,Produto C,14,1425.03,19950.48,12504.26,5696.61,6.6,2.66
2024,6,2024-06-01,Sul,SC,Florianópolis,Marketplace,Livros,Produto A,8,1346.85,10774.8,8427.88,4007.64,3.7,4.2
2024,6,2024-06-01,Sul,SC,Joinville,Site próprio,Beleza,Produto D,16,2157.25,34516.03,25176.93,10066.55,4.6,4.78
2024,6,2024-06-01,Sul,RS,Porto Alegre,Marketplace,Esporte,Produto B,24,1806.9,43365.51,32766.76,11180.81,6.1,4.99
2024,6,2024-06-01,Sul,RS,Caxias do Sul,Site próprio,Livros,Produto A,2,1848.83,3697.65,2405.22,1364.23,7.2,3.56
2024,7,2024-07-01,Norte,AM,Manaus,Site próprio,Livros,Produto D,23,1663.75,38266.23,22390.36,17174.12,12.7,3.62
2024,7,2024-07-01,Norte,PA,Belém,Site próprio,Livros,Produto B,18,436.18,7851.16,4809.32,2964.16,6.7,4.55
2024,7,2024-07-01,Norte,PA,Santarém,Marketplace,Beleza,Produto D,28,1730.44,48452.42,38634.65,21425.68,13.6,3.67
2024,7,2024-07-01,Norte,RO,Porto Velho,Site próprio,Esporte,Produto C,12,2440.77,29289.18,22442.42,7545.46,7.6,4.6
2024,7,2024-07-01,Norte,TO,Palmas,Aplicativo,Eletrônicos,Produto B,16,155.02,2480.26,1576.81,557.54,9.5,3.73
2024,7,2024-07-01,Nordeste,BA,Salvador,Marketplace,Casa,Produto A,28,1744.22,48838.25,30489.06,17359.58,10.7,4.57
2024,7,2024-07-01,Nordeste,BA,Feira de Santana,Aplicativo,Esporte,Produto C,3,598.68,1796.03,1457.74,494.59,9.6,2.51
2024,7,2024-07-01,Nordeste,PE,Recife,Aplicativo,Beleza,Produto A,2,2052.1,4104.21,2913.34,1594.95,11.3,3.31
2024,7,2024-07-01,Nordeste,PE,Jaboatão dos Guararapes,Marketplace,Moda,Produto D,21,533.49,11203.33,6409.78,4638.12,6.7,2.66
2024,7,2024-07-01,Nordeste,CE,Fortaleza,Aplicativo,Moda,Produto D,22,268.28,5902.23,4407.11,1579.0,14.5,4.61
2024,7,2024-07-01,Nordeste,CE,Juazeiro do Norte,Marketplace,Moda,Produto D,23,1023.3,23535.86,15796.78,5987.41,10.9,3.08
2024,7,2024-07-01,Nordeste,MA,São Luís,Aplicativo,Beleza,Produto D,22,699.0,15377.93,10700.07,3882.39,3.3,4.25
2024,7,2024-07-01,Nordeste,PB,João Pessoa,Site próprio,Eletrônicos,Produto A,4,1049.76,4199.05,2687.03,887.91,13.0,4.67
2024,7,2024-07-01,Centro-Oeste,DF,Brasília,Site próprio,Livros,Produto D,6,1374.97,8249.8,5503.37,2143.27,12.0,3.59
2024,7,2024-07-01,Centro-Oeste,GO,Goiânia,Marketplace,Eletrônicos,Produto D,25,2026.29,50657.23,39047.89,14919.55,2.5,3.37
2024,7,2024-07-01,Centro-Oeste,GO,Aparecida de Goiânia,Marketplace,Moda,Produto A,13,289.57,3764.36,2469.05,1047.45,9.0,3.92
2024,7,2024-07-01,Centro-Oeste,MT,Cuiabá,Site próprio,Moda,Produto B,26,191.77,4985.94,3047.81,1607.83,9.0,3.47
2024,7,2024-07-01,Centro-Oeste,MS,Campo Grande,Aplicativo,Moda,Produto C,2,1039.78,2079.57,1413.16,929.07,6.1,3.24
2024,7,2024-07-01,Sudeste,SP,São Paulo,Marketplace,Esporte,Produto C,27,1323.77,35741.82,27742.07,6626.74,10.3,4.98
2024,7,2024-07-01,Sudeste,SP,Campinas,Aplicativo,Moda,Produto A,14,2041.0,28573.99,18050.34,11930.25,4.8,3.03
2024,7,2024-07-01,Sudeste,SP,Ribeirão Preto,Aplicativo,Casa,Produto C,15,1035.95,15539.23,12734.8,3411.38,13.1,4.23
2024,7,2024-07-01,Sudeste,RJ,Rio de Janeiro,Marketplace,Esporte,Produto A,12,1568.52,18822.29,10720.01,8340.04,2.9,3.92
2024,7,2024-07-01,Sudeste,RJ,Niterói,Aplicativo,Beleza,Produto A,18,995.75,17923.55,13155.36,3422.64,10.4,3.16
2024,7,2024-07-01,Sudeste,RJ,Nova Iguaçu,Site próprio,Esporte,Produto D,9,1701.4,15312.59,11672.43,6818.46,10.1,3.82
2024,7,2024-07-01,Sudeste,RJ,Petrópolis,Site próprio,Moda,Produto B,1,1920.87,1920.87,1281.33,541.6,5.2,4.5
2024,7,2024-07-01,Sudeste,MG,Belo Horizonte,Aplicativo,Eletrônicos,Produto D,14,2151.63,30122.82,20733.47,9108.09,6.9,2.8
2024,7,2024-07-01,Sudeste,MG,Uberlândia,Aplicativo,Moda,Produto A,29,1571.64,45577.7,30252.7,14929.34,6.7,4.1
2024,7,2024-07-01,Sudeste,MG,Juiz de Fora,Site próprio,Casa,Produto D,25,2461.33,61533.28,37245.05,15929.32,8.1,4.4
2024,7,2024-07-01,Sudeste,ES,Vitória,Site próprio,Eletrônicos,Produto C,14,1442.01,20188.13,14433.21,7625.12,6.3,4.03
2024,7,2024-07-01,Sudeste,ES,Vila Velha,Marketplace,Beleza,Produto A,8,2408.03,19264.2,14551.86,7191.46,5.9,3.07
2024,7,2024-07-01,Sudeste,ES,Serra,Marketplace,Livros,Produto B,3,2190.31,6570.94,4741.12,2898.85,2.9,3.29
2024,7,2024-07-01,Sul,PR,Curitiba,Marketplace,Moda,Produto D,27,1761.2,47552.49,37656.96,12027.36,14.5,2.83
2024,7,2024-07-01,Sul,PR,Londrina,Marketplace,Casa,Produto B,20,2326.0,46519.93,27297.64,15369.95,4.9,4.72
2024,7,2024-07-01,Sul,SC,Florianópolis,Site próprio,Esporte,Produto A,10,772.25,7722.52,6027.0,2245.5,4.1,3.91
2024,7,2024-07-01,Sul,SC,Joinville,Site próprio,Livros,Produto C,1,2334.46,2334.46,1831.04,441.61,3.5,3.1
2024,7,2024-07-01,Sul,RS,Porto Alegre,Marketplace,Casa,Produto A,14,1998.31,27976.32,21834.56,10970.65,14.4,4.79
2024,7,2024-07-01,Sul,RS,Caxias do Sul,Marketplace,Beleza,Produto C,18,1966.74,35401.32,25767.74,14532.94,14.6,3.49
2024,8,2024-08-01,Norte,AM,Manaus,Aplicativo,Beleza,Produto D,10,1450.84,14508.44,8851.37,5416.95,11.3,4.82
2024,8,2024-08-01,Norte,PA,Belém,Site próprio,Moda,Produto D,29,861.16,24973.62,19980.96,6349.56,13.8,2.85
2024,8,2024-08-01,Norte,PA,Santarém,Site próprio,Eletrônicos,Produto A,25,524.64,13115.93,10166.6,5841.97,2.4,3.95
2024,8,2024-08-01,Norte,RO,Porto Velho,Aplicativo,Beleza,Produto B,22,1014.06,22309.26,15021.65,7998.55,12.7,4.35
2024,8,2024-08-01,Norte,TO,Palmas,Marketplace,Eletrônicos,Produto D,7,1046.66,7326.6,4156.66,1453.96,14.2,2.65
2024,8,2024-08-01,Nordeste,BA,Salvador,Aplicativo,Beleza,Produto C,3,1831.38,5494.14,3759.83,2273.88,13.1,4.35
2024,8,2024-08-01,Nordeste,BA,Feira de Santana,Site próprio,Esporte,Produto B,7,560.62,3924.37,2501.76,850.72,8.4,2.98
2024,8,2024-08-01,Nordeste,PE,Recife,Marketplace,Eletrônicos,Produto C,4,244.62,978.46,658.17,262.33,13.6,4.26
2024,8,2024-08-01,Nordeste,PE,Jaboatão dos Guararapes,Site próprio,Eletrônicos,Produto C,29,1663.88,48252.43,37581.44,9050.25,6.5,2.81
2024,8,2024-08-01,Nordeste,CE,Fortaleza,Aplicativo,Livros,Produto C,29,2254.94,65393.24,39485.11,28313.26,6.5,2.59
2024,8,2024-08-01,Nordeste,CE,Juazeiro do Norte,Marketplace,Eletrônicos,Produto C,26,100.59,2615.46,1582.27,950.09,2.1,4.8
2024,8,2024-08-01,Nordeste,MA,São Luís,Aplicativo,Moda,Produto A,20,2446.59,48931.78,28925.8,12072.6,12.9,3.79
2024,8,2024-08-01,Nordeste,PB,João Pessoa,Aplicativo,Casa,Produto C,28,2268.49,63517.8,47149.18,25540.64,10.6,3.01
2024,8,2024-08-01,Centro-Oeste,DF,Brasília,Aplicativo,Moda,Produto D,12,129.75,1556.97,937.3,657.92,7.7,4.61
2024,8,2024-08-01,Centro-Oeste,GO,Goiânia,Site próprio,Beleza,Produto B,10,1783.38,17833.8,12512.74,4621.87,7.6,3.14
2024,8,2024-08-01,Centro-Oeste,GO,Aparecida de Goiânia,Site próprio,Livros,Produto D,18,2425.54,43659.8,30721.08,15457.32,12.4,3.5
2024,8,2024-08-01,Centro-Oeste,MT,Cuiabá,Marketplace,Eletrônicos,Produto B,23,1984.59,45645.5,28616.89,9215.03,3.7,4.82
2024,8,2024-08-01,Centro-Oeste,MS,Campo Grande,Marketplace,Esporte,Produto C,26,2081.87,54128.65,44086.51,12794.19,4.4,3.39
2024,8,2024-08-01,Sudeste,SP,São Paulo,Marketplace,Eletrônicos,Produto D,21,171.07,3592.43,2654.57,771.3,14.0,2.57
2024,8,2024-08-01,Sudeste,SP,Campinas,Marketplace,Livros,Produto C,15,1436.42,21546.27,13115.02,5936.93,12.6,4.53
2024,8,2024-08-01,Sudeste,SP,Ribeirão Preto,Site próprio,Eletrônicos,Produto B,10,2227.92,22279.16,13717.51,4559.27,9.8,4.62
2024,8,2024-08-01,Sudeste,RJ,Rio de Janeiro,Marketplace,Livros,Produto B,4,1241.99,4967.94,4073.49,1379.13,5.8,2.95
2024,8,2024-08-01,Sudeste,RJ,Niterói,Site próprio,Esporte,Produto C,2,308.93,617.85,445.35,150.84,2.1,4.99
2024,8,2024-08-01,Sudeste,RJ,Nova Iguaçu,Marketplace,Beleza,Produto B,26,1325.81,34471.13,26662.89,7007.5,4.6,3.88
2024,8,2024-08-01,Sudeste,RJ,Petrópolis,Marketplace,Casa,Produto C,2,147.8,295.59,164.49,67.04,12.2,5.0
2024,8,2024-08-01,Sudeste,MG,Belo Horizonte,Marketplace,Beleza,Produto D,3,1094.31,3282.92,2009.83,839.88,8.8,3.3
2024,8,2024-08-01,Sudeste,MG,Uberlândia,Marketplace,Beleza,Produto D,5,1054.33,5271.64,3712.49,1799.58,3.1,4.54
2024,8,2024-08-01,Sudeste,MG,Juiz de Fora,Site próprio,Beleza,Produto D,4,2007.36,8029.44,5311.96,2090.68,5.3,2.9
2024,8,2024-08-01,Sudeste,ES,Vitória,Site próprio,Livros,Produto D,6,2266.19,13597.13,9998.12,5213.64,10.7,2.65
2024,8,2024-08-01,Sudeste,ES,Vila Velha,Aplicativo,Esporte,Produto C,21,2212.82,46469.26,35800.16,9188.34,6.0,3.53
2024,8,2024-08-01,Sudeste,ES,Serra,Site próprio,Livros,Produto C,3,2256.22,6768.66,5374.98,1644.53,9.3,3.39
2024,8,2024-08-01,Sul,PR,Curitiba,Marketplace,Beleza,Produto D,14,810.16,11342.28,6719.49,4773.96,13.9,4.34
2024,8,2024-08-01,Sul,PR,Londrina,Site próprio,Beleza,Produto A,23,1618.67,37229.48,23774.36,9853.77,5.9,3.44
2024,8,2024-08-01,Sul,SC,Florianópolis,Site próprio,Moda,Produto D,27,129.23,3489.3,2556.64,635.96,7.8,3.19
2024,8,2024-08-01,Sul,SC,Joinville,Aplicativo,Moda,Produto A,6,1976.01,11856.07,6980.03,3270.99,12.4,3.6
2024,8,2024-08-01,Sul,RS,Porto Alegre,Aplicativo,Livros,Produto C,6,1328.69,7972.12,4528.14,1897.14,12.9,3.23
2024,8,2024-08-01,Sul,RS,Caxias do Sul,Aplicativo,Esporte,Produto A,22,271.75,5978.57,4713.23,1730.07,9.7,4.11
2024,9,2024-09-01,Norte,AM,Manaus,Aplicativo,Moda,Produto D,22,764.78,16825.16,12272.12,5841.69,15.0,4.9
2024,9,2024-09-01,Norte,PA,Belém,Marketplace,Moda,Produto C,7,606.54,4245.78,3062.94,1681.13,11.3,2.9
2024,9,2024-09-01,Norte,PA,Santarém,Site próprio,Eletrônicos,Produto C,17,2219.38,37729.48,22784.26,15795.39,4.5,3.8
2024,9,2024-09-01,Norte,RO,Porto Velho,Marketplace,Moda,Produto A,22,1549.22,34082.79,18778.64,11504.04,10.1,3.79
2024,9,2024-09-01,Norte,TO,Palmas,Marketplace,Casa,Produto D,8,1105.69,8845.53,5212.1,2657.98,12.5,4.41
2024,9,2024-09-01,Nordeste,BA,Salvador,Site próprio,Esporte,Produto C,18,1524.59,27442.69,19923.9,11207.97,11.7,4.46
2024,9,2024-09-01,Nordeste,BA,Feira de Santana,Aplicativo,Casa,Produto B,9,2044.45,18400.08,11471.42,6118.46,12.5,4.44
2024,9,2024-09-01,Nordeste,PE,Recife,Marketplace,Livros,Produto C,29,1973.85,57241.65,46152.42,17716.17,9.6,4.54
2024,9,2024-09-01,Nordeste,PE,Jaboatão dos Guararapes,Site próprio,Beleza,Produto C,8,1554.26,12434.05,9070.43,5383.96,4.7,4.61
2024,9,2024-09-01,Nordeste,CE,Fortaleza,Marketplace,Beleza,Produto D,27,1539.35,41562.44,26922.65,8652.97,3.4,3.55
2024,9,2024-09-01,Nordeste,CE,Juazeiro do Norte,Marketplace,Casa,Produto B,27,1144.22,30893.87,18531.35,8402.9,5.8,4.07
2024,9,2024-09-01,Nordeste,MA,São Luís,Aplicativo,Moda,Produto B,24,451.62,10838.82,6473.29,2808.46,5.9,4.46
2024,9,2024-09-01,Nordeste,PB,João Pessoa,Marketplace,Esporte,Produto B,2,970.72,1941.45,1233.99,779.64,3.4,3.3
2024,9,2024-09-01,Centro-Oeste,DF,Brasília,Marketplace,Beleza,Produto B,25,346.24,8656.01,5850.25,3764.15,6.9,3.28
2024,9,2024-09-01,Centro-Oeste,GO,Goiânia,Site próprio,Esporte,Produto D,12,383.43,4601.21,3322.22,1684.8,6.8,3.17
2024,9,2024-09-01,Centro-Oeste,GO,Aparecida de Goiânia,Aplicativo,Livros,Produto C,17,794.15,13500.48,8151.75,3996.03,3.0,2.53
2024,9,2024-09-01,Centro-Oeste,MT,Cuiabá,Aplicativo,Livros,Produto D,14,508.74,7122.32,5587.84,2375.74,12.7,2.59
2024,9,2024-09-01,Centro-Oeste,MS,Campo Grande,Marketplace,Eletrônicos,Produto A,1,192.39,192.39,117.75,84.59,6.3,3.44
2024,9,2024-09-01,Sudeste,SP,São Paulo,Site próprio,Livros,Produto C,3,791.33,2373.99,1466.89,770.49,12.6,3.72
2024,9,2024-09-01,Sudeste,SP,Campinas,Marketplace,Livros,Produto D,19,1210.55,23000.48,17525.72,10349.4,10.8,3.41
2024,9,2024-09-01,Sudeste,SP,Ribeirão Preto,Site próprio,Moda,Produto B,10,926.5,9265.01,6469.32,2791.04,5.7,3.6
2024,9,2024-09-01,Sudeste,RJ,Rio de Janeiro,Aplicativo,Esporte,Produto B,10,1110.05,11100.47,6437.2,4423.3,2.9,3.63
2024,9,2024-09-01,Sudeste,RJ,Niterói,Site próprio,Livros,Produto B,5,1682.15,8410.74,4863.38,3389.57,7.2,3.45
2024,9,2024-09-01,Sudeste,RJ,Nova Iguaçu,Site próprio,Moda,Produto B,9,2183.23,19649.1,15581.69,6464.18,10.0,2.98
2024,9,2024-09-01,Sudeste,RJ,Petrópolis,Site próprio,Beleza,Produto C,27,939.14,25356.67,14346.48,6335.29,8.0,4.55
2024,9,2024-09-01,Sudeste,MG,Belo Horizonte,Site próprio,Moda,Produto B,4,2353.88,9415.53,7556.69,1953.87,13.8,3.01
2024,9,2024-09-01,Sudeste,MG,Uberlândia,Marketplace,Beleza,Produto C,18,2131.28,38363.07,25510.19,8578.01,8.7,3.35
2024,9,2024-09-01,Sudeste,MG,Juiz de Fora,Site próprio,Casa,Produto A,21,502.07,10543.42,8189.65,3216.44,13.4,4.42
2024,9,2024-09-01,Sudeste,ES,Vitória,Site próprio,Livros,Produto D,7,303.24,2122.68,1250.61,515.82,3.6,4.9
2024,9,2024-09-01,Sudeste,ES,Vila Velha,Marketplace,Moda,Produto C,23,869.85,20006.61,15354.47,6999.27,3.5,4.44
2024,9,2024-09-01,Sudeste,ES,Serra,Marketplace,Livros,Produto B,24,1582.19,37972.44,24494.27,12256.99,3.4,2.78
2024,9,2024-09-01,Sul,PR,Curitiba,Site próprio,Eletrônicos,Produto D,22,223.6,4919.2,2837.87,2147.56,14.3,2.98
2024,9,2024-09-01,Sul,PR,Londrina,Aplicativo,Eletrônicos,Produto D,20,600.81,12016.13,7869.56,3320.81,9.9,3.11
2024,9,2024-09-01,Sul,SC,Florianópolis,Marketplace,Beleza,Produto A,8,1717.75,13742.0,9966.22,3242.3,4.5,2.91
2024,9,2024-09-01,Sul,SC,Joinville,Site próprio,Esporte,Produto A,21,125.12,2627.44,1566.44,936.26,10.8,2.68
2024,9,2024-09-01,Sul,RS,Porto Alegre,Aplicativo,Beleza,Produto C,20,750.68,15013.51,11562.44,3736.13,3.0,3.69
2024,9,2024-09-01,Sul,RS,Caxias do Sul,Site próprio,Moda,Produto A,13,1005.35,13069.5,9430.19,5066.76,5.5,3.26
2024,10,2024-10-01,Norte,AM,Manaus,Site próprio,Casa,Produto D,3,1123.28,3369.85,2454.63,1040.22,9.7,4.44
2024,10,2024-10-01,Norte,PA,Belém,Marketplace,Casa,Produto D,6,1803.4,10820.42,6652.48,3965.52,14.1,3.48
2024,10,2024-10-01,Norte,PA,Santarém,Aplicativo,Eletrônicos,Produto C,15,249.36,3740.45,2543.06,1142.26,2.3,2.94
2024,10,2024-10-01,Norte,RO,Porto Velho,Marketplace,Livros,Produto D,7,2238.01,15666.06,12740.14,5717.92,14.0,4.77
2024,10,2024-10-01,Norte,TO,Palmas,Site próprio,Moda,Produto D,11,1096.92,12066.11,8040.12,3858.93,11.4,3.84
2024,10,2024-10-01,Nordeste,BA,Salvador,Site próprio,Eletrônicos,Produto A,17,680.48,11568.08,6883.6,2380.75,7.6,2.54
2024,10,2024-10-01,Nordeste,BA,Feira de Santana,Aplicativo,Moda,Produto D,27,1986.52,53635.91,33628.09,21962.98,2.3,3.21
2024,10,2024-10-01,Nordeste,PE,Recife,Site próprio,Moda,Produto D,23,2016.64,46382.68,32170.55,12617.64,12.8,3.73
2024,10,2024-10-01,Nordeste,PE,Jaboatão dos Guararapes,Marketplace,Eletrônicos,Produto C,28,1653.25,46290.99,30887.52,8359.39,5.8,3.21
2024,10,2024-10-01,Nordeste,CE,Fortaleza,Marketplace,Eletrônicos,Produto A,14,378.89,5304.52,3883.91,1967.35,4.7,4.7
2024,10,2024-10-01,Nordeste,CE,Juazeiro do Norte,Marketplace,Esporte,Produto C,11,1191.9,13110.88,10727.79,5471.06,11.3,4.47
2024,10,2024-10-01,Nordeste,MA,São Luís,Site próprio,Beleza,Produto D,11,2056.97,22626.63,16826.98,9897.19,10.7,3.5
2024,10,2024-10-01,Nordeste,PB,João Pessoa,Aplicativo,Moda,Produto A,19,2171.37,41256.11,33703.4,7867.23,8.5,2.66
2024,10,2024-10-01,Centro-Oeste,DF,Brasília,Marketplace,Beleza,Produto D,24,1575.42,37810.2,27189.77,8152.19,10.1,2.95
2024,10,2024-10-01,Centro-Oeste,GO,Goiânia,Site próprio,Casa,Produto C,11,1447.47,15922.22,9816.14,5698.91,2.6,3.37
2024,10,2024-10-01,Centro-Oeste,GO,Aparecida de Goiânia,Marketplace,Eletrônicos,Produto B,18,1312.89,23632.1,18502.0,9801.62,4.5,3.92
2024,10,2024-10-01,Centro-Oeste,MT,Cuiabá,Aplicativo,Casa,Produto B,7,445.84,3120.87,2395.98,1402.17,9.9,3.87
2024,10,2024-10-01,Centro-Oeste,MS,Campo Grande,Aplicativo,Eletrônicos,Produto B,18,1711.36,30804.55,20406.81,13160.72,13.1,3.9
2024,10,2024-10-01,Sudeste,SP,São Paulo,Marketplace,Eletrônicos,Produto A,19,1613.45,30655.51,16937.6,10834.22,9.8,3.59
2024,10,2024-10-01,Sudeste,SP,Campinas,Site próprio,Esporte,Produto A,8,1780.66,14245.24,11498.86,3529.99,8.5,4.84
2024,10,2024-10-01,Sudeste,SP,Ribeirão Preto,Marketplace,Casa,Produto A,27,1106.39,29872.61,21734.71,10816.0,7.9,4.99
2024,10,2024-10-01,Sudeste,RJ,Rio de Janeiro,Aplicativo,Eletrônicos,Produto B,9,1507.28,13565.48,7748.78,5857.47,14.3,3.27
2024,10,2024-10-01,Sudeste,RJ,Niterói,Marketplace,Livros,Produto A,10,1833.15,18331.54,14515.83,4392.34,9.0,4.01
2024,10,2024-10-01,Sudeste,RJ,Nova Iguaçu,Aplicativo,Eletrônicos,Produto A,27,650.24,17556.53,11085.63,5426.29,2.9,2.76
2024,10,2024-10-01,Sudeste,RJ,Petrópolis,Marketplace,Livros,Produto B,11,2126.85,23395.3,15887.66,4767.9,4.2,2.69
2024,10,2024-10-01,Sudeste,MG,Belo Horizonte,Site próprio,Moda,Produto C,3,1641.79,4925.37,3677.35,1583.29,6.6,2.58
2024,10,2024-10-01,Sudeste,MG,Uberlândia,Aplicativo,Beleza,Produto B,17,298.84,5080.25,3252.62,956.2,10.5,4.31
2024,10,2024-10-01,Sudeste,MG,Juiz de Fora,Site próprio,Moda,Produto A,5,289.51,1447.57,937.08,315.88,13.7,3.17
2024,10,2024-10-01,Sudeste,ES,Vitória,Site próprio,Eletrônicos,Produto B,14,1640.12,22961.75,12916.49,8329.28,2.5,4.26
2024,10,2024-10-01,Sudeste,ES,Vila Velha,Marketplace,Beleza,Produto A,15,1984.69,29770.4,18627.52,6115.7,8.2,4.12
2024,10,2024-10-01,Sudeste,ES,Serra,Site próprio,Moda,Produto D,24,1901.62,45638.89,30439.41,9918.76,9.7,3.06
2024,10,2024-10-01,Sul,PR,Curitiba,Marketplace,Esporte,Produto D,2,68.12,136.24,84.9,39.31,14.1,4.44
2024,10,2024-10-01,Sul,PR,Londrina,Marketplace,Livros,Produto B,19,2184.08,41497.46,29333.27,18194.79,9.1,3.64
2024,10,2024-10-01,Sul,SC,Florianópolis,Site próprio,Eletrônicos,Produto A,18,1778.23,32008.1,24247.33,14316.79,9.9,4.92
2024,10,2024-10-01,Sul,SC,Joinville,Aplicativo,Esporte,Produto D,3,802.74,2408.22,1340.61,529.54,13.9,3.41
2024,10,2024-10-01,Sul,RS,Porto Alegre,Aplicativo,Esporte,Produto A,12,901.84,10822.12,7714.2,4825.07,11.1,3.34
2024,10,2024-10-01,Sul,RS,Caxias do Sul,Aplicativo,Livros,Produto D,12,836.16,10033.92,6258.9,2512.09,5.8,2.89
2024,11,2024-11-01,Norte,AM,Manaus,Aplicativo,Moda,Produto C,4,1044.47,4177.88,2965.95,876.53,2.2,4.5
2024,11,2024-11-01,Norte,PA,Belém,Aplicativo,Livros,Produto A,1,1740.2,1740.2,1274.12,535.97,3.5,3.58
2024,11,2024-11-01,Norte,PA,Santarém,Site próprio,Esporte,Produto B,23,2110.16,48533.57,38303.05,17432.25,5.8,3.3
2024,11,2024-11-01,Norte,RO,Porto Velho,Marketplace,Eletrônicos,Produto A,4,678.31,2713.24,1858.22,1008.78,6.0,4.56
2024,11,2024-11-01,Norte,TO,Palmas,Marketplace,Esporte,Produto A,13,382.5,4972.45,2915.81,2108.38,3.2,4.31
2024,11,2024-11-01,Nordeste,BA,Salvador,Aplicativo,Moda,Produto D,14,796.61,11152.53,8959.74,3266.9,9.3,4.77
2024,11,2024-11-01,Nordeste,BA,Feira de Santana,Aplicativo,Livros,Produto A,11,1162.77,12790.43,9281.07,5548.56,4.6,4.71
2024,11,2024-11-01,Nordeste,PE,Recife,Aplicativo,Eletrônicos,Produto D,25,1011.23,25280.65,17197.02,7871.14,12.3,3.73
2024,11,2024-11-01,Nordeste,PE,Jaboatão dos Guararapes,Aplicativo,Eletrônicos,Produto D,3,1014.86,3044.59,2204.11,1248.53,5.7,4.39
2024,11,2024-11-01,Nordeste,CE,Fortaleza,Marketplace,Livros,Produto B,22,2039.79,44875.47,34733.7,15915.83,5.5,4.73
2024,11,2024-11-01,Nordeste,CE,Juazeiro do Norte,Marketplace,Beleza,Produto D,10,1230.93,12309.34,9424.33,4217.34,10.3,3.81
2024,11,2024-11-01,Nordeste,MA,São Luís,Site próprio,Moda,Produto C,9,244.57,2201.14,1231.63,855.18,14.0,3.81
2024,11,2024-11-01,Nordeste,PB,João Pessoa,Marketplace,Casa,Produto B,14,1777.02,24878.34,20014.9,7211.52,6.9,4.03
2024,11,2024-11-01,Centro-Oeste,DF,Brasília,Aplicativo,Casa,Produto A,2,2157.75,4315.49,2674.83,1664.7,2.8,4.17
2024,11,2024-11-01,Centro-Oeste,GO,Goiânia,Marketplace,Moda,Produto C,16,355.09,5681.52,3200.38,1702.63,12.5,3.4
2024,11,2024-11-01,Centro-Oeste,GO,Aparecida de Goiânia,Marketplace,Beleza,Produto C,11,2392.86,26321.42,18903.26,9969.37,9.0,3.75
2024,11,2024-11-01,Centro-Oeste,MT,Cuiabá,Site próprio,Esporte,Produto B,3,256.49,769.47,565.88,240.09,6.2,3.27
2024,11,2024-11-01,Centro-Oeste,MS,Campo Grande,Site próprio,Eletrônicos,Produto B,6,310.12,1860.72,1134.69,473.71,13.4,3.06
2024,11,2024-11-01,Sudeste,SP,São Paulo,Site próprio,Esporte,Produto C,29,2112.59,61265.02,49767.04,24700.59,8.8,2.63
2024,11,2024-11-01,Sudeste,SP,Campinas,Site próprio,Esporte,Produto D,20,1770.57,35411.42,23813.31,10564.15,5.6,4.31
2024,11,2024-11-01,Sudeste,SP,Ribeirão Preto,Marketplace,Moda,Produto D,20,265.59,5311.77,3644.5,2220.45,9.6,3.0
2024,11,2024-11-01,Sudeste,RJ,Rio de Janeiro,Aplicativo,Livros,Produto B,2,372.42,744.83,533.43,223.12,5.9,3.53
2024,11,2024-11-01,Sudeste,RJ,Niterói,Site próprio,Moda,Produto C,9,310.38,2793.38,1997.89,807.38,4.7,4.95
2024,11,2024-11-01,Sudeste,RJ,Nova Iguaçu,Aplicativo,Esporte,Produto B,23,2454.0,56442.08,39136.5,15232.14,2.5,4.57
2024,11,2024-11-01,Sudeste,RJ,Petrópolis,Aplicativo,Beleza,Produto B,13,556.08,7229.09,5357.35,2921.63,7.3,4.2
2024,11,2024-11-01,Sudeste,MG,Belo Horizonte,Marketplace,Eletrônicos,Produto C,4,1114.43,4457.72,2963.25,1049.68,5.6,3.99
2024,11,2024-11-01,Sudeste,MG,Uberlândia,Site próprio,Moda,Produto C,6,2191.05,13146.3,7447.98,5480.68,5.2,2.82
2024,11,2024-11-01,Sudeste,MG,Juiz de Fora,Site próprio,Esporte,Produto D,28,1084.34,30361.45,22941.29,10455.57,9.1,4.48
2024,11,2024-11-01,Sudeste,ES,Vitória,Marketplace,Casa,Produto B,10,133.1,1331.03,843.32,322.03,8.9,4.17
2024,11,2024-11-01,Sudeste,ES,Vila Velha,Site próprio,Esporte,Produto B,19,1859.05,35321.92,23107.17,9686.58,11.4,2.98
2024,11,2024-11-01,Sudeste,ES,Serra,Site próprio,Beleza,Produto C,16,621.97,9951.47,7084.11,3496.84,9.3,3.11
2024,11,2024-11-01,Sul,PR,Curitiba,Site próprio,Esporte,Produto B,17,1629.53,27701.93,19256.16,6951.63,9.4,2.85
2024,11,2024-11-01,Sul,PR,Londrina,Aplicativo,Moda,Produto B,7,104.83,733.84,570.24,190.55,13.6,3.19
2024,11,2024-11-01,Sul,SC,Florianópolis,Site próprio,Eletrônicos,Produto D,18,949.86,17097.41,9752.21,3389.12,5.4,4.77
2024,11,2024-11-01,Sul,SC,Joinville,Marketplace,Livros,Produto A,7,2464.53,17251.73,13993.37,4972.67,5.8,2.65
2024,11,2024-11-01,Sul,RS,Porto Alegre,Aplicativo,Casa,Produto B,8,72.29,578.35,358.13,129.69,11.7,3.28
2024,11,2024-11-01,Sul,RS,Caxias do Sul,Aplicativo,Eletrônicos,Produto C,11,1139.22,12531.39,8253.9,4176.5,9.9,4.44
2024,12,2024-12-01,Norte,AM,Manaus,Aplicativo,Eletrônicos,Produto A,13,1002.43,13031.64,8401.29,4763.85,15.0,3.79
2024,12,2024-12-01,Norte,PA,Belém,Site próprio,Beleza,Produto B,27,1176.55,31766.79,21538.01,14098.58,6.3,3.54
2024,12,2024-12-01,Norte,PA,Santarém,Marketplace,Esporte,Produto A,13,2137.31,27784.99,18016.58,9804.03,6.0,2.54
2024,12,2024-12-01,Norte,RO,Porto Velho,Aplicativo,Esporte,Produto D,11,1065.92,11725.13,9401.36,4525.44,2.4,4.22
2024,12,2024-12-01,Norte,TO,Palmas,Aplicativo,Moda,Produto B,22,1077.76,23710.81,15743.28,6479.42,2.8,2.76
2024,12,2024-12-01,Nordeste,BA,Salvador,Site próprio,Esporte,Produto A,27,1188.76,32096.39,21013.81,8341.44,9.0,4.42
2024,12,2024-12-01,Nordeste,BA,Feira de Santana,Aplicativo,Esporte,Produto A,16,1251.33,20021.31,14477.39,5784.57,12.1,4.74
2024,12,2024-12-01,Nordeste,PE,Recife,Marketplace,Livros,Produto D,10,1382.51,13825.08,8446.96,2983.07,8.4,3.43
2024,12,2024-12-01,Nordeste,PE,Jaboatão dos Guararapes,Site próprio,Moda,Produto A,8,116.59,932.69,605.04,302.25,12.5,4.77
2024,12,2024-12-01,Nordeste,CE,Fortaleza,Marketplace,Beleza,Produto D,10,1388.4,13884.02,10706.03,5277.33,13.3,4.83
2024,12,2024-12-01,Nordeste,CE,Juazeiro do Norte,Site próprio,Beleza,Produto A,23,1076.66,24763.28,17960.0,9980.76,12.8,4.96
2024,12,2024-12-01,Nordeste,MA,São Luís,Aplicativo,Moda,Produto C,17,1196.66,20343.24,13449.04,5208.84,9.1,3.99
2024,12,2024-12-01,Nordeste,PB,João Pessoa,Aplicativo,Esporte,Produto B,6,677.21,4063.28,3301.88,853.86,6.5,4.2
2024,12,2024-12-01,Centro-Oeste,DF,Brasília,Site próprio,Beleza,Produto D,29,1018.67,29541.4,21535.19,6599.09,13.6,2.57
2024,12,2024-12-01,Centro-Oeste,GO,Goiânia,Aplicativo,Moda,Produto D,6,219.11,1314.65,955.55,538.99,4.4,2.67
2024,12,2024-12-01,Centro-Oeste,GO,Aparecida de Goiânia,Aplicativo,Moda,Produto D,20,2024.9,40498.08,25841.52,7311.92,13.7,4.41
2024,12,2024-12-01,Centro-Oeste,MT,Cuiabá,Site próprio,Esporte,Produto C,29,1570.89,45555.73,27090.29,18689.63,10.9,4.57
2024,12,2024-12-01,Centro-Oeste,MS,Campo Grande,Marketplace,Casa,Produto C,27,2286.62,61738.69,48501.13,16771.75,2.9,4.23
2024,12,2024-12-01,Sudeste,SP,São Paulo,Site próprio,Eletrônicos,Produto D,12,1357.27,16287.21,12411.99,6860.21,11.5,2.84
2024,12,2024-12-01,Sudeste,SP,Campinas,Site próprio,Moda,Produto C,20,2321.77,46435.45,36865.77,16561.8,7.4,3.62
2024,12,2024-12-01,Sudeste,SP,Ribeirão Preto,Site próprio,Eletrônicos,Produto B,23,861.02,19803.53,13475.68,3990.8,6.4,3.91
2024,12,2024-12-01,Sudeste,RJ,Rio de Janeiro,Marketplace,Eletrônicos,Produto B,26,1365.27,35497.05,29023.12,7626.89,11.6,4.65
2024,12,2024-12-01,Sudeste,RJ,Niterói,Site próprio,Esporte,Produto C,5,533.46,2667.32,1977.57,489.09,11.3,4.35
2024,12,2024-12-01,Sudeste,RJ,Nova Iguaçu,Marketplace,Moda,Produto B,12,1505.35,18064.22,11316.62,6966.37,3.6,4.2
2024,12,2024-12-01,Sudeste,RJ,Petrópolis,Aplicativo,Casa,Produto A,2,506.58,1013.16,784.43,354.53,5.1,3.58
2024,12,2024-12-01,Sudeste,MG,Belo Horizonte,Site próprio,Livros,Produto C,27,1801.81,48648.92,31287.13,8864.55,12.1,3.56
2024,12,2024-12-01,Sudeste,MG,Uberlândia,Marketplace,Beleza,Produto A,21,1483.4,31151.41,22014.33,7309.48,6.9,4.61
2024,12,2024-12-01,Sudeste,MG,Juiz de Fora,Aplicativo,Moda,Produto D,8,2265.0,18119.99,13599.97,6314.66,4.6,3.17
2024,12,2024-12-01,Sudeste,ES,Vitória,Aplicativo,Moda,Produto B,26,1879.17,48858.43,38614.66,19548.8,4.9,4.32
2024,12,2024-12-01,Sudeste,ES,Vila Velha,Site próprio,Moda,Produto C,17,999.53,16992.07,12351.1,3293.26,8.2,4.95
2024,12,2024-12-01,Sudeste,ES,Serra,Aplicativo,Eletrônicos,Produto D,12,1344.79,16137.5,8927.23,7130.95,4.6,3.88
2024,12,2024-12-01,Sul,PR,Curitiba,Site próprio,Livros,Produto B,4,588.92,2355.7,1464.21,777.95,9.2,3.94
2024,12,2024-12-01,Sul,PR,Londrina,Site próprio,Beleza,Produto D,26,760.86,19782.41,12783.97,7933.47,7.4,2.68
2024,12,2024-12-01,Sul,SC,Florianópolis,Aplicativo,Beleza,Produto A,24,2418.36,58040.61,45259.41,22775.4,10.7,4.7
2024,12,2024-12-01,Sul,SC,Joinville,Site próprio,Beleza,Produto A,6,779.24,4675.44,3685.45,1081.91,11.4,3.91
2024,12,2024-12-01,Sul,RS,Porto Alegre,Marketplace,Esporte,Produto A,21,1778.44,37347.27,28089.0,10297.98,2.7,2.92
2024,12,2024-12-01,Sul,RS,Caxias do Sul,Site próprio,Casa,Produto C,29,159.36,4621.4,3038.47,1333.15,13.1,4.45
